content_id,date,platform,topic,format,hook,caption_style,video_length_sec,impressions,followers_before,likes,comments,shares,saves,retention_rate,followers_gained,engagement_rate_pct,save_to_share_ratio,viral_coefficient,viral_score,viral_label
C01622,2026-01-01,YouTube,College Life,Short,Visual,Confession,25,33580,182745,1014,76,104,93,0.542,47,3.833,0.894,3.3323,0.05676402620607505,Non-Viral
C04691,2026-01-01,Instagram,Self-Doubt,Long,Text,Question,71,162480,33050,4283,559,279,615,0.574,336,3.53,2.204,3.1062,0.05982429837518464,Non-Viral
C03191,2026-01-01,Instagram,Family Pressure,Short,Text,Question,26,163921,168130,6798,847,1520,1136,0.573,307,6.284,0.747,7.0165,0.06432686049987493,Non-Viral
C04111,2026-01-01,YouTube,Social Anxiety,Long,Visual,List,15,78345,136683,1996,303,493,406,0.506,146,4.082,0.824,4.7782,0.05556649435190504,Non-Viral
C03674,2026-01-01,Instagram,Friendship,Short,Text,List,48,108505,75209,2632,239,632,248,0.483,231,3.457,0.392,3.7478,0.05193715957789964,Non-Viral
C02259,2026-01-01,Instagram,Family Pressure,Short,Visual,Question,34,133997,102250,5598,764,354,985,0.484,351,5.747,2.782,5.2068,0.05264934886601939,Non-Viral
C01409,2026-01-01,Instagram,College Life,Short,Text,Confession,22,127655,26730,6261,179,621,199,0.52,270,5.687,0.32,4.4338,0.05486710273784811,Non-Viral
C02316,2026-01-01,Instagram,Friendship,Short,Text,Advice,27,82429,121223,2835,120,191,88,0.393,147,3.923,0.461,2.8467,0.040881360928799335,Non-Viral
C01482,2026-01-01,Instagram,Social Anxiety,Short,Text,List,20,62488,216412,6628,267,737,854,0.634,120,13.58,1.159,12.2159,0.07344832927922161,Viral
C01996,2026-01-01,Instagram,College Life,Long,Visual,Confession,36,102470,132378,5646,714,474,335,0.386,246,6.996,0.707,5.8417,0.04270754367131844,Non-Viral
C01739,2026-01-01,Instagram,Career Stress,Short,Text,Advice,17,123274,233568,3236,231,245,227,0.484,102,3.195,0.927,2.5581,0.05012785826695004,Non-Viral
C04627,2026-01-01,Instagram,Burnout,Long,Text,Confession,19,128456,17539,4739,145,807,454,0.463,200,4.784,0.563,4.6055,0.05035664196300679,Non-Viral
C01949,2026-01-01,Instagram,Dating,Short,Visual,Confession,31,141992,58152,18349,2088,2879,1136,0.702,527,17.221,0.395,16.3499,0.08392999887317595,Viral
C02442,2026-01-01,Instagram,Family Pressure,Short,Visual,Question,34,174764,47894,11177,1902,1344,1012,0.52,694,8.832,0.753,8.2955,0.0588303540774988,Non-Viral
C01488,2026-01-01,Instagram,Career Stress,Long,Text,Question,58,6966,184935,241,13,30,25,0.44,5,4.436,0.833,4.0195,0.04729457364341086,Non-Viral
C01913,2026-01-01,YouTube,Career Stress,Long,Visual,Story,20,20039,189370,1254,129,94,155,0.35,55,8.144,1.649,7.0488,0.04039697589700084,Non-Viral
C04055,2026-01-02,Instagram,Social Anxiety,Short,Visual,Confession,26,18904,12677,908,123,169,78,0.733,46,6.76,0.462,6.8848,0.07953677528565384,Viral
C00773,2026-01-02,Instagram,Family Pressure,Short,Text,Story,21,160456,126802,8791,1691,856,1436,0.506,221,7.961,1.678,7.7105,0.05726631350650646,Non-Viral
C01279,2026-01-02,YouTube,Career Stress,Short,Text,Advice,47,19641,203773,660,66,129,87,0.538,21,4.796,0.674,5.0405,0.058588452726439595,Non-Viral
C03234,2026-01-02,YouTube,Dating,Short,Text,Question,32,157784,129098,8624,401,726,617,0.528,276,6.571,0.85,5.2765,0.05642489225777012,Non-Viral
C00104,2026-01-02,YouTube,Burnout,Long,Visual,Confession,34,57595,142667,2688,132,471,267,0.602,139,6.178,0.567,6.0578,0.06561453251150273,Non-Viral
C00845,2026-01-02,Instagram,Family Pressure,Short,Text,Story,26,115500,28816,12890,610,1105,1495,0.418,222,13.939,1.353,11.8312,0.05078051948051948,Non-Viral
C00846,2026-01-02,YouTube,Family Pressure,Long,Visual,Confession,25,157890,55426,6705,955,524,1073,0.487,384,5.863,2.048,5.3854,0.05313948318449553,Non-Viral
C02789,2026-01-02,Instagram,Dating,Long,Text,Story,40,4482,237276,328,29,38,46,0.408,20,9.839,1.211,9.2258,0.048664792503346724,Non-Viral
C01190,2026-01-02,Instagram,Social Anxiety,Short,Visual,List,43,71869,14217,4513,351,693,238,0.651,118,8.063,0.343,7.4274,0.07116520196468576,Viral
C00707,2026-01-02,Instagram,College Life,Long,Text,Advice,30,21874,5341,925,87,103,48,0.487,13,5.317,0.466,4.5625,0.05207386851970376,Non-Viral
C00465,2026-01-02,Instagram,Dating,Short,Text,Confession,38,90039,224182,9764,831,873,1052,0.464,352,13.905,1.205,12.052,0.05565265718188785,Non-Viral
C01237,2026-01-02,Instagram,Dating,Short,Text,Advice,44,86724,152061,7293,510,919,396,0.408,100,10.514,0.431,9.1791,0.04782054794520548,Non-Viral
C04885,2026-01-02,Instagram,Self-Doubt,Long,Visual,Story,10,119322,229385,12710,963,1669,600,0.542,267,13.36,0.359,11.7384,0.0632134258560869,Non-Viral
C04361,2026-01-02,Instagram,Self-Doubt,Short,Text,Story,45,123371,85066,6171,369,1102,1241,0.494,218,7.2,1.126,7.6412,0.0568859569915134,Non-Viral
C03217,2026-01-02,YouTube,Career Stress,Long,Text,List,45,161304,228262,3632,173,777,582,0.341,80,3.201,0.749,3.4534,0.03751095075137629,Non-Viral
C00575,2026-01-02,YouTube,College Life,Long,Visual,Confession,30,169296,97771,13630,1292,2016,644,0.366,736,10.385,0.319,9.5035,0.04424459880918628,Non-Viral
C00381,2026-01-02,Instagram,Social Anxiety,Long,Visual,Question,26,90937,187535,7913,1009,935,592,0.384,495,11.49,0.633,10.4017,0.04664416904010469,Non-Viral
C01550,2026-01-02,YouTube,Career Stress,Short,Visual,Confession,36,135838,114332,6230,922,880,468,0.517,360,6.257,0.532,5.9438,0.056666945920876344,Non-Viral
C02646,2026-01-02,YouTube,Burnout,Long,Visual,Confession,30,103960,26660,3363,307,249,347,0.44,141,4.104,1.394,3.4465,0.04652212389380531,Non-Viral
C02401,2026-01-02,Instagram,Friendship,Short,Text,Advice,40,70598,246559,5151,237,200,664,0.556,265,8.856,3.32,6.8826,0.06019998866823424,Non-Viral
C02202,2026-01-02,Instagram,Self-Doubt,Long,Visual,Question,33,54913,36195,4553,339,233,662,0.567,256,10.538,2.841,8.7557,0.06315202411086628,Non-Viral
C00901,2026-01-02,Instagram,College Life,Short,Visual,Story,31,77974,90118,8127,291,573,467,0.659,258,12.13,0.815,9.1736,0.07156342627029523,Viral
C01294,2026-01-02,Instagram,Career Stress,Short,Text,Advice,44,84906,122960,3163,185,540,410,0.448,60,5.062,0.759,5.0632,0.049437481450074205,Non-Viral
C04598,2026-01-02,Instagram,Social Anxiety,Short,Visual,Story,50,123252,116944,6243,757,878,1118,0.63,432,7.299,1.273,7.4052,0.06984816473566352,Viral
C02628,2026-01-02,Instagram,College Life,Short,Text,Question,36,8924,127255,299,30,41,37,0.526,13,4.561,0.902,4.387,0.05641555356342448,Non-Viral
C04689,2026-01-02,Instagram,Self-Doubt,Long,Visual,Question,37,39848,110357,2089,234,276,75,0.518,119,6.71,0.272,5.9564,0.05636233688014455,Non-Viral
C03399,2026-01-02,Instagram,Burnout,Short,Text,Advice,45,118898,20150,5596,183,527,329,0.443,293,5.58,0.624,4.4673,0.04735556022809467,Non-Viral
C00303,2026-01-03,Instagram,Family Pressure,Short,Text,Story,25,150236,150643,7267,528,413,896,0.544,114,6.06,2.169,4.9632,0.057953409302697094,Non-Viral
C04768,2026-01-03,Instagram,Career Stress,Short,Visual,Confession,59,56976,95262,3098,303,606,547,0.581,190,7.993,0.903,8.6273,0.0665640901432182,Viral
C03822,2026-01-03,Instagram,Career Stress,Long,Text,Confession,46,18603,68315,920,86,164,56,0.464,27,6.59,0.341,6.4129,0.05196361877116595,Non-Viral
C01807,2026-01-03,Instagram,Self-Doubt,Short,Text,Confession,11,102620,229872,10773,815,764,593,0.573,135,12.615,0.776,9.8295,0.06357509257454687,Non-Viral
C03725,2026-01-03,Instagram,Social Anxiety,Long,Visual,Confession,34,26581,182093,2830,195,386,116,0.567,58,13.269,0.301,11.6531,0.06564435875249239,Non-Viral
C04131,2026-01-03,YouTube,College Life,Long,Visual,Question,47,86493,64138,5335,274,580,841,0.494,150,8.128,1.45,7.5156,0.0558097672644029,Non-Viral
C02443,2026-01-03,Instagram,Career Stress,Short,Text,Story,25,10858,217606,651,69,64,20,0.615,27,7.405,0.312,6.0877,0.06565822435070916,Non-Viral
C03904,2026-01-03,Instagram,Career Stress,Short,Text,Story,30,157486,19438,9646,1240,1423,1483,0.494,450,8.758,1.042,8.8376,0.05747214609552595,Non-Viral
C01532,2026-01-03,Instagram,College Life,Short,Visual,Advice,51,18607,240714,625,52,79,48,0.713,25,4.321,0.608,3.8883,0.07440367066157898,Viral
C04393,2026-01-03,Instagram,Family Pressure,Short,Visual,Question,55,13570,122739,1389,106,148,177,0.571,44,13.412,1.196,12.1702,0.06709263080324245,Viral
C04788,2026-01-03,Instagram,College Life,Long,Text,Question,23,34771,240354,2324,68,127,207,0.351,62,7.84,1.63,5.9216,0.03882293002789681,Non-Viral
C01070,2026-01-03,Instagram,Social Anxiety,Short,Visual,List,50,97423,110375,7758,321,744,410,0.617,559,9.477,0.551,7.6086,0.06689333217002146,Viral
C01763,2026-01-03,Instagram,Dating,Short,Visual,Advice,22,123353,202616,8589,230,613,1181,0.55,335,8.604,1.927,7.1668,0.06038819485541495,Non-Viral
C03799,2026-01-03,Instagram,College Life,Short,Text,Advice,48,94911,98968,4989,455,1172,525,0.513,458,7.524,0.448,8.1582,0.05923532888706262,Non-Viral
C00801,2026-01-03,YouTube,Career Stress,Short,Text,List,45,24307,47705,1002,55,152,112,0.436,59,5.435,0.737,5.1981,0.04813573044801909,Non-Viral
C01175,2026-01-03,YouTube,Dating,Short,Text,Advice,26,100231,37335,8714,707,692,360,0.61,137,10.449,0.52,8.1946,0.0662423900789177,Non-Viral
C00790,2026-01-03,Instagram,Friendship,Short,Text,Advice,27,3727,58678,144,6,10,19,0.483,5,4.803,1.9,3.9979,0.05127826670244164,Non-Viral
C00839,2026-01-04,Instagram,Career Stress,Short,Text,Question,28,98172,69327,6470,229,1182,560,0.508,96,8.598,0.474,8.398,0.05827922014423665,Non-Viral
C03103,2026-01-04,YouTube,Friendship,Short,Visual,Advice,27,76151,80815,3324,355,377,388,0.604,202,5.836,1.029,5.386,0.0648556210686662,Non-Viral
C04046,2026-01-04,YouTube,Social Anxiety,Short,Text,Advice,31,52465,37691,2968,452,462,267,0.428,56,7.908,0.578,7.7804,0.04958166396645383,Non-Viral
C01121,2026-01-04,Instagram,Social Anxiety,Long,Visual,Question,48,59889,117700,4374,196,466,327,0.509,165,8.955,0.702,7.569,0.056530416270099686,Non-Viral
C04104,2026-01-04,Instagram,Social Anxiety,Long,Text,Story,37,45104,42943,3803,159,201,511,0.395,225,10.363,2.542,8.3474,0.04543295494856333,Non-Viral
C01682,2026-01-04,Instagram,Dating,Short,Text,List,29,85865,234272,7440,342,521,253,0.499,158,9.964,0.486,7.3394,0.05411184417399406,Non-Viral
C01038,2026-01-04,Instagram,Career Stress,Short,Visual,Advice,20,60570,42439,2858,117,364,305,0.558,74,6.016,0.838,5.459,0.0603047052996533,Non-Viral
C03136,2026-01-04,YouTube,Self-Doubt,Long,Visual,Confession,23,74963,122205,2719,278,435,178,0.555,169,4.816,0.409,4.5856,0.059379914090951544,Non-Viral
C00889,2026-01-04,Instagram,Self-Doubt,Short,Text,Confession,23,86901,217075,6637,382,1042,614,0.579,245,9.983,0.589,9.4884,0.06607481962232886,Non-Viral
C04931,2026-01-04,YouTube,Self-Doubt,Short,Text,Question,41,138693,154900,7801,373,1236,356,0.532,466,7.041,0.288,6.4026,0.05838375116263979,Non-Viral
C04230,2026-01-04,Instagram,Social Anxiety,Short,Visual,Confession,8,2103,34905,150,18,27,18,0.54,6,10.128,0.667,10.4137,0.06362910128388018,Non-Viral
C00410,2026-01-04,Instagram,Friendship,Short,Visual,Confession,26,117222,17162,13582,918,2105,1866,0.501,713,15.757,0.886,15.5389,0.06413106925321187,Non-Viral
C03898,2026-01-05,Instagram,Dating,Short,Text,Story,24,76485,113914,5267,758,405,643,0.532,158,9.248,1.588,8.1996,0.05959144930378506,Non-Viral
C03858,2026-01-05,YouTube,Burnout,Short,Text,List,33,56024,175072,2853,122,424,180,0.566,117,6.388,0.425,5.7859,0.06129620162787376,Non-Viral
C01624,2026-01-05,Instagram,Career Stress,Short,Text,Advice,22,162524,195001,6035,684,969,267,0.553,173,4.895,0.276,4.6052,0.059107130023873404,Non-Viral
C02090,2026-01-05,YouTube,Career Stress,Short,Text,Confession,35,9529,70525,299,42,51,41,0.529,17,4.544,0.804,4.6962,0.05726037359638997,Non-Viral
C02975,2026-01-05,YouTube,College Life,Short,Text,Question,47,63763,97258,2551,230,126,385,0.574,66,5.163,3.056,4.3419,0.060641691890281194,Non-Viral
C00233,2026-01-05,Instagram,Career Stress,Short,Visual,Story,18,16771,189343,1103,78,97,86,0.587,32,8.133,0.887,6.7468,0.06353870967741936,Non-Viral
C01366,2026-01-05,Instagram,Self-Doubt,Long,Visual,List,40,174724,193944,7989,1138,1335,582,0.433,292,6.321,0.436,6.2215,0.04871453950230078,Non-Viral
C01529,2026-01-05,Instagram,College Life,Long,Visual,Advice,47,5986,25897,158,8,20,10,0.533,9,3.274,0.5,2.8567,0.05550514533912463,Non-Viral
C00415,2026-01-05,Instagram,Burnout,Short,Visual,Question,43,126928,171858,13634,1355,2129,1237,0.567,445,14.461,0.581,13.9532,0.0687729862599269,Viral
C04563,2026-01-05,Instagram,Family Pressure,Long,Visual,Advice,49,126886,57362,3847,316,464,119,0.642,149,3.74,0.256,3.1741,0.066500490203805,Viral
C01594,2026-01-05,Instagram,Burnout,Short,Visual,Confession,32,60940,165767,1375,245,333,269,0.502,69,3.646,0.808,4.2534,0.05458628158844765,Non-Viral
C04117,2026-01-05,Instagram,Dating,Long,Text,Advice,33,107581,45568,7207,307,756,461,0.425,359,8.116,0.61,6.7428,0.04737586097916919,Non-Viral
C01652,2026-01-05,Instagram,Dating,Short,Text,Story,27,145198,136176,11612,1193,1377,978,0.571,562,10.441,0.71,9.4233,0.06462076474882573,Non-Viral
C04505,2026-01-05,YouTube,Friendship,Short,Text,Question,44,40369,127948,2077,107,144,423,0.53,170,6.815,2.938,6.1359,0.05814627560752063,Non-Viral
C03505,2026-01-05,Instagram,Self-Doubt,Short,Text,Advice,30,130877,142746,6251,493,408,772,0.551,208,6.055,1.892,5.0681,0.05883747870137611,Non-Viral
C00478,2026-01-05,YouTube,Social Anxiety,Short,Text,Advice,35,3241,83130,312,23,32,22,0.552,6,12.002,0.688,10.1975,0.06274396791113854,Non-Viral
C04527,2026-01-05,Instagram,College Life,Long,Visual,List,50,143759,12771,4435,514,462,277,0.506,92,3.957,0.6,3.4283,0.05316053534039609,Non-Viral
C03788,2026-01-06,YouTube,Dating,Short,Visual,Question,29,23651,173371,2441,282,219,248,0.422,52,13.488,1.132,11.824,0.05130109509111666,Non-Viral
C04062,2026-01-06,Instagram,Self-Doubt,Short,Text,Confession,8,30296,68233,1964,163,215,194,0.44,123,8.371,0.902,7.4581,0.04992157380512279,Non-Viral
C00540,2026-01-06,Instagram,Burnout,Long,Text,Story,20,165198,102683,5094,355,546,527,0.515,290,3.948,0.965,3.4937,0.054266679984019184,Non-Viral
C03442,2026-01-06,Instagram,College Life,Short,Visual,Advice,35,148589,144340,5061,791,883,1019,0.543,171,5.218,1.154,5.6559,0.0598300190458244,Non-Viral
C03119,2026-01-06,Instagram,Friendship,Short,Visual,Advice,25,58716,230184,3754,293,693,454,0.494,97,8.846,0.655,9.0325,0.05777931739219293,Non-Viral
C00170,2026-01-06,Instagram,Self-Doubt,Short,Text,Advice,20,65262,119106,5803,440,398,213,0.548,320,10.502,0.535,7.9395,0.05953476142318655,Non-Viral
C01167,2026-01-06,Instagram,Burnout,Short,Text,Confession,19,169416,20252,14786,558,945,1544,0.6,320,10.526,1.634,8.354,0.06573824196061764,Non-Viral
C03309,2026-01-06,Instagram,Burnout,Short,Visual,Question,38,16039,51922,589,65,44,48,0.484,27,4.651,1.091,3.8656,0.05114019577280379,Non-Viral
C00272,2026-01-06,YouTube,Social Anxiety,Long,Text,Story,38,48003,200425,3361,249,303,219,0.46,101,8.608,0.723,7.085,0.05098718830073121,Non-Viral
C03947,2026-01-06,YouTube,Family Pressure,Long,Text,Story,31,22960,91887,666,40,52,146,0.31,47,3.937,2.808,3.6629,0.03418815331010453,Non-Viral
C00369,2026-01-06,YouTube,Family Pressure,Short,Visual,Story,13,92218,203807,7039,680,744,1397,0.519,433,10.692,1.878,10.3727,0.06118126829903056,Non-Viral
C01744,2026-01-06,Instagram,Self-Doubt,Short,Text,Story,35,66700,196243,2510,165,384,543,0.621,212,5.4,1.414,5.6079,0.06750404797601199,Viral
C02712,2026-01-06,Instagram,Dating,Short,Visual,Question,37,164506,109488,13363,1024,1044,799,0.501,936,9.866,0.765,7.8705,0.05534661714466342,Non-Viral
C01783,2026-01-06,Instagram,Social Anxiety,Short,Visual,List,28,78664,110074,3329,511,602,235,0.569,156,5.946,0.39,5.9837,0.06221437506356148,Non-Viral
C00821,2026-01-06,Instagram,College Life,Long,Text,Advice,42,162105,108609,2739,432,606,380,0.444,189,2.564,0.627,2.8349,0.04718523179420746,Non-Viral
C02261,2026-01-06,Instagram,Dating,Short,Text,Story,73,113381,161064,8635,500,861,1130,0.553,178,9.813,1.312,8.7409,0.06236864465827609,Non-Viral
C04700,2026-01-06,YouTube,Social Anxiety,Short,Text,Confession,40,99504,79702,10162,445,1559,839,0.587,233,13.07,0.538,12.1638,0.06895084418716836,Viral
C03805,2026-01-06,YouTube,Friendship,Short,Visual,List,51,120729,134784,9306,994,495,1041,0.648,461,9.804,2.103,8.0436,0.07046682404393312,Viral
C02171,2026-01-06,Instagram,Self-Doubt,Short,Text,Question,38,156428,93354,9373,659,1026,536,0.625,311,7.412,0.522,6.2808,0.06711138670826194,Viral
C04076,2026-01-06,Instagram,Dating,Short,Visual,Advice,37,27560,127980,2974,304,174,336,0.526,109,13.745,1.931,11.3824,0.06075312046444123,Non-Viral
C00300,2026-01-06,YouTube,Burnout,Long,Text,Advice,18,148174,103164,10428,634,1523,394,0.363,301,8.759,0.259,7.776,0.042364829187306816,Non-Viral
C02138,2026-01-06,YouTube,Burnout,Long,Visual,Question,26,78353,33470,5964,509,420,648,0.462,133,9.624,1.543,8.0424,0.05206767577501819,Non-Viral
C03804,2026-01-06,Instagram,Burnout,Short,Visual,Question,43,41556,193581,3071,95,208,410,0.588,41,9.106,1.971,7.5128,0.0643551544903263,Non-Viral
C03486,2026-01-07,Instagram,Social Anxiety,Long,Visual,Question,45,171140,11216,9980,966,1345,434,0.415,409,7.435,0.323,6.6273,0.04664403412410892,Non-Viral
C01399,2026-01-07,Instagram,College Life,Short,Visual,Confession,36,21777,70597,1434,211,159,222,0.518,100,9.303,1.396,8.9751,0.05959721724755476,Non-Viral
C01180,2026-01-07,Instagram,Social Anxiety,Short,Text,Question,28,42745,26408,2551,206,176,315,0.508,141,7.599,1.79,6.416,0.055586524739735646,Non-Viral
C00429,2026-01-07,Instagram,Dating,Short,Visual,Question,43,73256,80216,4109,368,324,410,0.532,170,7.113,1.265,6.0043,0.05762284591023261,Non-Viral
C00454,2026-01-07,YouTube,Social Anxiety,Short,Visual,Confession,28,103269,10151,12283,1498,537,870,0.516,679,14.707,1.62,11.3679,0.058643255962583164,Non-Viral
C02469,2026-01-07,Instagram,College Life,Short,Text,List,22,92046,86726,4623,288,726,697,0.67,323,6.881,0.96,6.8612,0.07329033309432241,Viral
C02636,2026-01-07,Instagram,Family Pressure,Short,Text,List,40,84764,164857,3742,446,471,220,0.478,103,5.756,0.467,5.1826,0.05186835449011373,Non-Viral
C02410,2026-01-07,Instagram,Friendship,Short,Text,Advice,21,81408,82661,3325,356,207,657,0.539,110,5.583,3.174,5.0751,0.05812132959905661,Non-Viral
C02329,2026-01-07,YouTube,Family Pressure,Short,Visual,Advice,28,84087,192034,6408,268,530,901,0.577,424,9.641,1.7,8.3223,0.06422895215669486,Non-Viral
C04260,2026-01-07,Instagram,Burnout,Long,Visual,Confession,18,74675,53225,4985,631,586,716,0.445,133,9.264,1.222,8.8771,0.05217525945764982,Non-Viral
C02223,2026-01-07,Instagram,Dating,Long,Visual,Confession,28,106583,222157,4143,228,268,190,0.433,208,4.531,0.709,3.3753,0.045287183697212505,Non-Viral
C04645,2026-01-07,YouTube,Burnout,Short,Visual,Story,24,34095,191515,2015,146,370,267,0.597,67,8.206,0.722,8.4191,0.0675750549934008,Viral
C04913,2026-01-07,Instagram,Dating,Short,Visual,Question,32,166735,209547,9412,1389,2346,922,0.496,562,8.438,0.393,9.399,0.05884011155426276,Non-Viral
C04715,2026-01-07,YouTube,Dating,Short,Visual,Advice,22,9498,92393,753,49,95,106,0.553,43,10.56,1.116,9.9705,0.06392286797220469,Non-Viral
C03997,2026-01-07,Instagram,Family Pressure,Short,Visual,Confession,46,19591,88946,987,133,68,163,0.548,32,6.896,2.397,6.2427,0.05987631055076312,Non-Viral
C01944,2026-01-08,YouTube,Family Pressure,Short,Text,List,51,32297,13501,1160,123,90,92,0.575,40,4.536,1.022,3.7728,0.06017981546273647,Non-Viral
C01590,2026-01-08,Instagram,Burnout,Short,Visual,Question,21,111601,97334,2531,351,176,623,0.567,150,3.298,3.54,3.1953,0.059556157202892444,Non-Viral
C02559,2026-01-08,Instagram,Social Anxiety,Short,Visual,Story,41,144552,169331,7601,382,793,446,0.586,494,6.38,0.562,5.2884,0.062390677403287395,Non-Viral
C03458,2026-01-08,Instagram,Family Pressure,Long,Visual,Confession,43,3433,201402,109,15,7,7,0.455,6,4.02,1.0,3.2625,0.047684678124089726,Non-Viral
C02499,2026-01-08,Instagram,Family Pressure,Short,Visual,Story,60,83156,147707,5351,281,591,697,0.582,245,8.322,1.179,7.5328,0.06441963538409735,Non-Viral
C04535,2026-01-08,Instagram,College Life,Long,Text,Question,41,67644,115252,1470,136,95,118,0.365,50,2.689,1.242,2.1584,0.03795689196381054,Non-Viral
C01536,2026-01-08,Instagram,Dating,Short,Visual,Question,18,27313,27603,3164,314,395,291,0.577,78,15.245,0.737,13.986,0.06912862373228866,Viral
C04531,2026-01-08,Instagram,Social Anxiety,Short,Visual,Question,26,97838,204158,7026,928,1307,846,0.584,208,10.33,0.647,10.7504,0.06842831210776999,Viral
C00385,2026-01-08,Instagram,Self-Doubt,Long,Visual,Confession,34,9029,8951,700,85,104,30,0.415,26,10.178,0.288,9.4086,0.049092202901760994,Non-Viral
C04036,2026-01-08,Instagram,Career Stress,Long,Text,Story,29,152477,72076,14156,1465,1759,1642,0.357,770,12.475,0.933,11.6978,0.04556312689782722,Non-Viral
C03682,2026-01-08,Instagram,Social Anxiety,Short,Text,Confession,27,146884,209455,10212,1012,2019,1194,0.542,412,9.829,0.591,10.2591,0.06385762097982081,Non-Viral
C01493,2026-01-08,Instagram,Friendship,Short,Visual,Question,32,89003,54460,5915,779,330,245,0.618,381,8.167,0.742,6.2987,0.06560717503904363,Non-Viral
C02951,2026-01-08,Instagram,Family Pressure,Short,Text,Story,32,174264,170393,9308,1586,646,1415,0.601,670,7.434,2.19,6.7719,0.06556928797686269,Non-Viral
C04642,2026-01-08,YouTube,Family Pressure,Long,Visual,Advice,12,139283,57294,6994,611,501,627,0.519,240,6.27,1.251,5.1482,0.05552714760595335,Non-Viral
C00138,2026-01-08,Instagram,College Life,Long,Visual,List,35,93988,153108,5379,666,852,645,0.445,117,8.024,0.757,8.0164,0.05170091926628932,Non-Viral
C04160,2026-01-08,Instagram,Social Anxiety,Long,Visual,Advice,39,64830,242896,7962,611,495,254,0.555,322,14.379,0.513,10.6286,0.06152498843128182,Non-Viral
C01869,2026-01-08,Instagram,Family Pressure,Short,Visual,List,30,18056,207301,1078,28,142,156,0.743,57,7.776,1.099,7.3051,0.08066353566681436,Viral
C00830,2026-01-08,Instagram,College Life,Short,Visual,Story,35,167998,247746,18700,1501,2603,2251,0.74,776,14.914,0.865,14.2338,0.08633228967011512,Viral
C03537,2026-01-08,YouTube,Friendship,Long,Visual,List,20,56940,90433,3484,478,300,690,0.481,261,8.697,2.3,8.3228,0.05536554267650158,Non-Viral
C01300,2026-01-08,Instagram,Social Anxiety,Short,Visual,Question,39,75509,98494,3488,159,502,328,0.582,173,5.929,0.653,5.4887,0.06281070865724615,Non-Viral
C02263,2026-01-08,YouTube,Career Stress,Short,Visual,Story,18,50941,158437,4257,560,288,613,0.534,93,11.225,2.128,9.9301,0.06120314481458943,Non-Viral
C04244,2026-01-08,Instagram,Burnout,Short,Text,Advice,43,151200,186753,7940,454,515,1204,0.473,342,6.688,2.338,5.6905,0.051672023809523814,Non-Viral
C00787,2026-01-08,Instagram,Burnout,Long,Text,List,49,162966,34834,6997,368,319,1078,0.323,303,5.377,3.379,4.3957,0.035504042561025004,Non-Viral
C00844,2026-01-09,Instagram,Friendship,Long,Visual,List,42,121470,132042,6415,273,1065,519,0.538,360,6.81,0.487,6.4625,0.05936433687330206,Non-Viral
C04552,2026-01-09,Instagram,Social Anxiety,Short,Visual,Advice,8,37802,48810,2720,480,647,285,0.607,126,10.931,0.44,12.1449,0.07256841966033543,Viral
C01446,2026-01-09,YouTube,Career Stress,Short,Text,Story,46,13994,194550,483,55,22,33,0.498,18,4.238,1.5,3.2585,0.05180443047020152,Non-Viral
C04275,2026-01-09,Instagram,Burnout,Short,Visual,List,39,21662,71317,1346,86,72,107,0.676,31,7.437,1.486,5.6874,0.071173077278183,Viral
C00970,2026-01-09,YouTube,Family Pressure,Short,Text,Advice,14,41440,136529,1484,148,207,100,0.512,64,4.679,0.483,4.3074,0.0547074806949807,Non-Viral
C04003,2026-01-09,Instagram,Burnout,Short,Text,Question,48,75199,123391,4628,517,444,656,0.555,97,8.305,1.477,7.6244,0.06180527001688853,Non-Viral
C00663,2026-01-09,Instagram,Friendship,Long,Text,List,58,13337,59667,562,41,97,106,0.423,29,6.043,1.093,6.3395,0.048418317462697764,Non-Viral
C04299,2026-01-09,Instagram,Social Anxiety,Short,Visual,Story,26,177942,116090,10715,976,1381,463,0.551,393,7.606,0.335,6.6822,0.06019576154027718,Non-Viral
C04304,2026-01-09,Instagram,Family Pressure,Short,Text,Advice,45,117603,37065,3017,411,182,506,0.584,178,3.5,2.78,3.1317,0.06091141552511416,Non-Viral
C01266,2026-01-09,YouTube,Family Pressure,Short,Visual,Story,33,9595,87372,944,39,66,93,0.534,46,11.902,1.409,9.531,0.06001281917665451,Non-Viral
C01909,2026-01-09,YouTube,Self-Doubt,Short,Visual,Advice,41,100634,6707,6901,251,689,590,0.694,200,8.378,0.856,7.0294,0.07461394359759127,Viral
C01683,2026-01-09,YouTube,Dating,Long,Visual,Confession,8,160231,164827,11617,1507,1192,1486,0.403,852,9.862,1.247,9.1225,0.04784067564953099,Non-Viral
C00147,2026-01-09,YouTube,Dating,Short,Text,List,32,103682,25278,5800,405,934,712,0.448,280,7.572,0.762,7.4589,0.05149981288941186,Non-Viral
C03320,2026-01-09,Instagram,Friendship,Short,Visual,Advice,18,71920,242039,4858,792,355,874,0.523,207,9.565,2.462,8.9405,0.05981877085650723,Non-Viral
C02322,2026-01-09,Instagram,Career Stress,Short,Text,Story,49,23188,114993,1142,85,180,175,0.561,79,6.822,0.972,6.8505,0.06240714162497845,Non-Viral
C04945,2026-01-09,Instagram,College Life,Long,Visual,Confession,21,170045,238077,14827,1623,688,1892,0.514,701,11.191,2.75,9.2305,0.05799031432856009,Non-Viral
C02866,2026-01-09,YouTube,Dating,Long,Text,Question,36,21159,70024,1375,62,91,51,0.388,17,7.463,0.56,5.461,0.041897972493974193,Non-Viral
C02764,2026-01-09,YouTube,College Life,Long,Visual,Confession,27,47610,98470,2334,280,487,210,0.361,113,6.954,0.431,7.2842,0.042908443604284814,Non-Viral
C04236,2026-01-10,YouTube,Social Anxiety,Short,Visual,Advice,48,17711,151155,836,66,196,151,0.578,34,7.052,0.77,7.9442,0.06589666309073457,Non-Viral
C03633,2026-01-10,YouTube,Friendship,Long,Text,Question,12,114414,107585,8092,756,733,490,0.524,586,8.802,0.668,7.3059,0.05755889663852326,Non-Viral
C04194,2026-01-10,YouTube,Dating,Long,Text,Story,43,97310,191388,6656,940,867,742,0.412,196,9.459,0.856,9.0669,0.04894586373445689,Non-Viral
C04751,2026-01-10,Instagram,Career Stress,Short,Visual,Advice,59,51872,20245,2594,140,375,329,0.684,99,6.628,0.877,6.3425,0.07396080351634793,Viral
C03240,2026-01-10,Instagram,Family Pressure,Short,Visual,Story,33,106076,62278,9784,717,1620,1410,0.668,587,12.756,0.87,12.8658,0.07867403371167843,Viral
C00870,2026-01-10,Instagram,Self-Doubt,Long,Text,Story,41,63850,221600,1699,146,153,265,0.463,64,3.544,1.732,3.2224,0.048966405638214576,Non-Viral
C03545,2026-01-10,Instagram,College Life,Short,Text,List,54,95556,100018,4701,486,702,579,0.585,72,6.769,0.825,6.6385,0.0643866005274394,Non-Viral
C00117,2026-01-10,Instagram,Self-Doubt,Long,Visual,Question,47,140296,48357,8289,705,999,827,0.387,303,7.712,0.828,7.023,0.044426464047442556,Non-Viral
C01240,2026-01-10,Instagram,Burnout,Short,Text,List,52,172930,90360,11247,728,1197,376,0.492,165,7.834,0.314,6.3948,0.05359860058983404,Non-Viral
C02203,2026-01-10,Instagram,Family Pressure,Short,Text,Advice,32,173971,43913,14480,1559,1913,1604,0.511,905,11.241,0.838,10.6486,0.060158406286105165,Non-Viral
C03755,2026-01-10,YouTube,Social Anxiety,Short,Visual,List,35,112241,64652,4319,327,578,577,0.54,229,5.168,0.998,4.934,0.05829655829866092,Non-Viral
C01452,2026-01-10,YouTube,Dating,Long,Text,Confession,24,103669,124133,4113,222,468,724,0.437,166,5.331,1.547,5.056,0.048147809856369794,Non-Viral
C04458,2026-01-10,Instagram,Self-Doubt,Short,Text,Question,37,66263,57088,3107,317,423,215,0.462,126,6.13,0.508,5.6261,0.050763632796583316,Non-Viral
C02728,2026-01-10,Instagram,Self-Doubt,Short,Text,Confession,61,11412,29813,463,45,40,45,0.526,20,5.196,1.125,4.4602,0.05595173501577288,Non-Viral
C00328,2026-01-10,Instagram,College Life,Short,Visual,Confession,39,19070,100083,798,82,75,66,0.605,46,5.354,0.88,4.6093,0.06395306764551652,Non-Viral
C04592,2026-01-10,Instagram,Self-Doubt,Long,Text,List,45,164304,31503,10746,900,1064,945,0.425,433,8.311,0.888,7.1849,0.04796121822962314,Non-Viral
C02772,2026-01-10,YouTube,Dating,Short,Visual,Story,35,126536,147525,11399,1107,1351,851,0.613,226,11.624,0.63,10.3646,0.0694344439527091,Viral
C02881,2026-01-10,Instagram,Burnout,Short,Visual,Question,38,122725,180706,12809,800,2027,527,0.501,590,13.17,0.26,12.0102,0.059798512935424736,Non-Viral
C02630,2026-01-10,YouTube,College Life,Long,Text,Advice,37,38088,129286,1651,139,182,255,0.424,88,5.847,1.401,5.4873,0.04710620667926906,Non-Viral
C02038,2026-01-10,YouTube,Self-Doubt,Short,Visual,Story,35,71286,212411,3264,179,167,463,0.58,49,5.714,2.772,4.6678,0.061379345172965234,Non-Viral
C04969,2026-01-10,YouTube,College Life,Long,Text,Confession,10,115997,79859,9531,862,578,947,0.412,484,10.274,1.638,8.3506,0.04700618464270628,Non-Viral
C01871,2026-01-11,Instagram,Burnout,Short,Text,Story,45,131307,68125,7210,425,573,337,0.529,317,6.508,0.588,5.0534,0.056119173387557404,Non-Viral
C01110,2026-01-11,Instagram,College Life,Short,Text,Question,20,61114,94853,3119,156,565,578,0.581,197,7.229,1.023,7.5997,0.06548046928690644,Non-Viral
C02339,2026-01-11,Instagram,Dating,Long,Text,Story,36,141699,139978,8440,373,729,305,0.399,386,6.949,0.418,5.3469,0.043255704697986584,Non-Viral
C01099,2026-01-11,YouTube,Friendship,Short,Visual,List,22,57978,67877,2721,326,215,228,0.588,59,6.02,1.06,5.089,0.062491917623926314,Non-Viral
C04269,2026-01-11,YouTube,Career Stress,Short,Text,Advice,42,99915,37089,3071,245,191,221,0.419,124,3.731,1.157,2.9205,0.043791607866686684,Non-Viral
C00352,2026-01-11,Instagram,Self-Doubt,Short,Visual,Advice,24,128197,12686,11595,635,1548,1166,0.497,188,11.657,0.753,10.707,0.05860543460455393,Non-Viral
C01806,2026-01-11,Instagram,Self-Doubt,Short,Text,Question,40,139615,181712,7765,643,1273,496,0.437,301,7.289,0.39,6.9176,0.04955968556387208,Non-Viral
C00250,2026-01-11,Instagram,Friendship,Long,Visual,Confession,15,71043,42566,4288,184,816,233,0.46,157,7.771,0.286,7.5081,0.052541108905873914,Non-Viral
C01019,2026-01-11,Instagram,Dating,Short,Text,Story,17,110483,64877,5199,518,738,313,0.482,239,6.126,0.424,5.6267,0.05275907243648344,Non-Viral
C00811,2026-01-11,YouTube,Career Stress,Short,Text,Question,16,115854,160264,8659,303,1081,1259,0.521,587,9.755,1.165,9.102,0.05995126106996738,Non-Viral
C04189,2026-01-11,Instagram,College Life,Long,Text,Advice,35,174574,137064,7054,881,1889,1279,0.424,226,6.36,0.677,7.4888,0.050224189169062974,Non-Viral
C00817,2026-01-11,YouTube,Social Anxiety,Long,Visual,Advice,29,157975,210057,8174,623,1416,400,0.524,208,6.718,0.282,6.3741,0.05778471277100807,Non-Viral
C02780,2026-01-11,YouTube,Social Anxiety,Long,Visual,Question,51,160334,192784,10437,960,1125,702,0.568,214,8.248,0.624,7.1335,0.062169104494368,Non-Viral
C04596,2026-01-11,Instagram,Career Stress,Short,Text,Advice,33,99418,194804,9157,782,1332,409,0.447,286,11.748,0.307,10.6274,0.05314313906938382,Non-Viral
C00056,2026-01-11,YouTube,Family Pressure,Short,Text,Question,43,42710,49690,983,45,178,57,0.412,22,2.957,0.32,2.826,0.0436338562397565,Non-Viral
C02522,2026-01-11,YouTube,Self-Doubt,Short,Visual,List,69,134904,168957,13340,465,1287,1929,0.631,191,12.617,1.499,11.1831,0.07219980430528376,Viral
C04551,2026-01-11,YouTube,Dating,Short,Text,Advice,21,142504,199368,6275,583,376,857,0.574,192,5.678,2.279,4.8097,0.061005161960366025,Non-Viral
C00397,2026-01-11,YouTube,Dating,Short,Text,Story,20,142739,167535,11276,1013,1292,1312,0.538,477,10.434,1.015,9.5682,0.0616951793132921,Non-Viral
C00902,2026-01-11,YouTube,Burnout,Short,Visual,Advice,22,156704,54489,10249,1108,668,466,0.658,194,7.971,0.698,6.2044,0.0696709924443537,Viral
C03880,2026-01-11,Instagram,Dating,Short,Visual,List,39,25305,242139,756,47,58,68,0.561,53,3.671,1.172,2.9974,0.05821618257261412,Non-Viral
C04092,2026-01-11,YouTube,Career Stress,Short,Visual,Question,48,63549,220090,4886,448,229,239,0.587,171,9.13,1.044,6.735,0.06250729830524478,Non-Viral
C00562,2026-01-11,Instagram,Family Pressure,Short,Text,Question,30,33668,201771,1875,234,329,272,0.463,64,8.049,0.827,8.3744,0.054163549958417496,Non-Viral
C04776,2026-01-11,YouTube,Family Pressure,Short,Visual,Confession,27,90429,173269,5921,371,574,370,0.413,196,8.002,0.645,6.6118,0.0459992668281193,Non-Viral
C04320,2026-01-11,YouTube,Friendship,Short,Visual,Confession,31,72437,25206,5314,966,1404,734,0.495,410,11.621,0.523,13.5097,0.06326230379502189,Non-Viral
C02371,2026-01-11,Instagram,Burnout,Long,Visual,Story,35,89804,160254,6169,624,914,835,0.456,306,9.512,0.914,9.3899,0.05401165204222529,Non-Viral
C00574,2026-01-12,YouTube,Burnout,Short,Text,Advice,33,51581,106405,2204,201,141,232,0.517,83,5.386,1.645,4.4406,0.05486395572012951,Non-Viral
C02884,2026-01-12,Instagram,Social Anxiety,Long,Visual,Confession,36,121348,149036,5500,364,336,892,0.328,207,5.844,2.655,5.017,0.036701176780828695,Non-Viral
C04329,2026-01-12,Instagram,Self-Doubt,Long,Visual,Question,26,171354,110475,7481,736,765,1040,0.387,343,5.849,1.359,5.3804,0.04317407122098113,Non-Viral
C03363,2026-01-12,Instagram,Self-Doubt,Short,Visual,Story,38,83412,113114,6950,369,434,1256,0.502,383,10.801,2.894,9.4021,0.0577222989497914,Non-Viral
C01518,2026-01-12,Instagram,Family Pressure,Short,Visual,Story,24,127064,25076,5948,684,414,956,0.605,414,6.298,2.309,5.6302,0.06503078763457786,Non-Viral
C01270,2026-01-12,Instagram,Career Stress,Short,Text,Story,30,54585,127450,2225,137,199,303,0.539,124,5.247,1.523,4.6185,0.05758233031052487,Non-Viral
C01286,2026-01-12,YouTube,Career Stress,Short,Text,Confession,43,47068,21711,2623,332,306,126,0.502,76,7.196,0.412,6.3302,0.05498669159513895,Non-Viral
C01463,2026-01-12,YouTube,Self-Doubt,Short,Visual,Advice,23,18681,12608,1223,89,252,179,0.541,56,9.33,0.71,9.9513,0.06375954713345111,Non-Viral
C01781,2026-01-12,Instagram,Social Anxiety,Short,Text,Question,66,141065,249955,9265,644,490,270,0.522,239,7.563,0.551,5.3936,0.055022103285719354,Non-Viral
C03871,2026-01-12,YouTube,Dating,Short,Visual,Question,20,130393,51474,11672,1715,650,1263,0.711,331,11.734,1.943,9.8813,0.07822193139202258,Viral
C04127,2026-01-12,Instagram,Friendship,Short,Visual,List,38,46448,203413,2660,211,220,405,0.517,40,7.527,1.841,6.7097,0.05712865139510851,Non-Viral
C04770,2026-01-12,Instagram,Dating,Short,Visual,Advice,37,12875,106792,1136,105,124,63,0.462,20,11.091,0.508,9.5029,0.05322524271844661,Non-Viral
C03013,2026-01-12,Instagram,Family Pressure,Long,Visual,List,44,163022,173170,7483,433,305,735,0.689,113,5.494,2.41,4.1565,0.07149290157156703,Viral
C04022,2026-01-12,Instagram,Self-Doubt,Short,Visual,List,26,55654,36587,2248,326,353,329,0.465,115,5.85,0.932,5.9834,0.052006342760628176,Non-Viral
C03852,2026-01-12,YouTube,Family Pressure,Short,Visual,Question,8,32332,160006,1916,106,209,110,0.578,132,7.241,0.526,6.0745,0.06222131634294197,Non-Viral
C04894,2026-01-12,YouTube,Family Pressure,Long,Visual,Story,25,179894,45339,13781,1497,2116,1853,0.397,664,10.699,0.876,10.6674,0.04933150521974052,Non-Viral
C01526,2026-01-12,YouTube,Family Pressure,Long,Visual,Story,49,136046,13511,10054,321,1048,545,0.456,262,8.797,0.52,7.1612,0.05062219837407936,Non-Viral
C01642,2026-01-13,Instagram,Social Anxiety,Short,Visual,List,34,85764,75535,12095,871,1861,1091,0.73,481,18.56,0.586,17.6286,0.08810423954106618,Viral
C02972,2026-01-13,Instagram,Burnout,Short,Text,Confession,54,75588,167572,4527,424,595,232,0.595,79,7.644,0.39,6.8113,0.06480441339895221,Non-Viral
C01976,2026-01-13,YouTube,Social Anxiety,Short,Visual,Story,21,161680,222851,14822,700,1054,704,0.555,577,10.688,0.668,8.0597,0.060389287481444835,Non-Viral
C04724,2026-01-13,Instagram,Self-Doubt,Short,Visual,Advice,28,3849,226267,402,31,16,19,0.564,19,12.159,1.188,8.6646,0.06095962587685113,Non-Viral
C00887,2026-01-13,Instagram,Dating,Short,Text,Question,40,61916,165255,3648,340,703,437,0.469,240,8.282,0.622,8.5874,0.05495042315395051,Non-Viral
C04120,2026-01-13,Instagram,Burnout,Short,Visual,Confession,22,63376,188488,7814,271,458,1019,0.571,323,15.088,2.225,12.1899,0.06581702221661197,Non-Viral
C00848,2026-01-13,Instagram,Self-Doubt,Short,Visual,Story,52,123170,175028,7022,468,529,764,0.576,215,7.131,1.444,5.9495,0.06196348136721604,Non-Viral
C02314,2026-01-13,YouTube,Dating,Short,Text,Story,49,47597,118323,1807,312,492,445,0.521,111,6.421,0.904,7.8524,0.060539607538290234,Non-Viral
C02278,2026-01-13,Instagram,Self-Doubt,Short,Visual,Question,39,115833,175158,4982,197,637,485,0.666,281,5.44,0.761,4.8928,0.07058591075082231,Viral
C01653,2026-01-13,Instagram,Family Pressure,Short,Text,Confession,36,129834,139076,10842,889,431,760,0.568,549,9.953,1.763,7.369,0.061076999861361427,Non-Viral
C04986,2026-01-13,YouTube,Career Stress,Long,Visual,Confession,43,5629,98533,307,35,31,39,0.521,16,7.319,1.258,6.6975,0.05758942973885238,Non-Viral
C03338,2026-01-13,Instagram,Dating,Long,Text,Story,19,64049,175511,1698,133,190,204,0.423,57,3.474,1.074,3.164,0.04490191415947166,Non-Viral
C02505,2026-01-13,Instagram,Family Pressure,Short,Visual,List,8,49197,240307,2004,98,200,368,0.595,151,5.427,1.84,5.0511,0.06387221781815965,Non-Viral
C03464,2026-01-13,Instagram,Family Pressure,Short,Visual,Advice,30,145225,58953,16171,1531,2608,1057,0.575,868,14.713,0.405,13.9921,0.06934610087794801,Viral
C02618,2026-01-13,YouTube,College Life,Short,Visual,Advice,52,19561,186556,504,35,92,52,0.672,29,3.492,0.565,3.4993,0.07038235264045807,Viral
C00546,2026-01-13,YouTube,Social Anxiety,Long,Visual,Question,43,156301,121461,9531,620,2040,1186,0.452,511,8.558,0.581,9.077,0.05394466574110211,Non-Viral
C00584,2026-01-13,YouTube,Self-Doubt,Short,Visual,Confession,39,9737,174261,531,47,94,96,0.542,24,7.887,1.021,8.3188,0.062226086063469244,Non-Viral
C02412,2026-01-13,Instagram,Friendship,Long,Text,List,15,57500,227228,3863,366,339,137,0.439,132,8.183,0.404,6.5591,0.048222608695652175,Non-Viral
C01453,2026-01-13,YouTube,Family Pressure,Short,Visual,Question,36,95041,112760,2684,407,560,308,0.563,81,4.166,0.55,4.4702,0.060566053597920895,Non-Viral
C04347,2026-01-13,Instagram,Self-Doubt,Short,Text,List,21,7024,43066,382,23,50,55,0.472,8,7.261,1.1,6.912,0.05324356492027335,Non-Viral
C01464,2026-01-13,Instagram,Dating,Short,Visual,Story,28,60343,198969,4956,666,236,273,0.569,278,10.16,1.157,7.8402,0.061672715973683775,Non-Viral
C00699,2026-01-13,Instagram,Social Anxiety,Long,Text,Question,25,50323,196357,3118,283,722,332,0.713,279,8.853,0.46,9.5652,0.0805790572899072,Viral
C04341,2026-01-13,YouTube,Self-Doubt,Short,Text,Story,65,101672,176444,9435,582,1287,325,0.542,459,11.438,0.253,9.9354,0.061713868124950826,Non-Viral
C04952,2026-01-13,Instagram,Social Anxiety,Long,Visual,List,27,131949,69735,4988,595,296,198,0.52,92,4.606,0.669,3.5396,0.05413605256576405,Non-Viral
C03617,2026-01-13,Instagram,Self-Doubt,Short,Visual,Advice,8,105888,80837,3761,213,538,220,0.59,318,4.469,0.409,4.0175,0.062211412058023566,Non-Viral
C01026,2026-01-14,Instagram,Burnout,Long,Text,Confession,32,111767,90797,9442,499,977,1145,0.446,480,10.793,1.172,9.565,0.05227668453121226,Non-Viral
C04855,2026-01-14,Instagram,Burnout,Long,Visual,Advice,28,166882,128965,5803,745,400,569,0.363,274,4.504,1.422,3.8093,0.039071119713330375,Non-Viral
C02488,2026-01-14,Instagram,Burnout,Short,Visual,Story,72,175211,105545,15286,559,2327,1994,0.669,731,11.51,0.857,11.1012,0.07676924336942316,Viral
C04702,2026-01-14,Instagram,Career Stress,Short,Text,Question,50,150553,241963,8999,867,1530,821,0.492,462,8.115,0.537,7.9919,0.05627292448506506,Non-Viral
C01979,2026-01-14,YouTube,Social Anxiety,Short,Text,Advice,30,147007,10111,4342,375,314,598,0.434,283,3.829,1.904,3.3138,0.04596416361125661,Non-Viral
C01983,2026-01-14,YouTube,Self-Doubt,Short,Visual,Advice,47,80469,118111,5353,332,1110,811,0.69,111,9.452,0.731,10.0989,0.07884975580658389,Viral
C00542,2026-01-14,YouTube,Social Anxiety,Short,Visual,Confession,67,149860,88481,12481,963,1065,1165,0.53,486,10.459,1.094,8.8149,0.059494061123715476,Non-Viral
C03800,2026-01-14,YouTube,Burnout,Short,Visual,Advice,16,36057,116412,2056,127,327,316,0.531,113,7.838,0.966,7.8528,0.060338538979948425,Non-Viral
C01267,2026-01-14,Instagram,Dating,Short,Text,Question,43,148163,57195,11281,429,1581,1567,0.568,252,10.028,0.991,9.5577,0.06520898199955454,Non-Viral
C00858,2026-01-14,Instagram,Social Anxiety,Long,Visual,Confession,37,72447,52746,5661,395,1509,1313,0.483,266,12.254,0.87,14.5983,0.06392797631371899,Non-Viral
C01801,2026-01-14,Instagram,Friendship,Long,Visual,Question,37,42308,99078,1347,133,140,155,0.529,29,4.195,1.107,3.7889,0.05595970502032713,Non-Viral
C01021,2026-01-14,Instagram,Career Stress,Short,Visual,List,41,127590,21172,8025,683,701,597,0.704,291,7.842,0.852,6.5319,0.07507905008229486,Viral
C00898,2026-01-14,Instagram,Career Stress,Long,Visual,Advice,33,19743,217498,565,33,109,32,0.47,39,3.743,0.294,3.6621,0.05022139492478347,Non-Viral
C04185,2026-01-14,Instagram,Social Anxiety,Long,Text,Confession,22,124194,15239,7707,1045,899,1495,0.375,567,8.975,1.663,8.9441,0.04563082757621142,Non-Viral
C03781,2026-01-14,YouTube,Career Stress,Short,Text,Story,22,90346,143568,4606,495,872,459,0.413,97,7.119,0.526,7.2826,0.04798928342151285,Non-Viral
C03357,2026-01-14,Instagram,Self-Doubt,Short,Visual,List,53,10181,70687,988,91,131,95,0.573,46,12.818,0.725,11.9193,0.06723026225321677,Viral
C03452,2026-01-14,Instagram,Family Pressure,Short,Text,Question,34,4027,123989,139,14,18,9,0.561,5,4.47,0.5,4.0353,0.05930337720387386,Non-Viral
C04388,2026-01-15,Instagram,Social Anxiety,Short,Visual,Question,32,52387,210006,6608,672,727,890,0.662,215,16.983,1.224,15.7921,0.07946569568786149,Viral
C02788,2026-01-15,Instagram,Dating,Long,Visual,Question,39,116432,13459,4795,365,851,486,0.548,153,5.58,0.571,5.5569,0.05981150886354268,Non-Viral
C02460,2026-01-15,YouTube,Career Stress,Short,Visual,Story,37,53916,52203,2484,301,306,112,0.474,59,5.941,0.366,5.2591,0.05141457823280659,Non-Viral
C04518,2026-01-15,Instagram,Social Anxiety,Short,Visual,Question,35,100096,146565,7360,509,675,934,0.505,359,9.469,1.384,8.3285,0.05709666719948849,Non-Viral
C04484,2026-01-15,YouTube,Friendship,Short,Text,Confession,26,23726,61844,2388,213,208,234,0.556,53,12.826,1.125,10.9816,0.06385044255247409,Non-Viral
C02657,2026-01-15,Instagram,Self-Doubt,Short,Text,Advice,39,150136,74804,5312,456,360,582,0.621,211,4.469,1.617,3.7193,0.06479755421750946,Non-Viral
C02373,2026-01-15,YouTube,Friendship,Short,Text,List,41,173248,61157,16450,1099,645,1301,0.366,705,11.253,2.017,8.3178,0.04147971001108238,Non-Viral
C00619,2026-01-15,Instagram,College Life,Long,Visual,Confession,33,5302,170757,415,40,64,30,0.415,12,10.355,0.469,9.7982,0.04976103357223689,Non-Viral
C04893,2026-01-15,Instagram,Burnout,Short,Text,Advice,8,55610,30190,2317,169,400,221,0.554,138,5.587,0.552,5.4918,0.06028491278547024,Non-Viral
C02982,2026-01-15,Instagram,College Life,Short,Visual,Question,40,53414,239452,3715,380,380,457,0.572,157,9.234,1.203,8.3901,0.06403528662897368,Non-Viral
C01615,2026-01-15,YouTube,Friendship,Long,Visual,Question,28,63920,233441,3989,349,823,312,0.705,279,8.562,0.379,8.7782,0.0785772841051314,Viral
C01351,2026-01-15,Instagram,College Life,Short,Visual,List,39,122539,212879,4391,461,446,701,0.627,246,4.896,1.572,4.592,0.0666183443638352,Viral
C04861,2026-01-15,Instagram,Family Pressure,Short,Visual,Question,47,166040,188443,9551,372,1373,632,0.756,120,7.184,0.46,6.4542,0.08079904842206698,Viral
C03113,2026-01-15,Instagram,Self-Doubt,Short,Text,Story,35,132462,189474,11449,335,748,1489,0.61,361,10.585,1.991,8.6432,0.0672927481088916,Viral
C04737,2026-01-15,Instagram,Career Stress,Long,Text,Confession,43,101206,163584,3683,321,430,754,0.559,125,5.126,1.753,5.06,0.06052274963934945,Non-Viral
C04873,2026-01-15,Instagram,Dating,Long,Text,Confession,44,33558,241578,1942,305,222,174,0.361,157,7.876,0.784,7.2784,0.041995762560343285,Non-Viral
C03533,2026-01-15,Instagram,Dating,Short,Visual,Confession,52,77439,120095,6477,728,485,1243,0.644,507,11.536,2.563,10.6813,0.07344389261224964,Viral
C01411,2026-01-15,Instagram,College Life,Short,Visual,Question,23,145359,22250,7287,738,1796,1240,0.619,207,7.609,0.69,8.6809,0.07078077105648774,Viral
C01136,2026-01-15,Instagram,Friendship,Long,Text,List,46,94738,240290,6339,342,610,836,0.35,143,8.578,1.37,7.5835,0.04108625894572399,Non-Viral
C01470,2026-01-15,Instagram,College Life,Long,Visual,Story,22,137200,121621,6064,648,417,284,0.485,228,5.403,0.681,4.2442,0.051197157434402334,Non-Viral
C03509,2026-01-15,YouTube,Career Stress,Short,Visual,Question,17,34211,196495,2942,127,139,332,0.62,54,10.348,2.388,8.0164,0.06729654204787934,Viral
C03184,2026-01-15,Instagram,Self-Doubt,Short,Text,Story,58,102608,181410,4280,362,584,547,0.543,232,5.626,0.937,5.3885,0.058989692811476695,Non-Viral
C03189,2026-01-15,YouTube,Social Anxiety,Short,Visual,List,49,36673,99090,1381,111,279,175,0.434,52,5.306,0.627,5.5736,0.04870908297657677,Non-Viral
C01889,2026-01-15,YouTube,College Life,Long,Visual,Confession,30,171614,103054,11213,1447,1382,2078,0.518,952,9.393,1.504,9.3693,0.06032115794748681,Non-Viral
C00150,2026-01-15,YouTube,Social Anxiety,Short,Text,Question,40,101133,187662,6342,438,1008,397,0.576,372,8.093,0.394,7.5603,0.0639124796060633,Non-Viral
C03501,2026-01-15,Instagram,Dating,Long,Visual,Advice,9,31820,138392,2070,62,359,193,0.506,29,8.435,0.538,8.1427,0.057788874921433066,Non-Viral
C03919,2026-01-15,YouTube,Friendship,Short,Visual,Story,27,36706,122254,3175,460,276,169,0.698,90,11.115,0.612,9.3813,0.07644469024137743,Viral
C02331,2026-01-16,Instagram,Friendship,Short,Visual,Question,30,72112,181443,3570,395,438,331,0.448,125,6.565,0.756,6.0371,0.04973191147104505,Non-Viral
C01456,2026-01-16,Instagram,Dating,Short,Text,Story,21,171224,148596,11957,315,1436,1281,0.572,407,8.754,0.892,7.7799,0.06349438630098585,Non-Viral
C00279,2026-01-16,Instagram,Friendship,Short,Text,Confession,37,139398,231276,8892,452,919,1102,0.533,289,8.153,1.199,7.2347,0.05912468901992856,Non-Viral
C02525,2026-01-16,Instagram,Family Pressure,Short,Text,List,37,150937,108127,8708,898,1610,1035,0.5,655,8.117,0.643,8.3485,0.05774959088891392,Non-Viral
C02002,2026-01-16,Instagram,Social Anxiety,Short,Visual,Story,44,87598,91129,5915,705,465,640,0.498,324,8.819,1.376,7.6372,0.05558780337450627,Non-Viral
C03798,2026-01-16,Instagram,Family Pressure,Short,Visual,Advice,19,9784,245990,494,55,44,113,0.494,37,7.216,2.568,7.0268,0.05573176614881439,Non-Viral
C02888,2026-01-16,Instagram,Family Pressure,Short,Text,Confession,28,117894,225666,6926,1180,1575,1492,0.535,501,9.477,0.947,10.9777,0.06480973586442058,Non-Viral
C02129,2026-01-16,Instagram,Self-Doubt,Short,Visual,Advice,13,146241,14488,5984,1015,1084,667,0.564,175,5.983,0.615,6.2229,0.062144968921164376,Non-Viral
C02804,2026-01-16,Instagram,College Life,Short,Text,List,28,76837,183303,3821,218,835,572,0.424,297,7.088,0.685,7.661,0.0499490974400354,Non-Viral
C00036,2026-01-16,Instagram,Burnout,Long,Visual,Story,28,80363,119835,3867,134,250,619,0.511,256,6.06,2.476,5.1298,0.055060777969961304,Non-Viral
C00045,2026-01-17,Instagram,Social Anxiety,Short,Text,Story,29,65080,68166,3014,311,517,440,0.452,115,6.58,0.851,6.7678,0.05151991395205901,Non-Viral
C02795,2026-01-17,YouTube,Self-Doubt,Short,Text,Advice,42,40271,94567,2742,116,422,156,0.479,65,8.532,0.37,7.755,0.05420975143403441,Non-Viral
C01362,2026-01-17,Instagram,Career Stress,Short,Visual,List,30,43477,220071,2559,205,343,178,0.553,34,7.556,0.519,6.8358,0.06078565908411345,Non-Viral
C04277,2026-01-17,Instagram,Burnout,Long,Visual,Question,61,33083,51401,1952,87,106,297,0.325,126,7.381,2.802,6.1013,0.03702951667019315,Non-Viral
C02711,2026-01-17,Instagram,Self-Doubt,Short,Text,Confession,16,34226,152232,1473,94,248,210,0.585,93,5.917,0.847,5.9648,0.06401335242213521,Non-Viral
C04838,2026-01-17,Instagram,Social Anxiety,Short,Visual,Question,46,108724,33059,10190,578,1321,645,0.666,338,11.712,0.488,10.3151,0.07464468194694825,Viral
C02705,2026-01-17,Instagram,Career Stress,Short,Text,Advice,30,109631,224820,6239,606,621,621,0.525,402,7.377,1.0,6.5068,0.057577487207085595,Non-Viral
C03155,2026-01-17,Instagram,Friendship,Long,Visual,Story,67,73219,210640,3137,127,390,408,0.504,98,5.548,1.046,5.1148,0.054728794438602,Non-Viral
C02232,2026-01-17,YouTube,Burnout,Long,Text,Story,30,174507,85630,3358,565,869,723,0.422,107,3.16,0.832,3.7703,0.046169468273479,Non-Viral
C02312,2026-01-17,YouTube,Dating,Short,Visual,Question,30,138758,127277,6043,579,429,673,0.389,118,5.567,1.569,4.701,0.042372232231655114,Non-Viral
C04644,2026-01-17,Instagram,College Life,Long,Visual,Story,12,113524,84837,7819,443,1007,572,0.343,450,8.669,0.568,7.6979,0.040388580388287944,Non-Viral
C04854,2026-01-17,Instagram,Burnout,Short,Text,Confession,19,79213,203113,4230,212,381,542,0.462,184,6.773,1.423,5.8829,0.05081856008483457,Non-Viral
C04291,2026-01-17,Instagram,Family Pressure,Long,Visual,Confession,24,63343,79689,5203,659,748,853,0.448,245,11.782,1.14,11.9034,0.05571438675149583,Non-Viral
C04394,2026-01-17,Instagram,Friendship,Long,Visual,Confession,12,87336,131253,4196,305,780,476,0.496,188,6.592,0.61,6.6954,0.05577786479802144,Non-Viral
C01769,2026-01-17,YouTube,Self-Doubt,Short,Visual,Question,23,50359,169556,4545,556,528,547,0.495,254,12.264,1.036,11.4865,0.05913283623582677,Non-Viral
C01035,2026-01-17,YouTube,Dating,Long,Visual,List,56,68531,241325,5046,733,960,532,0.409,162,10.61,0.554,11.041,0.05113697304869329,Non-Viral
C02440,2026-01-17,Instagram,Social Anxiety,Short,Text,List,60,82247,64310,6901,548,1305,770,0.506,441,11.58,0.59,11.8272,0.06154811968825611,Non-Viral
C03917,2026-01-17,Instagram,Family Pressure,Short,Visual,Confession,26,29640,129210,1272,81,197,163,0.534,69,5.779,0.827,5.6495,0.0584506072874494,Non-Viral
C03070,2026-01-17,YouTube,Friendship,Short,Visual,List,28,5735,104079,519,21,42,81,0.535,25,11.561,1.929,10.0959,0.061581952920662604,Non-Viral
C00518,2026-01-17,Instagram,Career Stress,Short,Visual,Question,27,125071,198783,5923,304,1015,790,0.534,432,6.422,0.778,6.4303,0.05931144230077316,Non-Viral
C02964,2026-01-17,YouTube,Self-Doubt,Long,Text,Confession,37,159190,126461,10164,326,1404,887,0.368,420,8.029,0.632,7.2599,0.042747609774483324,Non-Viral
C04692,2026-01-17,Instagram,Self-Doubt,Short,Text,Advice,37,145719,7845,6215,182,243,510,0.413,237,4.907,2.099,3.5201,0.04328772980874149,Non-Viral
C03561,2026-01-17,Instagram,Self-Doubt,Short,Visual,List,34,84918,113320,3481,118,489,333,0.447,155,5.206,0.681,4.7699,0.04867618879389529,Non-Viral
C04456,2026-01-17,Instagram,Career Stress,Short,Text,Confession,40,40304,219372,2440,104,311,278,0.467,120,7.773,0.894,7.1085,0.05262869194124653,Non-Viral
C00387,2026-01-17,Instagram,College Life,Short,Visual,Question,48,115683,49894,2823,183,707,198,0.63,242,3.381,0.28,3.6332,0.06650094655221597,Viral
C04684,2026-01-17,Instagram,Dating,Long,Visual,Advice,34,10643,77211,425,50,38,52,0.567,13,5.309,1.368,4.7496,0.060477130508315324,Non-Viral
C04399,2026-01-17,Instagram,Career Stress,Short,Text,Story,46,9903,178645,337,22,51,22,0.59,17,4.362,0.431,4.024,0.06231717661314753,Non-Viral
C04680,2026-01-17,Instagram,College Life,Short,Visual,List,53,100105,246479,5725,521,1282,419,0.644,195,7.939,0.327,8.3193,0.07219931072374007,Viral
C04780,2026-01-18,YouTube,College Life,Short,Visual,Advice,20,39658,28365,1292,111,253,50,0.651,62,4.302,0.198,4.2148,0.06876886882848354,Viral
C03614,2026-01-18,YouTube,Family Pressure,Long,Text,Question,31,158362,190376,5686,627,1204,1022,0.479,353,5.392,0.849,5.9607,0.05385123830211793,Non-Viral
C03532,2026-01-18,Instagram,Burnout,Short,Text,List,51,121235,79423,4874,418,571,192,0.502,70,4.994,0.336,4.257,0.0533117251618757,Non-Viral
C03277,2026-01-18,YouTube,Family Pressure,Short,Visual,Story,21,5753,205705,297,23,32,35,0.577,7,6.727,1.094,6.0664,0.06262786372327482,Non-Viral
C03988,2026-01-18,YouTube,Self-Doubt,Long,Visual,Question,38,31133,246011,1549,139,91,113,0.487,74,6.077,1.242,4.7602,0.05177390871422606,Non-Viral
C00659,2026-01-18,YouTube,Self-Doubt,Short,Text,Story,37,48998,59806,2456,428,573,297,0.513,55,7.662,0.518,8.5371,0.0596911588228091,Non-Viral
C02591,2026-01-18,Instagram,Friendship,Short,Text,Story,41,59144,246321,1693,237,163,257,0.545,98,3.973,1.577,3.7282,0.0576448667658596,Non-Viral
C03335,2026-01-18,Instagram,Friendship,Short,Visual,List,8,90202,155384,2307,397,194,230,0.577,50,3.468,1.186,3.0942,0.06009296246202967,Non-Viral
C03411,2026-01-18,YouTube,Family Pressure,Long,Text,List,25,178577,7882,5451,284,303,250,0.4,120,3.521,0.825,2.5538,0.04142207563124031,Non-Viral
C03536,2026-01-18,YouTube,Family Pressure,Short,Visual,Story,51,87417,114831,7662,323,1208,740,0.542,426,11.363,0.613,10.7754,0.06351226191701843,Non-Viral
C04593,2026-01-18,YouTube,Family Pressure,Long,Visual,Confession,18,109251,112590,4518,274,375,431,0.514,294,5.124,1.149,4.2627,0.05450431941126397,Non-Viral
C02025,2026-01-18,YouTube,Family Pressure,Short,Visual,Question,23,67246,197686,2125,342,479,430,0.543,99,5.02,0.898,5.7587,0.06018659548523333,Non-Viral
C01022,2026-01-18,YouTube,College Life,Long,Text,Question,37,46787,219495,2263,299,419,320,0.38,115,7.055,0.764,7.4316,0.04504041720990874,Non-Viral
C01253,2026-01-18,Instagram,Friendship,Short,Visual,Advice,21,155210,24580,7762,561,1007,619,0.645,273,6.41,0.615,5.7867,0.06915820501256363,Viral
C00899,2026-01-18,YouTube,Friendship,Short,Visual,Story,43,141915,42050,5451,458,456,877,0.504,226,5.103,1.923,4.6045,0.05418395518444139,Non-Viral
C04231,2026-01-18,YouTube,Dating,Long,Text,Story,25,171601,138926,12444,1225,1070,2003,0.346,993,9.756,1.872,8.9018,0.0419784535055157,Non-Viral
C03652,2026-01-18,YouTube,Self-Doubt,Short,Text,Question,8,178902,141019,15530,1248,1228,2070,0.585,625,11.222,1.686,9.7601,0.06610639903410806,Non-Viral
C03816,2026-01-18,Instagram,Dating,Long,Text,List,33,84713,35893,1675,213,336,172,0.4,84,2.828,0.512,2.9618,0.04277112131550058,Non-Viral
C01953,2026-01-18,YouTube,Self-Doubt,Short,Text,Confession,20,8327,66161,398,44,60,37,0.471,20,6.473,0.617,6.2327,0.05246807974060286,Non-Viral
C01834,2026-01-18,Instagram,College Life,Short,Text,Advice,30,55311,120415,2649,435,351,264,0.513,80,6.688,0.752,6.4327,0.05676726690893313,Non-Viral
C01911,2026-01-19,Instagram,Self-Doubt,Long,Visual,List,21,91686,5555,3492,361,213,568,0.599,141,5.054,2.667,4.4309,0.06339453569792552,Non-Viral
C00069,2026-01-19,YouTube,Career Stress,Short,Visual,Confession,22,71484,143160,8731,778,377,1004,0.643,474,15.234,2.663,12.1307,0.07251932180627833,Viral
C02669,2026-01-19,Instagram,Family Pressure,Short,Visual,Question,23,136544,247286,15862,1022,2369,1017,0.476,893,14.845,0.429,13.6256,0.05876453304429342,Non-Viral
C01055,2026-01-19,Instagram,College Life,Short,Visual,Question,8,23146,48429,907,63,211,154,0.617,62,5.768,0.73,6.4331,0.06820652380540915,Viral
C03932,2026-01-19,Instagram,Dating,Short,Text,Story,33,178608,207820,11945,547,761,835,0.482,208,7.888,1.097,6.0165,0.05197922601451223,Non-Viral
C03580,2026-01-19,YouTube,Social Anxiety,Short,Visual,Advice,41,94698,162255,8317,461,377,984,0.672,346,10.707,2.61,8.3941,0.07283897864791232,Viral
C01215,2026-01-19,YouTube,College Life,Short,Text,Advice,52,121109,220367,2628,375,674,135,0.497,56,3.148,0.2,3.4419,0.05300322271672626,Non-Viral
C02856,2026-01-19,YouTube,College Life,Short,Visual,Advice,36,159164,103520,9740,691,1934,556,0.651,544,8.118,0.287,8.0549,0.07226713578447388,Viral
C04697,2026-01-19,Instagram,Friendship,Short,Text,Advice,46,80655,71829,2140,236,331,235,0.578,144,3.648,0.71,3.5794,0.06095975450994978,Non-Viral
C04105,2026-01-19,YouTube,Dating,Long,Visual,Story,19,106156,169707,4565,327,841,651,0.6,373,6.014,0.774,6.2154,0.06586683748445683,Non-Viral
C03916,2026-01-19,Instagram,Dating,Short,Visual,List,47,128766,121684,7155,279,642,622,0.659,446,6.755,0.969,5.5651,0.06991775313359117,Viral
C02479,2026-01-19,YouTube,Family Pressure,Long,Visual,Confession,60,121447,118633,5295,487,546,670,0.535,374,5.762,1.227,5.2336,0.057779644618640234,Non-Viral
C01027,2026-01-19,Instagram,Social Anxiety,Short,Text,Advice,42,57538,220354,3971,147,202,447,0.483,138,8.285,2.213,6.441,0.05259368417393723,Non-Viral
C01588,2026-01-19,Instagram,Social Anxiety,Short,Text,Confession,44,75389,141610,6963,493,1437,1017,0.473,297,13.145,0.708,14.0153,0.06090543315337782,Non-Viral
C01096,2026-01-20,YouTube,College Life,Long,Visual,List,33,137434,33853,3976,200,310,359,0.482,93,3.525,1.158,2.8639,0.05021696814470946,Non-Viral
C04537,2026-01-20,Instagram,Friendship,Short,Text,Confession,18,70724,70655,3346,338,359,619,0.493,275,6.592,1.724,6.3557,0.05492680278264804,Non-Viral
C00439,2026-01-20,Instagram,Friendship,Long,Text,Confession,29,164652,135500,11772,1281,786,1334,0.465,267,9.215,1.697,7.7943,0.05224575468260331,Non-Viral
C04624,2026-01-20,YouTube,Friendship,Long,Visual,Advice,12,132899,97252,5915,679,1379,728,0.415,137,6.547,0.528,7.2002,0.04857906003807403,Non-Viral
C04648,2026-01-20,YouTube,Friendship,Long,Visual,Question,32,29286,240158,1647,215,130,205,0.548,103,7.502,1.577,6.6448,0.05999872976849007,Non-Viral
C03134,2026-01-20,Instagram,Career Stress,Short,Visual,Confession,28,116100,65456,4593,658,769,295,0.447,169,5.439,0.384,5.3234,0.04929302325581396,Non-Viral
C01571,2026-01-20,Instagram,Burnout,Long,Text,Question,27,121524,192780,6424,603,1239,1243,0.497,346,7.825,1.003,8.4917,0.05810080971659919,Non-Viral
C02752,2026-01-20,Instagram,Career Stress,Short,Visual,Confession,36,25979,179910,1198,73,67,141,0.587,26,5.693,2.104,4.5864,0.061910285230378385,Non-Viral
C01851,2026-01-20,Instagram,Career Stress,Short,Text,Story,46,54517,88288,1580,90,201,124,0.583,115,3.659,0.617,3.2577,0.06088910064750445,Non-Viral
C00127,2026-01-20,Instagram,Social Anxiety,Short,Text,Advice,57,154423,87313,9082,893,557,1725,0.669,320,7.937,3.097,7.1243,0.07274174637197826,Viral
C03759,2026-01-20,Instagram,Dating,Short,Visual,List,20,150629,23833,11569,822,693,1424,0.551,341,9.632,2.055,7.9297,0.06082499319520147,Non-Viral
C00217,2026-01-20,Instagram,Friendship,Long,Visual,Confession,14,88027,248760,3227,275,487,379,0.367,165,4.962,0.778,4.8224,0.04094983243777478,Non-Viral
C03887,2026-01-21,Instagram,Friendship,Long,Visual,Confession,17,88747,44570,3301,303,461,415,0.426,262,5.048,0.9,4.8655,0.04685253811396441,Non-Viral
C00007,2026-01-21,YouTube,Career Stress,Short,Visual,Question,40,159046,139394,8177,940,1342,753,0.724,296,7.05,0.561,6.9354,0.07850389447078204,Viral
C01122,2026-01-21,Instagram,Burnout,Short,Text,Advice,33,145100,247001,9963,468,1214,527,0.456,426,8.389,0.434,7.1533,0.050938387319090284,Non-Viral
C00280,2026-01-21,Instagram,Career Stress,Long,Text,List,59,6858,45900,174,9,6,13,0.618,5,2.945,2.167,2.107,0.06295923009623797,Non-Viral
C03543,2026-01-21,YouTube,Burnout,Short,Text,List,35,160915,143936,8704,1382,1160,1742,0.582,531,8.071,1.502,8.3205,0.06597988378957835,Non-Viral
C00753,2026-01-21,Instagram,Social Anxiety,Long,Visual,Confession,26,59711,208235,5750,609,664,490,0.518,172,12.582,0.738,11.322,0.06079582991408619,Non-Viral
C00881,2026-01-21,Instagram,College Life,Short,Visual,Question,26,137639,219768,8568,768,1267,1587,0.54,677,8.857,1.253,9.0171,0.06243837865721199,Non-Viral
C00246,2026-01-21,YouTube,Social Anxiety,Long,Text,Advice,22,51561,121973,2589,131,414,183,0.541,65,6.433,0.442,6.0104,0.05915905626345495,Non-Viral
C02366,2026-01-21,Instagram,Family Pressure,Long,Visual,Confession,43,106602,96361,7267,416,1640,1060,0.602,632,9.74,0.646,10.5978,0.07069136038723477,Viral
C00678,2026-01-21,Instagram,Burnout,Long,Visual,List,50,11879,38452,592,57,139,31,0.534,25,6.895,0.223,7.2439,0.0601682464853944,Non-Viral
C01256,2026-01-21,Instagram,Burnout,Short,Visual,Advice,38,161076,103846,6836,731,334,675,0.381,327,5.324,2.021,4.2629,0.040971004991432615,Non-Viral
C04577,2026-01-21,Instagram,Friendship,Short,Text,Question,49,19937,14848,1593,92,119,213,0.502,52,10.117,1.79,8.6146,0.05678323719717109,Non-Viral
C00431,2026-01-21,Instagram,Family Pressure,Short,Text,Question,48,55727,193513,3048,293,264,406,0.626,93,7.198,1.538,6.4017,0.06770614244441653,Viral
C02529,2026-01-21,Instagram,Family Pressure,Short,Visual,Advice,41,17844,107266,1464,66,96,73,0.589,42,9.521,0.76,7.0892,0.06310309347679893,Non-Viral
C01328,2026-01-21,Instagram,Dating,Short,Text,Story,33,49127,194494,3864,426,369,613,0.447,151,10.731,1.661,9.9823,0.053124084515643134,Non-Viral
C01361,2026-01-21,Instagram,Family Pressure,Long,Visual,Advice,46,16614,161475,1685,113,71,162,0.416,86,12.225,2.282,9.3235,0.04746854460093897,Non-Viral
C03639,2026-01-21,Instagram,Dating,Long,Text,Question,47,68483,167106,3245,331,391,622,0.393,181,6.701,1.591,6.6235,0.045319012017581005,Non-Viral
C02635,2026-01-21,YouTube,Self-Doubt,Short,Text,Advice,25,40498,15800,1466,83,168,142,0.458,35,4.59,0.845,4.0632,0.04902608523877723,Non-Viral
C03321,2026-01-21,YouTube,Social Anxiety,Short,Text,List,50,169671,204055,5378,448,1044,1304,0.479,272,4.818,1.249,5.3639,0.05337058719521898,Non-Viral
C03982,2026-01-22,Instagram,Friendship,Short,Visual,Question,49,107640,152429,6580,600,642,482,0.486,128,7.715,0.751,6.5775,0.0534634336677815,Non-Viral
C01543,2026-01-22,Instagram,Friendship,Short,Visual,Question,15,143015,143747,7975,604,851,830,0.656,390,7.174,0.975,6.3675,0.07065226724469462,Viral
C02317,2026-01-22,Instagram,Social Anxiety,Long,Text,List,49,140513,203446,10753,1261,1184,1412,0.518,305,10.398,1.193,9.7101,0.05995262644737498,Non-Viral
C01721,2026-01-22,Instagram,Family Pressure,Short,Visual,Advice,57,43894,247387,1043,76,141,55,0.569,23,2.996,0.39,2.6621,0.0589811500432861,Non-Viral
C03281,2026-01-22,YouTube,Self-Doubt,Short,Visual,Confession,52,148907,160998,13235,1495,1925,1662,0.534,721,12.301,0.863,12.0605,0.06407176156930165,Non-Viral
C01931,2026-01-22,Instagram,Self-Doubt,Long,Text,Story,14,165069,149894,6035,423,603,317,0.444,143,4.47,0.526,3.6924,0.047004365447176635,Non-Viral
C03248,2026-01-22,YouTube,Career Stress,Short,Visual,Advice,50,115296,76684,7972,1342,1353,1269,0.557,372,10.352,0.938,10.9249,0.06602863238967528,Non-Viral
C03528,2026-01-22,Instagram,Family Pressure,Short,Visual,Question,25,69357,161684,3818,450,422,137,0.548,63,6.96,0.325,5.946,0.05910381936934989,Non-Viral
C02865,2026-01-22,YouTube,Social Anxiety,Short,Text,Question,26,62444,101405,3987,583,537,923,0.429,300,9.657,1.719,10.1291,0.05260469540708475,Non-Viral
C04432,2026-01-22,YouTube,Friendship,Long,Text,Confession,28,86952,30223,2129,222,486,106,0.502,172,3.385,0.218,3.5278,0.05346386972122551,Non-Viral
C03535,2026-01-22,YouTube,Burnout,Short,Visual,Confession,35,14861,180670,1281,139,176,107,0.692,66,11.46,0.608,10.7059,0.07809240293385371,Viral
C02854,2026-01-22,YouTube,Burnout,Short,Visual,Question,31,159408,203005,7018,1060,748,1151,0.537,207,6.259,1.539,6.0505,0.058975143029208074,Non-Viral
C00826,2026-01-22,YouTube,Friendship,Short,Text,List,46,139412,181204,3877,384,262,137,0.536,199,3.343,0.523,2.564,0.05515366826385104,Non-Viral
C00695,2026-01-22,Instagram,College Life,Long,Text,Question,12,112878,67712,2905,301,333,358,0.495,133,3.452,1.075,3.2061,0.0521789985648222,Non-Viral
C03620,2026-01-22,Instagram,Burnout,Long,Text,Story,31,94868,198358,5572,559,285,519,0.387,79,7.31,1.821,5.816,0.04257696588944639,Non-Viral
C01809,2026-01-22,YouTube,Burnout,Short,Text,Confession,45,132981,236246,5968,735,699,328,0.638,330,5.813,0.469,5.1432,0.06773439664312948,Viral
C00728,2026-01-22,Instagram,Friendship,Short,Text,Question,36,32712,34605,1179,55,189,83,0.419,22,4.604,0.439,4.2951,0.045513352898019076,Non-Viral
C01531,2026-01-22,Instagram,Self-Doubt,Short,Visual,Story,33,59339,79596,3000,284,208,388,0.511,118,6.539,1.865,5.6051,0.05535689681322571,Non-Viral
C04258,2026-01-22,YouTube,College Life,Short,Visual,Confession,22,64684,54855,3262,372,398,158,0.688,146,6.478,0.397,5.7186,0.07316429410673428,Viral
C00001,2026-01-22,Instagram,Social Anxiety,Long,Visual,Advice,42,107392,109563,5821,596,361,988,0.391,180,7.231,2.737,6.3911,0.04420512887365912,Non-Viral
C04698,2026-01-22,YouTube,Friendship,Long,Visual,Advice,31,135717,48788,10557,340,869,1138,0.489,562,9.508,1.31,7.8631,0.05467267402020381,Non-Viral
C04926,2026-01-22,Instagram,Dating,Short,Text,List,54,113606,16540,6488,552,1355,398,0.663,427,7.74,0.294,7.8631,0.07344706969702305,Viral
C00196,2026-01-22,Instagram,Burnout,Long,Text,Story,44,151343,208496,11539,459,1705,822,0.326,350,9.597,0.482,8.7331,0.03975394831607673,Non-Viral
C00172,2026-01-22,Instagram,Friendship,Short,Text,List,30,64637,40957,3707,369,330,454,0.459,91,7.519,1.376,6.6603,0.05116091866887387,Non-Viral
C01690,2026-01-23,Instagram,Family Pressure,Short,Text,List,43,99884,165169,2696,277,422,427,0.437,180,3.826,1.012,3.888,0.047299675623723524,Non-Viral
C02816,2026-01-23,Instagram,Family Pressure,Short,Visual,Advice,35,124354,94980,10821,431,1152,1843,0.539,442,11.457,1.6,10.6141,0.06303480869131672,Non-Viral
C02033,2026-01-23,YouTube,Self-Doubt,Long,Visual,Question,47,103240,127932,5084,806,1116,820,0.559,237,7.58,0.735,8.4647,0.06431824874079814,Non-Viral
C03414,2026-01-23,Instagram,Burnout,Short,Visual,Confession,16,129325,107970,10614,1118,788,1546,0.58,496,10.876,1.962,9.6192,0.06562497583607191,Non-Viral
C04528,2026-01-23,Instagram,Career Stress,Long,Text,Confession,14,152268,59281,6879,294,954,560,0.399,345,5.705,0.587,5.1636,0.044112309874694625,Non-Viral
C00010,2026-01-23,Instagram,Self-Doubt,Short,Visual,List,36,25252,182649,872,52,96,101,0.487,39,4.439,1.052,3.9759,0.051919546966576906,Non-Viral
C00359,2026-01-23,YouTube,Self-Doubt,Short,Text,Story,58,166301,171853,7166,445,1760,1557,0.495,642,6.571,0.885,7.6034,0.05747259186655523,Non-Viral
C04294,2026-01-23,Instagram,Friendship,Long,Visual,Advice,14,95647,9903,7336,579,995,759,0.527,141,10.109,0.763,9.4509,0.06066993110081864,Non-Viral
C04300,2026-01-23,Instagram,Friendship,Short,Text,Confession,43,118776,32175,4853,461,365,883,0.476,306,5.525,2.419,5.0338,0.051795291978177414,Non-Viral
C02082,2026-01-23,YouTube,Dating,Long,Visual,List,32,31719,149725,2055,117,248,201,0.461,24,8.263,0.81,7.4057,0.052072760805826165,Non-Viral
C01633,2026-01-23,Instagram,Career Stress,Short,Visual,List,39,147243,163873,3820,324,234,451,0.597,191,3.28,1.927,2.7166,0.06166410016095842,Non-Viral
C00376,2026-01-23,Instagram,Burnout,Long,Visual,List,15,49505,79097,4015,136,423,273,0.669,104,9.791,0.645,8.1335,0.07281152408847591,Viral
C02594,2026-01-23,Instagram,Friendship,Short,Visual,List,61,95863,217162,8258,718,1116,833,0.664,270,11.396,0.746,10.661,0.07536904958117313,Viral
C02340,2026-01-23,Instagram,College Life,Short,Visual,List,54,151199,162471,9885,415,1546,1434,0.617,328,8.783,0.928,8.6449,0.06955818689277046,Viral
C00033,2026-01-23,YouTube,Social Anxiety,Long,Visual,Advice,34,49412,224445,2930,517,716,160,0.575,168,8.749,0.223,9.5291,0.06656156399255242,Viral
C00133,2026-01-23,YouTube,College Life,Short,Text,List,39,93001,33670,3910,541,859,341,0.547,165,6.076,0.397,6.479,0.060828966355200485,Non-Viral
C04466,2026-01-23,Instagram,College Life,Short,Text,Advice,38,52717,218330,2347,229,156,229,0.569,134,5.617,1.468,4.6342,0.06018641614659408,Non-Viral
C00581,2026-01-23,Instagram,Career Stress,Long,Visual,Story,20,10267,224040,314,14,25,48,0.495,23,3.906,1.92,3.3992,0.052202834323560925,Non-Viral
C00951,2026-01-23,YouTube,Burnout,Short,Visual,Advice,33,61422,137365,4188,521,590,412,0.602,290,9.298,0.698,8.9048,0.06780720914330371,Viral
C04611,2026-01-23,YouTube,Dating,Short,Visual,Advice,37,115824,11252,7276,427,930,1182,0.451,430,8.474,1.271,8.1438,0.052327776626605885,Non-Viral
C00910,2026-01-23,Instagram,Family Pressure,Long,Visual,Question,41,167395,155335,7598,789,1162,778,0.556,357,6.169,0.67,5.9885,0.06082506645957168,Non-Viral
C04572,2026-01-23,Instagram,Burnout,Short,Text,List,28,161916,93127,13320,484,2374,1673,0.678,225,11.025,0.705,11.0267,0.07794600163047508,Viral
C04101,2026-01-23,Instagram,College Life,Short,Visual,Story,40,139380,193385,5170,497,1450,1230,0.488,457,5.989,0.848,7.2754,0.05666375376668102,Non-Viral
C04128,2026-01-23,Instagram,Burnout,Short,Visual,Question,19,69712,21314,2973,386,152,594,0.627,211,5.889,3.908,5.3212,0.06706797108101906,Viral
C02912,2026-01-23,YouTube,Career Stress,Short,Text,Advice,34,109864,21686,4619,654,1139,485,0.489,303,6.278,0.426,6.9882,0.055782600305832666,Non-Viral
C03284,2026-01-24,YouTube,College Life,Short,Visual,Story,28,18867,15952,1512,139,144,195,0.607,57,10.548,1.354,9.4689,0.06834032437589442,Viral
C00243,2026-01-24,Instagram,Career Stress,Short,Visual,List,18,98942,129233,4322,242,287,627,0.515,186,5.537,2.185,4.6886,0.055073305572961945,Non-Viral
C01842,2026-01-24,Instagram,Career Stress,Long,Visual,List,40,109959,196638,5373,430,668,264,0.415,275,6.125,0.395,5.3324,0.045540596949772194,Non-Viral
C03975,2026-01-24,Instagram,Social Anxiety,Short,Text,Advice,8,159725,48954,16191,1187,1063,1498,0.482,219,12.483,1.409,10.0554,0.05512314916262326,Non-Viral
C02306,2026-01-24,YouTube,College Life,Short,Text,Advice,39,82151,218895,5132,499,311,226,0.566,321,7.508,0.727,5.7206,0.060040006816715556,Non-Viral
C00674,2026-01-24,YouTube,Career Stress,Long,Visual,List,30,137846,100728,3844,431,201,345,0.359,56,3.497,1.716,2.8013,0.037776006558043036,Non-Viral
C02453,2026-01-24,Instagram,Family Pressure,Long,Text,List,41,115146,197652,6387,525,742,287,0.373,261,6.896,0.387,5.889,0.041631457454014906,Non-Viral
C03959,2026-01-24,Instagram,College Life,Long,Text,Story,8,61963,103016,2245,144,336,349,0.341,82,4.961,1.039,4.9134,0.038578479092361576,Non-Viral
C02266,2026-01-24,Instagram,Social Anxiety,Short,Visual,Story,50,27970,166322,2603,307,417,297,0.627,49,12.957,0.712,12.896,0.07424093671791206,Viral
C02742,2026-01-24,Instagram,Self-Doubt,Short,Text,List,47,141444,172676,4950,553,816,777,0.577,410,5.017,0.952,5.1656,0.06253053363875456,Non-Viral
C04314,2026-01-24,Instagram,Friendship,Short,Text,Question,35,50198,153316,2536,325,182,145,0.501,60,6.351,0.797,5.1626,0.05356926172357465,Non-Viral
C00700,2026-01-24,YouTube,Burnout,Long,Visual,Question,41,67934,202691,5851,451,425,562,0.401,174,10.73,1.322,8.8336,0.04639287249389113,Non-Viral
C04848,2026-01-24,Instagram,Social Anxiety,Short,Text,List,8,177268,218695,5764,962,1408,1222,0.525,141,5.278,0.868,6.2013,0.05895632601484758,Non-Viral
C04843,2026-01-24,YouTube,Burnout,Short,Text,Question,31,17367,102168,1593,99,62,206,0.653,57,11.286,3.323,8.8847,0.07132003800310936,Viral
C04727,2026-01-24,Instagram,Friendship,Short,Text,Advice,16,14584,189461,481,28,50,19,0.569,25,3.963,0.38,3.2261,0.05912161272627537,Non-Viral
C04671,2026-01-24,Instagram,Friendship,Short,Visual,Story,39,33334,130639,1939,169,344,322,0.578,37,8.322,0.936,8.6968,0.06610233395332094,Non-Viral
C04763,2026-01-24,Instagram,Burnout,Short,Visual,Story,40,89419,103757,8021,1049,1365,1669,0.679,577,13.536,1.223,14.5573,0.08212851966584284,Viral
C00791,2026-01-24,Instagram,Family Pressure,Long,Text,Confession,47,127084,100481,2930,371,623,200,0.375,154,3.245,0.321,3.3761,0.04061604922728275,Non-Viral
C03672,2026-01-24,Instagram,Family Pressure,Long,Text,List,42,114971,214622,8310,726,522,595,0.422,295,8.831,1.14,6.9583,0.04674288472745301,Non-Viral
C04071,2026-01-24,YouTube,Family Pressure,Long,Visual,Advice,42,79284,146957,5266,184,773,415,0.537,198,8.372,0.537,7.6409,0.06000581201755714,Non-Viral
C03419,2026-01-24,YouTube,Dating,Short,Text,List,32,105033,230411,2283,368,340,457,0.541,152,3.283,1.344,3.4537,0.05738753820227929,Non-Viral
C00087,2026-01-24,Instagram,Career Stress,Long,Visual,Advice,24,176990,157012,8392,966,701,2032,0.38,404,6.831,2.899,6.6738,0.044045256794169166,Non-Viral
C00218,2026-01-24,YouTube,Career Stress,Short,Text,Confession,33,66145,96275,6092,274,263,814,0.501,304,11.253,3.095,8.8805,0.056202502078766356,Non-Viral
C00977,2026-01-24,YouTube,Family Pressure,Short,Visual,List,41,73422,130278,3712,406,706,714,0.517,132,7.543,1.011,8.1869,0.05977387431560023,Non-Viral
C02682,2026-01-25,Instagram,Dating,Short,Visual,Advice,69,100349,75261,6165,579,470,843,0.601,297,8.029,1.794,7.0225,0.06559332828428784,Non-Viral
C03872,2026-01-25,Instagram,Self-Doubt,Short,Visual,Advice,35,9901,45978,539,32,124,29,0.513,18,7.312,0.234,7.5497,0.058299293000707006,Non-Viral
C02472,2026-01-25,Instagram,Career Stress,Short,Visual,List,60,106543,128040,2894,244,357,485,0.61,106,3.736,1.359,3.6173,0.06421701097209577,Non-Viral
C00580,2026-01-25,Instagram,Dating,Short,Visual,Story,30,169523,222864,9011,589,1044,805,0.581,315,6.754,0.771,5.9762,0.06281705904213587,Non-Viral
C01738,2026-01-25,YouTube,Career Stress,Long,Text,Story,45,50919,74959,4084,530,736,436,0.483,153,11.363,0.592,11.6204,0.05893453720615095,Non-Viral
C01880,2026-01-25,Instagram,Dating,Short,Text,Story,33,172596,157952,5019,483,466,701,0.595,130,3.864,1.504,3.496,0.062353194743794756,Non-Viral
C00588,2026-01-25,Instagram,Friendship,Long,Visual,Question,21,76037,108010,3491,163,457,473,0.592,153,6.029,1.035,5.6643,0.06409235503767903,Non-Viral
C01788,2026-01-25,Instagram,Burnout,Short,Visual,Advice,34,178837,218689,11976,1096,2424,1628,0.443,338,9.575,0.672,10.1545,0.05404966030519412,Non-Viral
C04461,2026-01-25,Instagram,Burnout,Short,Visual,Advice,29,37401,224726,3748,163,233,330,0.577,135,11.962,1.416,9.2979,0.06380411486323895,Non-Viral
C02321,2026-01-25,YouTube,Career Stress,Short,Visual,Question,35,15655,134209,1014,112,177,69,0.682,35,8.764,0.39,8.5851,0.07568323219418717,Viral
C03807,2026-01-25,YouTube,Burnout,Short,Text,Question,45,114064,179727,8957,429,1142,850,0.403,393,9.975,0.744,8.9844,0.04760510941225979,Non-Viral
C03343,2026-01-25,Instagram,Friendship,Short,Visual,Question,45,20536,190255,831,98,100,69,0.663,25,5.347,0.69,4.8719,0.07021507596416052,Viral
C01289,2026-01-25,Instagram,Family Pressure,Short,Visual,Advice,32,106522,206568,6163,609,573,757,0.596,487,7.606,1.321,6.7855,0.06501015001595914,Non-Viral
C04183,2026-01-25,Instagram,Friendship,Short,Visual,Question,41,52617,96776,1795,285,183,367,0.425,81,4.998,2.005,4.9566,0.046970038200581564,Non-Viral
C00891,2026-01-25,Instagram,Dating,Short,Visual,List,32,9681,208795,894,90,109,31,0.496,37,11.61,0.284,10.03,0.05702175395103812,Non-Viral
C01436,2026-01-25,Instagram,Self-Doubt,Short,Text,Confession,51,29859,219603,1019,65,257,181,0.613,62,5.097,0.704,5.8274,0.0673182859439365,Viral
C04635,2026-01-25,Instagram,Family Pressure,Short,Text,Question,36,15042,65493,866,64,102,100,0.495,21,7.526,0.98,6.8807,0.055184084563222977,Non-Viral
C02957,2026-01-25,Instagram,Burnout,Short,Text,List,42,139023,56406,3985,446,740,507,0.631,176,4.084,0.685,4.2407,0.06707056602144969,Viral
C03035,2026-01-25,YouTube,Social Anxiety,Short,Visual,List,31,34808,113035,2852,313,285,560,0.611,89,11.52,1.965,11.1196,0.07095980234428867,Viral
C04070,2026-01-25,YouTube,College Life,Long,Visual,List,36,88133,72909,4851,297,776,387,0.427,268,7.161,0.499,6.7773,0.04848500675116018,Non-Viral
C03497,2026-01-25,Instagram,Friendship,Short,Visual,Story,8,73531,58660,6081,514,1236,900,0.433,454,11.874,0.728,12.6742,0.05558461465232352,Non-Viral
C04553,2026-01-25,Instagram,Friendship,Short,Visual,Advice,52,117498,57408,7230,619,821,518,0.572,210,7.82,0.631,6.8448,0.06245711075933207,Non-Viral
C02502,2026-01-25,YouTube,Burnout,Short,Text,Story,35,39605,126238,3152,291,484,239,0.589,110,10.519,0.494,9.9546,0.0673118166898119,Viral
C04916,2026-01-25,YouTube,Dating,Short,Text,Story,69,4276,223791,167,10,14,7,0.567,6,4.63,0.5,3.6132,0.05901524789522919,Non-Viral
C04853,2026-01-26,YouTube,Burnout,Long,Visual,Advice,32,107226,115909,4440,174,524,719,0.481,87,5.462,1.372,5.121,0.05255414358457837,Non-Viral
C04966,2026-01-26,Instagram,College Life,Long,Text,Confession,41,158906,17490,8757,282,405,587,0.412,406,6.313,1.449,4.525,0.04372130190175324,Non-Viral
C01827,2026-01-26,Instagram,Burnout,Short,Text,Advice,8,145488,88274,7260,397,1477,1587,0.459,611,7.369,1.074,8.1316,0.05415016496205873,Non-Viral
C03783,2026-01-26,Instagram,Friendship,Long,Visual,Advice,38,33652,137027,2870,216,483,298,0.364,118,11.491,0.617,11.3039,0.04647815285867111,Non-Viral
C02556,2026-01-26,Instagram,Family Pressure,Short,Visual,Story,54,74381,158722,5388,502,825,872,0.652,336,10.2,1.057,10.3064,0.07472057649130827,Viral
C04420,2026-01-26,Instagram,Self-Doubt,Short,Text,Confession,32,43945,47069,1562,109,139,242,0.485,79,4.669,1.741,4.1996,0.05194749118215952,Non-Viral
C03353,2026-01-26,Instagram,Social Anxiety,Long,Visual,Advice,23,155055,25579,13866,1083,914,468,0.457,292,10.532,0.512,7.8911,0.05030578504401664,Non-Viral
C00460,2026-01-26,YouTube,Dating,Short,Visual,List,26,130490,38040,5778,691,1285,856,0.53,391,6.598,0.666,7.2745,0.06019365468618285,Non-Viral
C02423,2026-01-26,Instagram,Friendship,Short,Visual,Story,37,97773,99218,3365,491,478,248,0.625,152,4.686,0.519,4.4481,0.06621421558098861,Non-Viral
C02623,2026-01-26,Instagram,Friendship,Long,Text,Question,38,90374,31277,5537,332,995,324,0.503,247,7.954,0.326,7.6344,0.056880985681722625,Non-Viral
C03687,2026-01-26,YouTube,Career Stress,Short,Visual,List,23,105206,47295,3894,390,226,481,0.558,217,4.744,2.128,3.9656,0.058694321616637846,Non-Viral
C00583,2026-01-26,YouTube,Social Anxiety,Short,Text,Story,36,29878,200492,2545,112,215,224,0.508,85,10.362,1.042,8.4795,0.056849601713635456,Non-Viral
C01359,2026-01-26,YouTube,Career Stress,Short,Visual,Advice,13,120318,208254,6993,792,1467,529,0.543,397,8.129,0.361,8.4306,0.062093098289532744,Non-Viral
C02177,2026-01-26,Instagram,Self-Doubt,Short,Text,Confession,40,114852,181171,6687,679,486,309,0.519,235,7.106,0.636,5.6055,0.055498108870546445,Non-Viral
C01730,2026-01-26,Instagram,Self-Doubt,Short,Text,Question,54,163670,52156,9786,1107,1054,1957,0.58,329,8.495,1.857,8.3274,0.06549954176086026,Non-Viral
C02615,2026-01-26,Instagram,Social Anxiety,Short,Visual,Question,10,41950,113410,3006,99,509,169,0.598,178,9.018,0.332,8.3826,0.06682264600715138,Viral
C04917,2026-01-26,Instagram,Social Anxiety,Long,Visual,Story,36,159457,115627,17849,799,3233,2586,0.473,687,15.344,0.8,15.6744,0.062040651084618426,Non-Viral
C00818,2026-01-26,Instagram,Self-Doubt,Long,Visual,Confession,38,126309,245149,11420,1393,1421,1082,0.446,637,12.126,0.761,11.2633,0.0538867491627675,Non-Viral
C02475,2026-01-26,Instagram,Family Pressure,Short,Visual,Question,43,77789,174073,5083,508,743,624,0.479,184,8.945,0.84,8.7165,0.05558424841558575,Non-Viral
C04779,2026-01-26,Instagram,Social Anxiety,Long,Visual,List,38,121777,118875,10332,557,1183,664,0.304,534,10.458,0.561,8.9331,0.03709338216576201,Non-Viral
C00258,2026-01-26,YouTube,Social Anxiety,Short,Visual,Question,8,94055,111152,4742,218,402,345,0.544,241,6.068,0.858,4.8844,0.057771431609164856,Non-Viral
C01166,2026-01-26,Instagram,Social Anxiety,Short,Visual,Question,57,59881,64329,5046,157,364,443,0.618,247,10.037,1.217,7.9099,0.06714810707904009,Viral
C03853,2026-01-26,YouTube,Self-Doubt,Short,Text,List,57,25187,52147,2263,174,207,277,0.551,37,11.597,1.338,10.1938,0.06313390638027555,Non-Viral
C01855,2026-01-26,YouTube,Self-Doubt,Short,Text,Question,28,144879,163101,12009,525,610,1908,0.587,510,10.389,3.128,8.5851,0.06508912471786801,Non-Viral
C00171,2026-01-26,Instagram,College Life,Short,Visual,Story,42,153591,170838,16209,1248,1578,1066,0.471,267,13.087,0.676,10.9658,0.0550242924390101,Non-Viral
C04107,2026-01-26,YouTube,Social Anxiety,Long,Text,Question,20,178337,81443,11198,625,2011,854,0.408,968,8.236,0.425,8.0059,0.04783667775055093,Non-Viral
C01450,2026-01-26,Instagram,Career Stress,Short,Visual,List,34,8889,122266,950,60,32,100,0.605,38,12.847,3.125,9.6861,0.06650742490718865,Viral
C02265,2026-01-26,Instagram,Friendship,Long,Text,List,48,16435,186769,860,43,91,88,0.347,22,6.584,0.967,5.7408,0.03919041679342866,Non-Viral
C00516,2026-01-26,YouTube,Social Anxiety,Short,Visual,List,9,172591,214751,7724,522,976,324,0.669,229,5.531,0.332,4.7633,0.07046159938814886,Viral
C02515,2026-01-26,Instagram,Friendship,Short,Text,List,35,8775,147753,459,64,77,33,0.504,22,7.214,0.429,7.094,0.05657094017094017,Non-Viral
C03150,2026-01-27,Instagram,Burnout,Short,Text,Confession,11,55303,21979,3571,172,440,543,0.607,66,8.546,1.234,8.0457,0.06769238739308898,Viral
C01272,2026-01-27,YouTube,Friendship,Short,Text,Confession,43,118451,23363,12145,377,1417,1941,0.41,632,13.406,1.37,12.4701,0.05177660804889786,Non-Viral
C01489,2026-01-27,YouTube,Social Anxiety,Short,Visual,Advice,34,143473,24725,14532,641,670,602,0.636,435,11.462,0.899,7.9747,0.0676303750531459,Viral
C02504,2026-01-27,Instagram,Friendship,Long,Visual,List,31,177368,106300,8966,828,759,670,0.445,731,6.328,0.883,5.267,0.0482591335528393,Non-Viral
C04832,2026-01-27,YouTube,Career Stress,Short,Text,Confession,8,170055,118795,15413,578,1723,1107,0.443,337,11.068,0.642,9.3831,0.05132213989591603,Non-Viral
C00480,2026-01-27,YouTube,Friendship,Long,Visual,List,44,71084,237051,1960,184,85,89,0.421,90,3.261,1.047,2.3761,0.043401980755162904,Non-Viral
C04044,2026-01-27,Instagram,Burnout,Long,Visual,Question,35,79186,43451,2499,206,529,489,0.411,84,4.702,0.924,5.2074,0.046349033920137395,Non-Viral
C03727,2026-01-27,Instagram,Self-Doubt,Short,Text,Advice,17,57959,34562,1499,157,301,186,0.508,27,3.697,0.618,3.8993,0.054506068082610125,Non-Viral
C03491,2026-01-27,Instagram,Dating,Short,Visual,Question,52,83296,194898,4273,499,415,669,0.46,250,7.03,1.612,6.5645,0.05155008643872455,Non-Viral
C01538,2026-01-27,YouTube,Burnout,Short,Text,Question,41,62161,49435,2230,98,352,421,0.551,117,4.989,1.196,5.0836,0.059916524830681626,Non-Viral
C00310,2026-01-27,Instagram,Dating,Short,Visual,Confession,26,56737,133322,3000,298,168,287,0.508,73,6.615,1.708,5.3316,0.05443783774256658,Non-Viral
C01867,2026-01-27,Instagram,Friendship,Short,Visual,Confession,23,54460,153739,3558,580,534,333,0.565,115,9.19,0.624,9.0286,0.06434428938670583,Non-Viral
C01816,2026-01-27,Instagram,Burnout,Long,Text,Advice,25,59160,131825,3594,267,318,326,0.513,143,7.615,1.025,6.4292,0.05604898580121705,Non-Viral
C01227,2026-01-27,YouTube,Dating,Short,Text,Question,40,65811,137529,3467,339,483,107,0.617,52,6.68,0.222,5.9337,0.06626306696448922,Non-Viral
C00322,2026-01-27,YouTube,Friendship,Short,Text,Story,19,134879,86447,4758,652,540,534,0.5,164,4.807,0.989,4.4818,0.053714440350239846,Non-Viral
C03034,2026-01-27,Instagram,Burnout,Short,Text,Confession,34,30194,215194,1708,85,243,143,0.488,92,7.217,0.588,6.6122,0.05426466185334835,Non-Viral
C03077,2026-01-27,YouTube,College Life,Short,Visual,Story,33,110815,80103,7278,1027,756,1070,0.597,437,9.142,1.415,8.6518,0.06705685602129675,Viral
C02946,2026-01-27,Instagram,Family Pressure,Short,Text,Advice,24,52905,45096,4574,127,358,255,0.603,210,10.044,0.712,7.677,0.06515114828466119,Non-Viral
C04238,2026-01-27,Instagram,Self-Doubt,Short,Visual,Advice,34,144009,170439,11787,1371,738,2150,0.585,480,11.142,2.913,10.0438,0.06671302835239463,Viral
C00808,2026-01-27,Instagram,Burnout,Short,Visual,Story,33,118067,71514,6094,493,836,253,0.555,406,6.501,0.303,5.7599,0.059955521017727234,Non-Viral
C04978,2026-01-27,Instagram,Career Stress,Short,Visual,Confession,47,151367,167984,5289,599,626,396,0.471,441,4.565,0.633,4.1046,0.05033947756115931,Non-Viral
C04434,2026-01-28,YouTube,Career Stress,Long,Visual,Confession,41,175441,19667,8502,879,929,992,0.479,532,6.442,1.068,5.894,0.05273068381963167,Non-Viral
C01321,2026-01-28,YouTube,Burnout,Short,Text,Advice,39,49018,168500,3825,522,618,221,0.462,204,10.58,0.358,10.183,0.05482336284630136,Non-Viral
C02911,2026-01-28,Instagram,Burnout,Short,Text,Confession,27,19910,40366,982,161,231,81,0.38,70,7.308,0.351,7.9734,0.045654445002511305,Non-Viral
C02723,2026-01-28,Instagram,Family Pressure,Short,Text,Advice,31,119429,192361,8303,342,833,1213,0.538,409,8.952,1.456,8.0295,0.06041522745731774,Non-Viral
C03027,2026-01-28,Instagram,Social Anxiety,Short,Text,Confession,49,21245,161307,2154,139,214,277,0.435,46,13.104,1.294,11.6804,0.05292574723464345,Non-Viral
C02244,2026-01-28,Instagram,Self-Doubt,Long,Text,Story,42,36764,200949,1603,123,235,212,0.357,112,5.911,0.902,5.7529,0.040808258078555114,Non-Viral
C04221,2026-01-28,Instagram,Burnout,Short,Visual,List,35,89510,205921,8433,1016,1269,1022,0.496,155,13.116,0.805,12.9499,0.06110765277622612,Non-Viral
C02853,2026-01-28,YouTube,Career Stress,Short,Visual,Advice,42,30494,122792,1583,217,140,174,0.774,82,6.933,1.243,6.1815,0.08224521545222012,Viral
C03791,2026-01-28,YouTube,Dating,Short,Visual,Story,33,144872,208341,14262,722,2016,1650,0.566,660,12.873,0.818,12.1224,0.0670264454138826,Viral
C04382,2026-01-28,YouTube,Friendship,Short,Text,Confession,36,55270,17205,3277,352,456,427,0.508,48,8.164,0.936,7.9401,0.057785706531572285,Non-Viral
C00120,2026-01-28,YouTube,College Life,Short,Visual,Advice,45,96482,121393,7499,794,1068,903,0.541,456,10.638,0.846,10.3133,0.0631234447876288,Non-Viral
C04729,2026-01-28,Instagram,Burnout,Long,Visual,List,21,173236,201394,14251,1429,1100,967,0.521,540,10.244,0.879,8.3718,0.057869297374679635,Non-Viral
C01216,2026-01-28,YouTube,Family Pressure,Short,Text,Story,58,95057,32845,4361,399,745,345,0.611,267,6.154,0.463,6.0006,0.0663452738882986,Non-Viral
C00873,2026-01-28,YouTube,Dating,Long,Visual,Advice,18,62974,211499,1457,249,332,222,0.482,72,3.589,0.669,4.0366,0.0522230888938292,Non-Viral
C04769,2026-01-28,YouTube,Career Stress,Short,Text,List,25,54622,37033,2710,305,551,373,0.469,223,7.211,0.677,7.7103,0.05432557943685694,Non-Viral
C03591,2026-01-28,Instagram,Self-Doubt,Short,Visual,List,48,57283,56266,1411,200,328,252,0.551,46,3.825,0.768,4.3529,0.05952015955868234,Non-Viral
C01484,2026-01-28,Instagram,College Life,Long,Visual,Advice,23,122194,234413,8927,684,1152,1420,0.476,287,9.97,1.233,9.6449,0.056168342144458816,Non-Viral
C01466,2026-01-28,Instagram,College Life,Long,Text,Advice,32,128997,142337,7493,885,678,989,0.442,449,7.787,1.459,7.0436,0.04989431847252262,Non-Viral
C00501,2026-01-28,YouTube,Friendship,Short,Text,Advice,36,25662,197947,1192,106,174,74,0.552,21,6.024,0.425,5.553,0.059735889642272624,Non-Viral
C01579,2026-01-28,Instagram,Burnout,Short,Visual,List,27,9076,160065,646,79,114,95,0.671,38,10.291,0.833,10.7261,0.07719806081974438,Viral
C02506,2026-01-29,Instagram,Family Pressure,Short,Text,Advice,54,151809,208202,4255,635,635,427,0.552,332,3.921,0.672,3.8463,0.058553556113273925,Non-Viral
C00778,2026-01-29,Instagram,Burnout,Short,Text,Story,47,25516,208486,1690,129,111,140,0.52,91,8.113,1.261,6.4724,0.056361968960652147,Non-Viral
C00313,2026-01-29,YouTube,Dating,Short,Visual,Confession,56,173085,95965,17155,2439,2136,2503,0.579,624,14.001,1.172,13.6638,0.06990537308258948,Viral
C02269,2026-01-29,Instagram,Friendship,Short,Text,Advice,40,23213,184577,1067,141,239,123,0.518,70,6.763,0.515,7.3579,0.05893393357170552,Non-Viral
C04402,2026-01-29,Instagram,Social Anxiety,Short,Text,Advice,39,4758,208255,161,24,20,8,0.494,6,4.477,0.4,4.0458,0.05255258511979823,Non-Viral
C02364,2026-01-29,YouTube,Self-Doubt,Short,Visual,Question,36,109867,92910,6859,878,1176,707,0.601,548,8.756,0.601,8.8184,0.06804597103770924,Viral
C00198,2026-01-29,Instagram,Friendship,Long,Visual,Question,26,169470,126020,11681,465,826,1846,0.423,852,8.744,2.235,7.4987,0.04817272083554612,Non-Viral
C00538,2026-01-29,Instagram,College Life,Long,Visual,Question,43,132951,245835,6233,325,318,424,0.439,317,5.491,1.333,4.0662,0.04629975630119367,Non-Viral
C00726,2026-01-29,YouTube,Dating,Long,Visual,Advice,10,61100,124887,3553,302,572,483,0.473,175,8.036,0.844,8.0385,0.05462569558101473,Non-Viral
C00497,2026-01-29,YouTube,Social Anxiety,Short,Text,Advice,27,69604,217535,4554,746,272,304,0.479,221,8.442,1.118,6.9249,0.052576455376127804,Non-Viral
C03370,2026-01-29,Instagram,Family Pressure,Short,Visual,Question,25,117206,188765,4507,381,634,600,0.497,305,5.223,0.946,5.0569,0.054157536303602205,Non-Viral
C03161,2026-01-29,Instagram,Family Pressure,Short,Text,Advice,31,161063,224576,10971,534,1792,1247,0.429,301,9.03,0.696,8.7894,0.05072675102289166,Non-Viral
C02700,2026-01-29,Instagram,College Life,Short,Visual,Story,42,86972,217834,4314,470,250,265,0.602,147,6.093,1.06,4.7625,0.06321821275812906,Non-Viral
C00946,2026-01-29,Instagram,Self-Doubt,Long,Visual,Story,15,7902,141873,338,30,18,30,0.493,12,5.264,1.667,4.1508,0.05203348519362187,Non-Viral
C00365,2026-01-29,Instagram,Self-Doubt,Short,Text,List,27,18921,163925,727,119,144,128,0.41,36,5.909,0.889,6.5007,0.047397653400983036,Non-Viral
C02214,2026-01-29,YouTube,Dating,Long,Text,Advice,38,15711,174034,1080,141,55,77,0.524,78,8.612,1.4,6.8137,0.05679182738208898,Non-Viral
C02681,2026-01-29,YouTube,Social Anxiety,Long,Text,Advice,58,48205,138942,1407,138,234,164,0.489,74,4.031,0.701,4.0255,0.05253447775127061,Non-Viral
C03305,2026-01-29,Instagram,Burnout,Short,Text,Advice,38,76499,84032,7023,345,435,755,0.458,258,11.187,1.736,8.9465,0.051996159426920624,Non-Viral
C01946,2026-01-29,Instagram,Friendship,Short,Text,List,43,26272,169949,2004,87,130,72,0.496,117,8.728,0.554,6.3433,0.05314559987819732,Non-Viral
C01020,2026-01-29,YouTube,Self-Doubt,Long,Text,Story,60,88584,58511,4569,220,970,664,0.42,262,7.251,0.685,7.7356,0.04954876727174208,Non-Viral
C04459,2026-01-29,Instagram,Burnout,Short,Text,Story,17,138024,131091,9849,775,563,394,0.536,408,8.391,0.7,6.2047,0.0571341679707877,Non-Viral
C02786,2026-01-29,Instagram,Family Pressure,Short,Visual,Question,33,169328,235758,9430,1576,1669,1068,0.639,610,8.116,0.64,8.3991,0.07162376689029576,Viral
C04010,2026-01-29,Instagram,Self-Doubt,Short,Text,Confession,56,157982,229989,10993,549,540,983,0.378,570,8.27,1.82,6.2703,0.041726080186350344,Non-Viral
C02215,2026-01-29,Instagram,Social Anxiety,Short,Visual,Story,8,13838,18577,1460,60,186,80,0.615,76,12.906,0.43,11.1143,0.0699332996097702,Viral
C03349,2026-01-30,Instagram,Friendship,Short,Visual,Question,41,58924,222621,4631,202,236,408,0.574,107,9.295,1.729,7.0302,0.06179379539746114,Non-Viral
C03530,2026-01-30,Instagram,Dating,Short,Visual,Confession,37,50313,176530,4179,325,577,231,0.642,59,10.558,0.4,9.4807,0.07170700614155388,Viral
C04513,2026-01-30,Instagram,College Life,Short,Visual,Story,17,172962,125884,9320,1531,1383,2275,0.583,501,8.389,1.645,9.0514,0.06717189093558122,Viral
C00418,2026-01-30,YouTube,Career Stress,Short,Text,Story,60,33432,133844,1273,156,299,307,0.564,86,6.087,1.027,7.1234,0.06387936109117014,Non-Viral
C03499,2026-01-30,YouTube,Dating,Short,Text,Story,23,4777,47553,392,46,64,34,0.476,11,11.22,0.531,10.9902,0.05720854092526691,Non-Viral
C01876,2026-01-30,Instagram,Family Pressure,Short,Visual,Advice,34,175393,43561,6938,368,647,568,0.619,410,4.858,0.878,4.0469,0.0648462407279652,Non-Viral
C04655,2026-01-30,YouTube,Friendship,Short,Visual,Question,50,25582,123449,2406,231,381,133,0.524,108,12.317,0.349,11.5648,0.062016136345868195,Non-Viral
C01157,2026-01-30,Instagram,Self-Doubt,Long,Visual,Confession,34,58037,114381,4877,491,213,387,0.519,156,10.283,1.817,7.9053,0.05682099867326016,Non-Viral
C00863,2026-01-30,Instagram,Social Anxiety,Short,Visual,Advice,15,144246,146305,17241,1342,747,2055,0.793,402,14.825,2.751,11.7747,0.0872998752131775,Viral
C01619,2026-01-30,Instagram,Social Anxiety,Short,Text,Confession,62,85495,24504,4154,359,641,338,0.434,122,6.424,0.527,6.0992,0.04858977717995205,Non-Viral
C01050,2026-01-30,YouTube,Dating,Short,Text,List,69,35761,48170,1460,105,305,184,0.471,34,5.744,0.603,6.0695,0.05292198484382428,Non-Viral
C04411,2026-01-30,YouTube,Career Stress,Short,Text,Question,45,56171,93337,4292,497,534,294,0.404,164,10.0,0.551,9.0465,0.047575410799166835,Non-Viral
C02510,2026-01-30,Instagram,Dating,Long,Visual,List,34,21575,149281,1078,161,258,127,0.414,55,7.527,0.492,8.3824,0.04966651216685979,Non-Viral
C00784,2026-01-30,Instagram,College Life,Short,Visual,Advice,56,33303,50689,1092,49,183,103,0.534,17,4.285,0.563,4.1273,0.057021295378794704,Non-Viral
C00783,2026-01-30,Instagram,Friendship,Short,Visual,Question,16,22355,231345,1482,202,199,204,0.537,44,9.336,1.025,9.1657,0.06179885931558936,Non-Viral
C00724,2026-01-30,YouTube,Social Anxiety,Short,Text,Story,44,148586,143732,11578,1066,2378,915,0.585,409,10.726,0.385,11.0051,0.06862544923478658,Viral
C04285,2026-01-30,YouTube,College Life,Short,Visual,Confession,39,15051,142905,494,56,85,56,0.576,26,4.591,0.659,4.6376,0.061815666733107434,Non-Viral
C00386,2026-01-30,Instagram,Friendship,Short,Text,Confession,35,1852,213421,72,9,13,5,0.612,3,5.346,0.385,5.3186,0.0658976241900648,Non-Viral
C03651,2026-01-30,YouTube,Burnout,Long,Text,List,41,144371,23783,3440,561,425,626,0.303,256,3.499,1.473,3.5246,0.033508400579063666,Non-Viral
C01343,2026-01-30,YouTube,Burnout,Short,Visual,Story,43,45458,117308,3511,372,534,476,0.436,210,10.764,0.891,10.7077,0.053255066214967665,Non-Viral
C00157,2026-01-31,Instagram,Burnout,Short,Visual,Confession,23,53626,65965,5188,523,455,511,0.7,132,12.451,1.123,10.7513,0.07813970835042702,Viral
C02819,2026-01-31,Instagram,Burnout,Short,Visual,Advice,49,118198,95384,6710,338,1118,320,0.589,232,7.179,0.286,6.6465,0.06439755495016836,Non-Viral
C03774,2026-01-31,Instagram,College Life,Short,Visual,Advice,65,73826,61105,5749,277,844,410,0.671,111,9.861,0.486,8.9968,0.07447341857882048,Viral
C04798,2026-01-31,Instagram,Burnout,Short,Visual,List,52,118287,85929,6387,705,538,980,0.597,397,7.279,1.822,6.6153,0.06512620913540795,Non-Viral
C02080,2026-01-31,Instagram,Career Stress,Short,Visual,List,56,156305,119146,6082,270,845,828,0.613,225,5.134,0.98,4.886,0.0655810530693196,Non-Viral
C02823,2026-01-31,YouTube,Career Stress,Short,Visual,Story,35,19537,173197,1197,110,133,155,0.589,59,8.164,1.165,7.537,0.06518806879254747,Non-Viral
C04198,2026-01-31,Instagram,Burnout,Short,Text,Advice,31,117294,12103,11496,1254,969,611,0.525,629,12.217,0.631,10.0244,0.05938398383549031,Non-Viral
C02830,2026-01-31,Instagram,Friendship,Short,Visual,Advice,25,117541,85850,8566,946,1483,1265,0.667,309,10.43,0.853,10.7886,0.07681349231332046,Viral
C03821,2026-01-31,Instagram,Burnout,Long,Visual,Question,35,109687,109542,4997,250,349,187,0.648,236,5.272,0.536,3.9152,0.06708513862171453,Viral
C03064,2026-01-31,Instagram,College Life,Long,Visual,Story,26,174881,141605,12091,1235,2498,1883,0.645,250,10.125,0.754,10.9549,0.07521728775567386,Viral
C01238,2026-01-31,YouTube,Friendship,Long,Visual,Advice,32,178694,202994,16157,941,1883,1246,0.49,277,11.319,0.662,9.8666,0.05662364712861093,Non-Viral
C00874,2026-01-31,Instagram,Dating,Short,Text,Advice,41,153985,166197,6283,585,1371,1093,0.531,158,6.06,0.797,6.7007,0.05980584797220509,Non-Viral
C03973,2026-01-31,YouTube,College Life,Short,Visual,Advice,40,24942,242499,2595,146,241,164,0.534,88,12.613,0.68,10.2939,0.06059870098628819,Non-Viral
C02923,2026-01-31,YouTube,College Life,Short,Text,List,38,39000,109455,3158,344,431,333,0.545,85,10.938,0.773,10.3949,0.06335769230769231,Non-Viral
C00436,2026-01-31,Instagram,Family Pressure,Long,Visual,Confession,28,150381,130945,5861,412,832,729,0.511,177,5.209,0.876,4.989,0.05545493845632095,Non-Viral
C01928,2026-01-31,Instagram,Family Pressure,Long,Visual,Question,25,169833,6041,9999,412,698,1374,0.445,561,7.35,1.968,6.1587,0.0491404409037113,Non-Viral
C04532,2026-01-31,Instagram,Self-Doubt,Short,Text,Advice,35,72886,5909,4128,431,973,1003,0.53,242,8.966,1.031,10.4759,0.06402269297258734,Non-Viral
C01610,2026-01-31,Instagram,Family Pressure,Short,Text,Story,35,131105,57773,9012,1064,989,1181,0.455,604,9.341,1.194,8.719,0.052814366347584005,Non-Viral
C01605,2026-01-31,YouTube,College Life,Short,Text,Advice,16,25332,116231,1611,77,291,190,0.389,53,8.562,0.653,8.582,0.04677541449549977,Non-Viral
C01630,2026-01-31,YouTube,Dating,Short,Visual,List,32,85376,8522,5881,330,421,850,0.545,256,8.764,2.019,7.4945,0.0602855837706147,Non-Viral
C04842,2026-01-31,Instagram,Dating,Short,Text,Confession,19,28792,213386,2002,179,109,81,0.528,37,8.235,0.743,6.1076,0.05628013337038067,Non-Viral
C03022,2026-02-01,Instagram,Friendship,Short,Text,Advice,36,173173,77088,11251,366,1706,727,0.506,412,8.113,0.426,7.3606,0.05660959733907711,Non-Viral
C03165,2026-02-01,Instagram,Family Pressure,Short,Visual,Question,47,98796,125279,6340,980,864,1220,0.661,400,9.519,1.412,9.7899,0.07522789991497632,Viral
C00705,2026-02-01,YouTube,Dating,Short,Text,Story,46,122179,45072,4205,581,642,977,0.656,240,5.242,1.522,5.6098,0.07107680043215284,Viral
C02006,2026-02-01,Instagram,Dating,Short,Visual,Confession,27,75366,135848,4076,274,767,427,0.613,163,7.356,0.557,7.4357,0.06812469548602819,Viral
C00759,2026-02-01,Instagram,Self-Doubt,Long,Text,Advice,21,106226,109438,7774,292,469,1084,0.408,383,9.055,2.311,7.437,0.04626052755445936,Non-Viral
C03102,2026-02-01,Instagram,Social Anxiety,Short,Text,Question,16,32857,216009,1314,118,179,156,0.638,73,5.378,0.872,5.1222,0.06821458441123658,Viral
C03513,2026-02-01,Instagram,Career Stress,Long,Text,Story,53,146854,213509,3632,308,651,180,0.368,92,3.249,0.276,3.1262,0.03947714873275498,Non-Viral
C04204,2026-02-01,Instagram,Dating,Long,Text,Question,43,34605,88734,1257,54,140,149,0.522,54,4.624,1.064,4.1251,0.05554633723450369,Non-Viral
C02085,2026-02-01,YouTube,Career Stress,Long,Text,Advice,30,142579,142415,6828,506,1663,564,0.261,591,6.706,0.339,7.2171,0.033067716143331066,Non-Viral
C03945,2026-02-01,Instagram,Dating,Short,Visual,Advice,43,168851,173565,9168,1094,913,587,0.619,266,6.966,0.643,6.0041,0.06634800445363072,Non-Viral
C01005,2026-02-01,YouTube,College Life,Long,Visual,Story,43,160899,156823,6477,488,591,849,0.492,234,5.224,1.437,4.625,0.05289082467883579,Non-Viral
C03287,2026-02-01,YouTube,Social Anxiety,Long,Visual,Advice,25,93741,68278,3903,212,604,405,0.449,292,5.466,0.671,5.2181,0.049434835344193045,Non-Viral
C00434,2026-02-01,YouTube,Self-Doubt,Short,Text,Advice,28,158502,53865,6877,737,1299,681,0.582,371,6.053,0.524,6.1848,0.06387437634856342,Non-Viral
C02699,2026-02-01,YouTube,Dating,Long,Text,Story,34,116581,246355,5539,390,315,272,0.225,140,5.589,0.863,4.1546,0.02491763237577307,Non-Viral
C00074,2026-02-01,YouTube,Self-Doubt,Long,Text,List,24,18440,5648,813,59,109,117,0.502,29,5.954,1.073,5.7267,0.05524338394793926,Non-Viral
C00945,2026-02-01,YouTube,Friendship,Long,Visual,Confession,40,121903,235227,8804,1320,790,1147,0.618,192,9.894,1.452,9.0613,0.06916323142170414,Viral
C02697,2026-02-01,Instagram,Family Pressure,Long,Visual,List,18,73037,30944,4015,223,204,361,0.57,74,6.576,1.77,5.0331,0.0601976943193176,Non-Viral
C04118,2026-02-01,YouTube,Self-Doubt,Short,Visual,Confession,41,88256,142068,6931,532,1000,909,0.514,391,10.619,0.909,10.29,0.06049286620739666,Non-Viral
C01805,2026-02-01,Instagram,Burnout,Short,Visual,Advice,43,109342,245482,4145,212,557,403,0.604,154,4.863,0.724,4.4516,0.0640888844176986,Non-Viral
C03348,2026-02-01,Instagram,Dating,Long,Text,Question,16,113188,59947,2290,125,246,120,0.438,55,2.457,0.488,2.0413,0.045261727391596285,Non-Viral
C02909,2026-02-01,Instagram,Burnout,Short,Text,Advice,25,13275,152283,1299,67,191,65,0.583,45,12.218,0.34,10.9454,0.06700056497175141,Viral
C04145,2026-02-01,Instagram,Friendship,Short,Text,Advice,43,3454,226936,340,35,24,19,0.524,15,12.102,0.792,9.6265,0.05869704690214245,Non-Viral
C00018,2026-02-01,Instagram,Self-Doubt,Long,Text,Confession,12,83552,159319,4720,221,453,590,0.467,64,7.162,1.302,6.2602,0.0516549980850249,Non-Viral
C02550,2026-02-01,YouTube,Burnout,Short,Visual,Story,13,154319,182819,5364,478,1331,340,0.606,275,4.868,0.255,5.2307,0.06560683648805397,Non-Viral
C00221,2026-02-01,Instagram,Friendship,Long,Visual,Advice,18,42319,94925,2737,179,194,421,0.425,133,8.344,2.17,7.2332,0.048181845034145424,Non-Viral
C01776,2026-02-01,Instagram,Self-Doubt,Short,Text,Story,22,74283,55880,8520,374,817,557,0.523,342,13.823,0.682,11.2893,0.060254040628407585,Non-Viral
C02104,2026-02-01,YouTube,Burnout,Short,Text,Story,24,37555,33391,1331,47,201,165,0.504,26,4.644,0.821,4.4441,0.05431425908667288,Non-Viral
C03606,2026-02-02,YouTube,Dating,Short,Visual,Confession,39,166174,152134,12743,1111,2140,1245,0.596,361,10.374,0.582,10.1989,0.06864563890861386,Viral
C00414,2026-02-02,YouTube,Dating,Short,Text,Advice,45,135296,51194,12504,1084,448,1504,0.544,321,11.486,3.357,9.0394,0.06042678571428572,Non-Viral
C04303,2026-02-02,Instagram,College Life,Short,Text,Confession,41,151053,164406,14197,926,1526,505,0.553,304,11.356,0.331,9.3183,0.06176859049472702,Non-Viral
C04021,2026-02-02,YouTube,Dating,Long,Text,List,16,1523,28222,74,3,10,14,0.37,7,6.632,1.4,6.5332,0.043007879185817464,Non-Viral
C00604,2026-02-02,YouTube,Family Pressure,Long,Visual,Confession,40,166245,58979,5175,401,304,258,0.526,156,3.692,0.849,2.7772,0.05425027519624651,Non-Viral
C01819,2026-02-02,YouTube,Burnout,Short,Text,Advice,37,63683,122799,2120,80,259,287,0.661,51,4.312,1.108,3.9744,0.06947060125936279,Viral
C03538,2026-02-02,Instagram,College Life,Long,Text,Advice,28,53000,189982,2626,92,254,123,0.367,155,5.84,0.484,4.6396,0.03981320754716981,Non-Viral
C00443,2026-02-02,YouTube,Self-Doubt,Long,Text,List,45,8940,182089,172,20,10,10,0.514,3,2.371,1.0,1.8568,0.0525744966442953,Non-Viral
C01926,2026-02-02,Instagram,Burnout,Short,Text,List,51,23607,197050,2080,216,82,282,0.538,81,11.268,3.439,9.2091,0.060319252764010685,Non-Viral
C02761,2026-02-02,YouTube,Dating,Long,Text,Advice,38,121208,229723,2539,109,186,257,0.272,105,2.55,1.382,2.0667,0.02866153719226454,Non-Viral
C03527,2026-02-02,Instagram,Dating,Long,Visual,Story,29,31885,91632,1513,96,195,169,0.487,32,6.188,0.867,5.719,0.053493790183471855,Non-Viral
C01895,2026-02-02,Instagram,Self-Doubt,Short,Visual,Story,27,41275,89567,2796,372,548,302,0.59,87,9.735,0.551,10.1853,0.06852150211992732,Viral
C02431,2026-02-02,YouTube,Burnout,Short,Visual,List,39,82520,131579,2199,158,154,183,0.63,187,3.265,1.188,2.623,0.06479229277750849,Non-Viral
C02480,2026-02-02,YouTube,Burnout,Short,Text,Advice,19,138878,119387,8466,821,1324,566,0.478,279,8.048,0.427,7.6099,0.05419950172093492,Non-Viral
C04657,2026-02-02,YouTube,Family Pressure,Long,Text,Question,29,124826,26774,3611,194,484,461,0.438,120,3.805,0.952,3.5814,0.046885895566628755,Non-Viral
C03269,2026-02-02,Instagram,Social Anxiety,Short,Visual,Story,25,107175,76521,6678,441,511,1226,0.531,467,8.263,2.399,7.4509,0.05929454163750875,Non-Viral
C01358,2026-02-02,Instagram,Self-Doubt,Long,Visual,List,47,32523,91181,2174,189,260,357,0.417,122,9.163,1.373,8.8076,0.04946219905912739,Non-Viral
C03308,2026-02-02,YouTube,College Life,Short,Visual,Advice,28,123350,7335,11598,523,1345,971,0.423,290,11.704,0.722,10.1828,0.05020433725172274,Non-Viral
C02207,2026-02-02,Instagram,Career Stress,Short,Text,Advice,24,40978,184472,2669,338,162,422,0.491,129,8.763,2.605,7.7395,0.055205715261847824,Non-Viral
C00670,2026-02-02,Instagram,Self-Doubt,Short,Visual,Question,27,130048,61046,3951,386,869,323,0.645,104,4.252,0.372,4.4657,0.06869729638287402,Viral
C04758,2026-02-02,YouTube,Dating,Long,Visual,List,21,126870,184056,8083,453,615,706,0.445,411,7.769,1.148,6.2883,0.04888637975880823,Non-Viral
C01645,2026-02-02,Instagram,College Life,Short,Text,Story,31,174056,57319,8201,700,1418,614,0.394,229,6.281,0.433,6.1087,0.04472759571632119,Non-Viral
C00948,2026-02-02,YouTube,Social Anxiety,Long,Visual,Advice,14,19607,226664,692,123,110,160,0.443,32,5.534,1.455,6.0208,0.05021370428928444,Non-Viral
C02108,2026-02-03,Instagram,Burnout,Short,Visual,Confession,32,53114,124528,4417,205,456,641,0.467,82,10.767,1.406,9.7262,0.05476284595398577,Non-Viral
C00100,2026-02-03,YouTube,Social Anxiety,Short,Visual,Confession,38,106305,122468,4902,335,859,364,0.583,242,6.077,0.424,5.8873,0.06343616480880485,Non-Viral
C01836,2026-02-03,Instagram,Family Pressure,Long,Visual,Question,41,120895,54350,12373,1066,1753,609,0.486,254,13.07,0.347,11.7974,0.057958947847305514,Non-Viral
C00721,2026-02-03,Instagram,Family Pressure,Short,Text,Advice,38,65089,45299,1975,209,452,166,0.473,76,4.305,0.367,4.5922,0.05167170643273057,Non-Viral
C04026,2026-02-03,YouTube,Career Stress,Short,Visual,Confession,29,84398,191861,8950,224,544,599,0.622,173,12.224,1.101,9.0535,0.06762785374060998,Viral
C04668,2026-02-03,Instagram,Burnout,Long,Visual,List,45,45942,190587,995,133,150,102,0.542,54,3.004,0.68,2.9407,0.05676954420791433,Non-Viral
C03889,2026-02-03,YouTube,Friendship,Long,Text,Advice,58,63165,234942,3993,404,674,210,0.467,202,8.361,0.312,7.9862,0.05345848966991214,Non-Viral
C02727,2026-02-03,Instagram,Friendship,Long,Visual,Story,42,28437,144147,1659,241,244,325,0.507,98,8.682,1.332,9.0481,0.05926102964447727,Non-Viral
C04837,2026-02-03,Instagram,Career Stress,Short,Text,Story,49,163960,238468,11116,1213,917,1204,0.573,608,8.813,1.313,7.6461,0.06312947060258599,Non-Viral
C01342,2026-02-03,Instagram,College Life,Short,Text,Confession,31,12312,108488,290,31,61,29,0.568,22,3.338,0.475,3.5128,0.06011384015594542,Non-Viral
C01528,2026-02-03,YouTube,College Life,Long,Visual,Advice,25,82017,190145,1582,199,84,300,0.469,46,2.64,3.571,2.3672,0.04882216247851055,Non-Viral
C02234,2026-02-03,Instagram,Self-Doubt,Short,Text,List,18,122329,197191,5815,513,270,400,0.551,304,5.721,1.481,4.322,0.05770322572734185,Non-Viral
C00682,2026-02-03,Instagram,College Life,Long,Visual,Story,42,9223,63616,663,91,72,119,0.619,13,10.246,1.653,9.9967,0.07076371028949366,Viral
C00118,2026-02-03,YouTube,Family Pressure,Short,Text,Confession,31,21663,107884,1659,108,87,101,0.567,42,9.025,1.161,6.7142,0.060653746018556984,Non-Viral
C04474,2026-02-03,YouTube,Social Anxiety,Short,Visual,Confession,23,149536,167679,17369,1035,1162,945,0.589,884,13.716,0.813,10.441,0.0653308928953563,Non-Viral
C02378,2026-02-03,YouTube,Social Anxiety,Long,Text,List,22,29779,236632,937,92,109,128,0.546,70,4.251,1.174,3.9944,0.05800004701299574,Non-Viral
C01445,2026-02-03,Instagram,Career Stress,Short,Visual,Question,16,27030,232642,2531,182,264,261,0.638,72,11.979,0.989,10.5531,0.07210188679245284,Viral
C00620,2026-02-03,Instagram,Social Anxiety,Long,Visual,Story,14,30787,118600,2958,159,367,245,0.58,125,12.112,0.668,10.7464,0.06652632604670802,Viral
C00823,2026-02-03,YouTube,Dating,Short,Visual,Story,41,28696,91050,1976,230,498,370,0.525,114,10.712,0.743,12.4303,0.06537984388068024,Non-Viral
C02210,2026-02-03,Instagram,Burnout,Short,Text,Confession,27,39878,230426,1342,140,93,203,0.551,91,4.459,2.183,3.927,0.05820321480515574,Non-Viral
C02736,2026-02-03,Instagram,Friendship,Long,Text,Story,30,20554,158545,1411,153,150,192,0.341,51,9.273,1.28,8.6066,0.04130297752262334,Non-Viral
C03249,2026-02-04,YouTube,Dating,Long,Text,List,76,94827,13745,6690,216,734,598,0.398,258,8.687,0.815,7.4525,0.045516726248853175,Non-Viral
C00329,2026-02-04,YouTube,Friendship,Short,Visual,List,43,54458,96289,3701,523,510,312,0.625,69,9.266,0.612,8.7939,0.06987357229424511,Viral
C00769,2026-02-04,YouTube,Social Anxiety,Long,Visual,Story,21,116740,107219,9125,1038,1554,1285,0.48,428,11.138,0.827,11.437,0.05862617783107761,Non-Viral
C01090,2026-02-04,Instagram,College Life,Short,Visual,Question,55,111196,90432,8327,331,1050,1235,0.524,394,9.841,1.176,9.2449,0.0604277168243462,Non-Viral
C01963,2026-02-04,Instagram,Family Pressure,Long,Visual,Question,9,10611,73667,417,67,66,64,0.596,25,5.786,0.97,5.9844,0.06515555555555555,Non-Viral
C04954,2026-02-04,Instagram,Burnout,Short,Text,Confession,19,47943,223137,1722,74,233,106,0.442,46,4.453,0.455,3.9276,0.047281784619235344,Non-Viral
C04016,2026-02-04,Instagram,Dating,Short,Visual,Advice,45,90959,37003,7745,1064,1143,495,0.513,325,11.485,0.433,10.8703,0.060341985949713614,Non-Viral
C03993,2026-02-04,YouTube,Family Pressure,Short,Text,Advice,40,152938,18815,6740,374,778,650,0.432,372,5.585,0.835,4.9464,0.04713100472086728,Non-Viral
C04368,2026-02-04,Instagram,Career Stress,Long,Text,Question,52,106566,184341,3967,557,858,493,0.452,186,5.513,0.575,5.986,0.050995000281515684,Non-Viral
C03204,2026-02-04,YouTube,Self-Doubt,Short,Visual,Story,68,8321,244760,559,66,132,117,0.549,19,10.504,0.886,12.1199,0.06744656892200457,Viral
C03835,2026-02-04,YouTube,Friendship,Long,Visual,Story,20,92088,36123,4303,142,736,396,0.584,225,6.056,0.538,5.8254,0.06351793067500652,Non-Viral
C03514,2026-02-04,Instagram,Self-Doubt,Short,Visual,Advice,13,145284,48113,8471,297,1489,1090,0.654,339,7.81,0.732,7.7971,0.07256940612868588,Viral
C00306,2026-02-04,Instagram,Self-Doubt,Short,Text,Advice,29,154841,143145,9349,1046,809,338,0.553,469,7.454,0.418,6.0362,0.05931928429808643,Non-Viral
C02302,2026-02-04,Instagram,Career Stress,Short,Visual,List,45,102738,213058,7813,813,524,1219,0.731,368,10.093,2.326,8.8925,0.08014169830053144,Viral
C00462,2026-02-04,YouTube,Burnout,Short,Visual,Question,24,88239,34909,6565,472,948,358,0.568,141,9.455,0.378,8.5569,0.06365411212729065,Non-Viral
C00241,2026-02-04,Instagram,Self-Doubt,Short,Text,Advice,37,145239,29686,5222,522,602,507,0.509,162,4.718,0.842,4.2785,0.05435155226901865,Non-Viral
C00834,2026-02-04,Instagram,College Life,Long,Text,Advice,21,115322,117735,4676,543,918,210,0.429,159,5.504,0.229,5.4859,0.0477347236433638,Non-Viral
C00408,2026-02-04,Instagram,Burnout,Short,Visual,Advice,46,16757,220128,1805,160,160,158,0.485,81,13.624,0.988,11.5683,0.057057617712000956,Non-Viral
C00528,2026-02-04,YouTube,Career Stress,Short,Text,Advice,50,98427,96271,1848,102,227,297,0.485,99,2.514,1.308,2.3896,0.05059850955530495,Non-Viral
C01187,2026-02-04,Instagram,Family Pressure,Long,Text,Story,18,160703,59311,10890,1202,669,1430,0.313,275,8.831,2.138,7.5388,0.036964797794689586,Non-Viral
C02519,2026-02-04,Instagram,Dating,Short,Visual,Advice,48,86240,19340,7320,351,985,1074,0.691,358,11.282,1.09,10.7717,0.07858631725417439,Viral
C01612,2026-02-04,YouTube,Social Anxiety,Short,Visual,Advice,57,53739,167985,5237,590,374,435,0.7,88,12.349,1.163,10.2263,0.07720705632780661,Viral
C04631,2026-02-05,Instagram,Career Stress,Short,Text,List,16,45643,147352,1802,150,230,222,0.483,70,5.267,0.965,4.9515,0.05251970510264444,Non-Viral
C00975,2026-02-05,Instagram,Burnout,Short,Visual,List,20,86149,89476,3104,193,491,510,0.58,134,4.989,1.039,5.0314,0.06267678092606994,Non-Viral
C00256,2026-02-05,YouTube,College Life,Short,Visual,List,46,129136,145208,4638,612,823,700,0.611,289,5.245,0.851,5.5027,0.06630497769793087,Non-Viral
C01607,2026-02-05,YouTube,Self-Doubt,Short,Text,Confession,27,39593,93662,2944,303,516,154,0.596,173,9.893,0.298,9.5535,0.06777947617003005,Viral
C03671,2026-02-05,YouTube,Dating,Long,Text,Question,45,133176,109372,9561,949,1868,1607,0.417,543,10.501,0.86,11.2798,0.05270085601009191,Non-Viral
C00752,2026-02-05,Instagram,Social Anxiety,Short,Text,Story,50,52172,241277,3327,533,471,173,0.536,63,8.633,0.367,8.0925,0.06018974162385955,Non-Viral
C00522,2026-02-05,YouTube,Career Stress,Long,Text,Confession,12,24455,147375,896,67,120,36,0.462,54,4.576,0.3,4.0094,0.04926072377836844,Non-Viral
C03058,2026-02-05,Instagram,Social Anxiety,Short,Visual,Confession,28,73756,54473,4216,438,285,234,0.682,126,7.014,0.821,5.5426,0.0717814035468301,Viral
C02330,2026-02-05,YouTube,Social Anxiety,Short,Visual,Question,56,40899,91029,3147,260,615,405,0.641,82,10.824,0.659,11.2925,0.07479097043937505,Viral
C04061,2026-02-05,Instagram,Friendship,Short,Visual,List,32,157793,209979,17922,1096,1403,898,0.503,572,13.511,0.64,10.5264,0.05705029944294107,Non-Viral
C00924,2026-02-05,Instagram,Career Stress,Short,Text,List,30,27755,164046,1011,141,178,67,0.358,23,5.033,0.376,4.9901,0.04017218519185732,Non-Viral
C01935,2026-02-05,Instagram,Social Anxiety,Long,Text,Advice,41,95145,19160,7608,471,695,876,0.483,345,10.142,1.26,8.7735,0.055091738924798996,Non-Viral
C04098,2026-02-05,Instagram,Self-Doubt,Short,Visual,Confession,54,19236,123290,1176,105,126,37,0.605,52,7.507,0.294,6.2253,0.06484341859014348,Non-Viral
C01063,2026-02-05,YouTube,Burnout,Short,Text,Story,50,168819,176387,8201,403,1608,1549,0.475,515,6.967,0.963,7.4796,0.05489697545892346,Non-Viral
C02889,2026-02-06,Instagram,Family Pressure,Long,Text,Confession,22,104544,244253,4162,390,349,575,0.36,139,5.238,1.648,4.6516,0.03971183425160697,Non-Viral
C01524,2026-02-06,YouTube,Social Anxiety,Short,Visual,Advice,17,122640,195611,14486,1181,1530,1236,0.521,329,15.03,0.808,13.1087,0.06218194716242662,Non-Viral
C02891,2026-02-06,Instagram,Friendship,Long,Visual,Question,50,55792,57236,3939,398,174,214,0.519,110,8.469,1.23,6.3029,0.05552417550903355,Non-Viral
C02063,2026-02-06,Instagram,Friendship,Long,Text,Advice,52,92941,57308,4580,448,974,989,0.493,155,7.522,1.015,8.4591,0.05793128221129534,Non-Viral
C00457,2026-02-06,Instagram,College Life,Short,Text,Question,49,112240,64610,7353,674,470,707,0.628,338,8.2,1.504,6.6924,0.06747480399144691,Viral
C00938,2026-02-06,Instagram,Social Anxiety,Short,Visual,Advice,27,8368,162178,595,45,141,69,0.688,24,10.158,0.489,11.066,0.07966281070745698,Viral
C04211,2026-02-06,Instagram,Self-Doubt,Long,Text,Question,41,66087,233520,2867,297,386,177,0.393,102,5.64,0.459,5.1311,0.043405951246084706,Non-Viral
C01575,2026-02-06,Instagram,Friendship,Long,Text,List,36,175730,101833,7044,295,607,334,0.428,372,4.712,0.55,3.6724,0.04517637284470495,Non-Viral
C04113,2026-02-06,Instagram,Burnout,Short,Text,Story,37,129086,227057,13648,1377,1738,1842,0.525,609,14.413,1.06,13.7796,0.06443971460886541,Non-Viral
C00273,2026-02-06,YouTube,Burnout,Short,Visual,Story,26,87516,213979,7625,516,418,580,0.592,238,10.443,1.388,7.9991,0.06422193884546826,Non-Viral
C03069,2026-02-06,Instagram,Career Stress,Short,Text,Advice,23,103685,238463,5527,669,675,446,0.545,263,7.057,0.661,6.4464,0.0596878285190722,Non-Viral
C04766,2026-02-06,Instagram,Burnout,Long,Text,List,52,35577,210200,1008,151,205,207,0.333,75,4.416,1.01,4.9456,0.038275124378109454,Non-Viral
C04720,2026-02-06,Instagram,Self-Doubt,Short,Visual,Confession,42,160249,19186,18779,2100,851,1916,0.463,302,14.756,2.251,11.8094,0.054242327253212194,Non-Viral
C03830,2026-02-06,Instagram,Family Pressure,Short,Visual,Question,35,179558,134253,19358,1611,2062,870,0.57,473,13.311,0.422,11.1504,0.06496706356720391,Non-Viral
C01677,2026-02-06,Instagram,Social Anxiety,Short,Text,List,38,110391,7876,5380,574,335,942,0.379,181,6.55,2.812,5.8338,0.04260554664782455,Non-Viral
C04348,2026-02-06,Instagram,Self-Doubt,Long,Visual,Question,32,104595,64495,4714,322,709,603,0.41,160,6.069,0.85,5.9018,0.04624164635020794,Non-Viral
C03980,2026-02-06,Instagram,College Life,Long,Text,Question,26,156213,56149,3618,228,618,296,0.382,178,3.047,0.479,2.9428,0.04076764801905092,Non-Viral
C01481,2026-02-06,Instagram,College Life,Short,Text,Story,53,60094,219444,1310,90,125,115,0.477,107,2.729,0.92,2.3214,0.049434782174593135,Non-Viral
C02663,2026-02-06,Instagram,Burnout,Short,Visual,Question,37,17490,191739,1181,47,199,43,0.656,35,8.405,0.216,7.6844,0.07186072041166382,Viral
C01698,2026-02-06,YouTube,Social Anxiety,Short,Visual,Question,18,163188,141583,15544,1139,1514,2562,0.567,952,12.721,1.692,11.7328,0.06663179645562174,Viral
C01104,2026-02-06,Instagram,Family Pressure,Short,Visual,List,30,102746,197613,6883,420,605,835,0.567,280,8.509,1.38,7.3545,0.06240095186187297,Non-Viral
C02639,2026-02-06,Instagram,Burnout,Short,Text,Question,44,120240,72322,4561,419,754,717,0.581,331,5.365,0.951,5.4932,0.06323348303393214,Non-Viral
C00357,2026-02-06,YouTube,Dating,Short,Visual,Story,25,23386,239459,2898,308,458,132,0.539,160,16.232,0.288,15.1757,0.06638182673394338,Non-Viral
C04752,2026-02-06,Instagram,Career Stress,Short,Text,Confession,33,163034,190510,12536,1196,1212,816,0.469,327,9.667,0.673,8.1762,0.052847225732055886,Non-Viral
C00847,2026-02-07,YouTube,College Life,Long,Visual,List,40,104335,127931,4799,284,339,426,0.466,215,5.605,1.257,4.4994,0.04969531796616668,Non-Viral
C03253,2026-02-07,YouTube,Burnout,Short,Visual,Confession,32,18459,221017,938,126,82,159,0.501,41,7.07,1.939,6.6201,0.05570702096538274,Non-Viral
C03701,2026-02-07,Instagram,Social Anxiety,Long,Visual,Advice,35,164391,145058,4717,251,1109,554,0.43,385,4.034,0.5,4.3616,0.047275781520886184,Non-Viral
C04557,2026-02-07,YouTube,Family Pressure,Short,Visual,Question,65,37388,78112,1268,180,135,58,0.507,53,4.389,0.43,3.8114,0.05351239970043865,Non-Viral
C02308,2026-02-07,Instagram,Social Anxiety,Long,Text,Story,35,15615,140659,438,24,55,42,0.386,33,3.58,0.764,3.2277,0.04122247838616715,Non-Viral
C00961,2026-02-07,Instagram,Burnout,Short,Text,Advice,24,70818,236039,2199,217,99,129,0.585,51,3.734,1.303,2.7959,0.06013517749724646,Non-Viral
C03568,2026-02-07,Instagram,Dating,Short,Visual,Confession,36,70570,96254,5251,764,568,312,0.522,353,9.77,0.549,8.6432,0.05877219781776959,Non-Viral
C01655,2026-02-07,Instagram,Social Anxiety,Short,Visual,Advice,38,55856,46213,3698,560,451,741,0.695,293,9.757,1.643,9.8897,0.07861719421369234,Viral
C01046,2026-02-07,Instagram,College Life,Long,Text,List,34,128478,195546,2124,115,350,123,0.356,143,2.111,0.351,1.9696,0.037247363750992385,Non-Viral
C03603,2026-02-07,YouTube,Family Pressure,Short,Visual,Confession,35,116160,189104,8081,476,2018,1797,0.583,411,10.651,0.89,12.3988,0.071373347107438,Viral
C03808,2026-02-07,YouTube,Friendship,Short,Visual,Advice,23,141841,133062,11271,563,457,1258,0.523,448,9.552,2.753,7.3089,0.05700597359014672,Non-Viral
C00182,2026-02-07,YouTube,Career Stress,Short,Text,Confession,67,45495,165362,2109,224,145,283,0.618,35,6.069,1.952,5.2566,0.06583890537421695,Non-Viral
C01229,2026-02-07,YouTube,College Life,Short,Visual,List,48,170088,218259,12604,918,1223,380,0.574,521,8.892,0.311,7.1187,0.06211550021165514,Non-Viral
C01406,2026-02-07,YouTube,Career Stress,Short,Visual,List,41,7346,119255,369,23,94,63,0.567,33,7.473,0.67,8.5353,0.0655007078682276,Non-Viral
C00533,2026-02-07,Instagram,Family Pressure,Short,Visual,Advice,22,86626,94722,7926,429,1087,805,0.6,136,11.829,0.741,10.9407,0.06917738323367117,Viral
C04849,2026-02-07,Instagram,Social Anxiety,Short,Text,Question,30,36843,143752,2710,118,415,630,0.536,184,10.512,1.518,10.9573,0.06427909779333932,Non-Viral
C00536,2026-02-07,YouTube,Friendship,Short,Visual,Confession,48,114001,198771,4062,607,720,272,0.554,110,4.966,0.378,4.9521,0.059756540732098844,Non-Viral
C04663,2026-02-07,Instagram,Dating,Long,Visual,Confession,58,42944,100984,2332,165,214,261,0.558,47,6.921,1.22,6.002,0.06044209202682564,Non-Viral
C04418,2026-02-07,YouTube,Family Pressure,Long,Visual,Question,29,132586,183851,11857,1426,1374,1261,0.484,470,12.006,0.918,11.0958,0.05752992321964612,Non-Viral
C02249,2026-02-07,YouTube,Burnout,Short,Visual,Advice,35,69596,36920,4224,455,316,565,0.643,126,7.989,1.788,7.0011,0.06975936548077477,Viral
C03038,2026-02-07,Instagram,Burnout,Short,Text,Story,16,71174,206726,7031,785,560,571,0.447,311,12.571,1.02,10.5586,0.05230179278950179,Non-Viral
C02013,2026-02-07,YouTube,Career Stress,Long,Text,Question,31,28625,145951,1504,221,190,267,0.29,97,7.623,1.405,7.6419,0.03594323144104803,Non-Viral
C01970,2026-02-07,Instagram,Family Pressure,Short,Visual,Story,8,17936,11371,1412,130,300,92,0.487,29,10.783,0.307,11.0671,0.05885276538804639,Non-Viral
C02008,2026-02-07,Instagram,Self-Doubt,Long,Visual,Confession,15,35667,193530,2974,350,292,374,0.556,131,11.187,1.281,10.1943,0.0639017915720414,Non-Viral
C01537,2026-02-07,Instagram,Burnout,Short,Visual,Story,49,109215,124387,6728,288,1094,215,0.521,374,7.623,0.197,6.8745,0.05759375085839858,Non-Viral
C00390,2026-02-07,Instagram,Dating,Short,Visual,List,17,28676,136070,884,125,118,81,0.52,19,4.213,0.686,3.9946,0.055352978100153445,Non-Viral
C02886,2026-02-07,YouTube,Social Anxiety,Long,Visual,Question,46,150229,94976,7226,339,1378,330,0.525,190,6.173,0.239,5.9346,0.057625175565303645,Non-Viral
C00058,2026-02-07,Instagram,Friendship,Short,Text,Confession,10,48141,231986,5111,423,537,530,0.441,62,13.712,0.987,12.1747,0.053740431233252325,Non-Viral
C02222,2026-02-07,Instagram,Dating,Short,Visual,Question,36,125771,175641,12066,625,2292,1668,0.513,829,13.239,0.728,13.6617,0.06422468057024275,Non-Viral
C00884,2026-02-07,Instagram,Career Stress,Long,Text,Confession,61,146764,42212,4687,131,194,174,0.435,131,3.534,0.897,2.3643,0.04458439399307733,Non-Viral
C02792,2026-02-07,Instagram,Social Anxiety,Short,Visual,Question,10,48063,12264,3390,146,269,167,0.62,178,8.264,0.621,6.3562,0.06601660320828912,Non-Viral
C03928,2026-02-07,Instagram,Dating,Short,Text,Question,32,147313,213666,5077,430,852,299,0.485,93,4.52,0.351,4.3021,0.05214937242470115,Non-Viral
C04018,2026-02-07,YouTube,Burnout,Short,Visual,List,23,51827,132503,2177,106,225,321,0.544,120,5.459,1.427,4.9482,0.05851850965712853,Non-Viral
C03686,2026-02-07,YouTube,Family Pressure,Short,Visual,List,19,71866,49311,5183,297,551,675,0.635,78,9.331,1.225,8.4045,0.07038781899646565,Viral
C03351,2026-02-08,YouTube,College Life,Long,Visual,Question,14,56777,231738,5317,480,583,636,0.385,139,12.357,1.091,11.2713,0.04774934392447647,Non-Viral
C00750,2026-02-08,Instagram,Self-Doubt,Short,Visual,Confession,30,134201,123784,8680,787,1514,1201,0.564,542,9.077,0.793,9.2879,0.06504114276346674,Non-Viral
C04884,2026-02-08,Instagram,Dating,Short,Visual,Advice,32,118169,211392,5275,239,982,291,0.554,129,5.743,0.296,5.5209,0.06018171093941728,Non-Viral
C00937,2026-02-08,Instagram,Family Pressure,Long,Text,Advice,22,137048,37627,6823,292,1075,365,0.334,342,6.242,0.34,5.6947,0.03804837137353337,Non-Viral
C03403,2026-02-08,Instagram,Self-Doubt,Short,Visual,Question,43,142134,15025,8430,732,518,726,0.633,307,7.321,1.402,5.8529,0.06724486892650598,Viral
C02427,2026-02-08,Instagram,Social Anxiety,Short,Visual,Question,32,62182,193673,7783,517,780,772,0.578,253,15.844,0.99,13.7516,0.06841641632626805,Viral
C01695,2026-02-08,Instagram,Burnout,Short,Text,Confession,56,77087,161472,4839,753,441,832,0.522,312,8.906,1.887,8.4787,0.05947749166526133,Non-Viral
C01854,2026-02-08,Instagram,Family Pressure,Long,Text,List,36,101357,193738,2408,339,188,280,0.362,163,3.172,1.489,2.7985,0.03836511933068264,Non-Viral
C02868,2026-02-08,YouTube,College Life,Long,Visual,Story,48,141273,143749,7150,430,783,403,0.492,388,6.205,0.515,5.2204,0.053006459833089124,Non-Viral
C03707,2026-02-08,Instagram,Burnout,Short,Visual,List,30,158455,180564,5946,497,1594,945,0.633,228,5.668,0.593,6.5574,0.07008646934460888,Viral
C03163,2026-02-08,Instagram,Self-Doubt,Long,Text,Question,23,18908,213650,1038,119,131,83,0.353,31,7.251,0.634,6.6453,0.04067867569282843,Non-Viral
C01947,2026-02-08,Instagram,Family Pressure,Short,Text,Confession,26,99880,249208,5544,199,631,739,0.466,103,7.122,1.171,6.4492,0.05196143372046456,Non-Viral
C03327,2026-02-09,YouTube,College Life,Long,Visual,Advice,57,36267,243423,2539,255,270,352,0.346,58,9.419,1.304,8.7297,0.041916568781536934,Non-Viral
C04143,2026-02-09,Instagram,Social Anxiety,Short,Visual,Story,36,73336,12006,10178,612,1376,380,0.655,651,17.108,0.276,14.8563,0.07674959092396641,Viral
C02369,2026-02-09,Instagram,Friendship,Short,Text,Question,49,21433,116858,1027,77,56,72,0.585,42,5.748,1.286,4.3904,0.06122243736294499,Non-Viral
C00178,2026-02-09,YouTube,Self-Doubt,Long,Visual,List,49,168119,13660,7410,1247,1657,1274,0.511,402,6.893,0.769,7.7888,0.05892124566527282,Non-Viral
C02933,2026-02-09,YouTube,College Life,Short,Visual,Advice,31,42348,116509,1012,41,224,115,0.652,19,3.287,0.513,3.4701,0.06854018135449136,Viral
C04957,2026-02-09,YouTube,Social Anxiety,Short,Visual,List,68,151924,146829,13974,1474,1760,2523,0.527,1088,12.987,1.434,12.8512,0.06435056212316685,Non-Viral
C03322,2026-02-09,YouTube,Career Stress,Short,Text,List,32,88862,172150,3586,202,344,394,0.513,165,5.093,1.145,4.4068,0.05471315748013775,Non-Viral
C02660,2026-02-09,Instagram,College Life,Short,Visual,Story,10,45028,200439,5020,319,434,247,0.499,105,13.369,0.569,10.6256,0.056945616061117525,Non-Viral
C01778,2026-02-09,YouTube,Friendship,Short,Visual,Story,31,140330,22167,5956,612,533,364,0.595,361,5.32,0.683,4.4345,0.0626415235516283,Non-Viral
C01556,2026-02-09,YouTube,Burnout,Short,Visual,Confession,33,1524,134736,137,14,14,13,0.667,5,11.68,0.929,10.3346,0.0747708661417323,Viral
C02095,2026-02-09,Instagram,College Life,Short,Text,Question,15,34242,173558,2066,106,338,145,0.464,132,7.754,0.429,7.2893,0.05257662519712634,Non-Viral
C02720,2026-02-09,Instagram,Dating,Short,Visual,Question,43,30465,188429,2424,133,180,380,0.672,171,10.231,2.111,8.9004,0.07425563761693747,Viral
C02433,2026-02-09,YouTube,Career Stress,Short,Visual,Story,39,13887,139882,725,91,134,115,0.545,11,7.669,0.858,8.1443,0.06230946208684382,Non-Viral
C00350,2026-02-09,Instagram,Friendship,Long,Visual,List,46,26389,168035,1145,56,249,237,0.38,81,6.393,0.952,7.1147,0.045258706279131464,Non-Viral
C03885,2026-02-09,Instagram,Self-Doubt,Short,Visual,Confession,30,107214,185258,9664,427,1580,661,0.607,507,11.502,0.418,10.7584,0.069778571828306,Viral
C00287,2026-02-09,YouTube,Self-Doubt,Long,Text,Question,46,103119,43630,6516,835,1304,276,0.504,456,8.661,0.212,8.7031,0.058108084834026706,Non-Viral
C01076,2026-02-09,Instagram,Friendship,Short,Visual,List,31,13255,234196,896,82,133,74,0.531,14,8.94,0.556,8.4346,0.06021806865333837,Non-Viral
C01487,2026-02-09,Instagram,Career Stress,Long,Text,Advice,25,131478,220011,2243,209,314,115,0.386,150,2.191,0.366,1.9828,0.04017554876100945,Non-Viral
C03365,2026-02-09,YouTube,Self-Doubt,Short,Visual,Story,29,27303,94521,2611,247,263,309,0.534,123,12.563,1.175,11.2918,0.062486913525986156,Non-Viral
C01941,2026-02-09,Instagram,Career Stress,Short,Text,List,38,116860,122221,3169,311,537,211,0.582,160,3.618,0.393,3.4948,0.06120872839294883,Non-Viral
C01908,2026-02-09,Instagram,College Life,Long,Text,Question,52,59591,224901,2132,162,374,91,0.457,129,4.63,0.243,4.3849,0.04939015455353997,Non-Viral
C04220,2026-02-09,Instagram,Career Stress,Short,Visual,Confession,22,98291,58185,4253,626,735,791,0.52,83,6.516,1.076,6.9716,0.05873459421513669,Non-Viral
C00083,2026-02-09,Instagram,Burnout,Short,Visual,Story,37,158661,59809,8528,642,487,1262,0.481,451,6.882,2.591,5.8061,0.05247442093520147,Non-Viral
C01936,2026-02-09,Instagram,Self-Doubt,Short,Text,List,47,150126,10229,5144,890,936,714,0.466,439,5.118,0.763,5.4241,0.05172169777386995,Non-Viral
C00703,2026-02-10,YouTube,Burnout,Short,Visual,Advice,32,172386,142656,6250,1135,829,427,0.609,353,5.013,0.515,4.7385,0.06479474783335074,Non-Viral
C03690,2026-02-10,Instagram,Burnout,Short,Visual,Confession,21,145180,84488,7020,768,1628,884,0.462,515,7.095,0.543,7.7931,0.05386634522661524,Non-Viral
C00467,2026-02-10,Instagram,Self-Doubt,Short,Text,Question,41,163942,40047,14453,520,708,582,0.493,335,9.92,0.822,6.8893,0.05278415903185273,Non-Viral
C01078,2026-02-10,Instagram,Social Anxiety,Short,Visual,List,15,129029,61581,8493,215,1214,660,0.521,257,8.201,0.544,7.3867,0.05811841446496525,Non-Viral
C04583,2026-02-10,YouTube,Family Pressure,Short,Visual,Advice,22,94937,247154,4540,333,653,281,0.625,90,6.117,0.43,5.5726,0.06700930617146107,Viral
C00187,2026-02-10,Instagram,Social Anxiety,Short,Visual,Question,51,130376,166618,15719,1550,1730,1964,0.654,527,16.079,1.135,14.8053,0.0776737313616003,Viral
C03271,2026-02-10,YouTube,Friendship,Short,Visual,Question,26,167650,35326,19318,1126,911,1555,0.693,1172,13.665,1.707,10.2541,0.07553531166119892,Viral
C00532,2026-02-10,Instagram,Social Anxiety,Short,Text,Advice,53,70476,204208,5917,361,752,922,0.524,469,11.283,1.226,10.7838,0.0618947216073557,Non-Viral
C02297,2026-02-10,Instagram,Friendship,Long,Visual,Confession,23,102224,123772,5066,356,369,404,0.492,292,6.06,1.095,4.8736,0.05253238769760526,Non-Viral
C01637,2026-02-10,Instagram,Burnout,Long,Text,List,39,45360,34020,1391,168,243,119,0.577,80,4.235,0.49,4.2207,0.06145330687830688,Non-Viral
C00168,2026-02-10,Instagram,Family Pressure,Long,Text,Story,37,179185,7525,11052,269,919,538,0.37,254,7.131,0.585,5.4483,0.04043388118425091,Non-Viral
C01596,2026-02-10,Instagram,Career Stress,Short,Visual,Question,32,121526,190424,9882,917,1536,770,0.732,579,10.784,0.501,10.2567,0.08192035613778122,Viral
C04379,2026-02-10,YouTube,Social Anxiety,Long,Text,Advice,39,112992,74702,6107,307,806,776,0.439,318,7.077,0.963,6.6235,0.04957783559898046,Non-Viral
C03559,2026-02-10,YouTube,College Life,Long,Visual,Question,49,86032,210699,3122,356,360,459,0.545,77,4.995,1.275,4.7575,0.05860428677701321,Non-Viral
C02200,2026-02-10,YouTube,Friendship,Long,Text,Confession,29,108090,246245,3732,376,808,279,0.379,295,4.806,0.345,5.0069,0.042560005550929786,Non-Viral
C01850,2026-02-10,YouTube,Career Stress,Short,Visual,Confession,19,135028,141658,11607,453,1575,1455,0.559,361,11.175,0.924,10.4556,0.06488480315193887,Non-Viral
C02596,2026-02-10,Instagram,Self-Doubt,Long,Visual,Story,35,107626,236497,7920,384,438,1227,0.38,361,9.263,2.801,7.7156,0.04378670581458013,Non-Viral
C02328,2026-02-10,Instagram,College Life,Short,Visual,Question,33,18160,23792,1367,139,222,136,0.569,21,10.264,0.613,10.0771,0.06579592511013216,Non-Viral
C00041,2026-02-10,Instagram,College Life,Short,Visual,Advice,35,121014,78919,7073,324,1229,1212,0.626,306,8.13,0.986,8.3738,0.07057634984381972,Viral
C04367,2026-02-10,Instagram,College Life,Long,Visual,Question,47,58759,101862,3144,290,378,468,0.572,65,7.284,1.238,6.9385,0.06322460899606869,Non-Viral
C00623,2026-02-10,Instagram,Family Pressure,Long,Visual,Confession,48,66844,165763,4646,147,618,147,0.441,170,8.315,0.238,7.0186,0.0492500508646999,Non-Viral
C01433,2026-02-11,Instagram,Burnout,Long,Text,Story,48,111817,164464,6557,417,255,750,0.376,208,7.136,2.941,5.5171,0.041197842904030696,Non-Viral
C02940,2026-02-11,Instagram,Self-Doubt,Short,Text,Question,36,146163,34651,15443,658,1572,738,0.594,476,12.596,0.469,10.1944,0.06642982286898873,Viral
C03049,2026-02-11,YouTube,Family Pressure,Long,Text,Advice,46,57966,86103,1122,102,88,180,0.397,27,2.574,2.045,2.3082,0.041578687506469314,Non-Viral
C03524,2026-02-11,YouTube,Social Anxiety,Short,Visual,Advice,24,60674,207869,4612,393,195,604,0.55,186,9.566,3.097,7.7274,0.06040429178890464,Non-Viral
C03180,2026-02-11,Instagram,Friendship,Long,Text,List,48,120268,193332,4938,421,491,854,0.421,216,5.574,1.739,5.2229,0.046592466824092856,Non-Viral
C02103,2026-02-11,YouTube,Career Stress,Short,Text,Confession,23,157071,83942,7270,788,1080,549,0.408,446,6.167,0.508,5.8286,0.04569523845904082,Non-Viral
C03562,2026-02-11,Instagram,College Life,Short,Text,List,12,160210,236082,8129,881,927,556,0.514,216,6.55,0.6,5.7918,0.055869758442044816,Non-Viral
C02051,2026-02-11,Instagram,Social Anxiety,Short,Visual,Question,35,110091,133046,7209,329,1073,609,0.576,281,8.375,0.568,7.7527,0.06409371883260212,Non-Viral
C04682,2026-02-11,Instagram,Self-Doubt,Long,Text,Question,16,76689,227326,1594,75,105,220,0.292,72,2.6,2.095,2.1705,0.03082344012831045,Non-Viral
C00262,2026-02-11,YouTube,Self-Doubt,Long,Text,Story,50,145637,184671,10814,1246,678,1063,0.408,198,9.476,1.568,7.8524,0.046367953198706374,Non-Viral
C03257,2026-02-11,Instagram,Friendship,Short,Visual,Advice,34,104426,73829,6968,798,604,342,0.476,373,8.343,0.566,6.8728,0.05233158025779021,Non-Viral
C03517,2026-02-11,Instagram,Career Stress,Short,Text,Story,72,16868,206752,720,24,100,122,0.454,33,5.727,1.22,5.5727,0.050450984111927916,Non-Viral
C01193,2026-02-11,Instagram,Friendship,Short,Text,List,30,123266,104759,13229,1384,441,1052,0.572,393,13.066,2.385,9.8304,0.06305441240893678,Non-Viral
C02534,2026-02-11,Instagram,Family Pressure,Short,Visual,Confession,37,168446,41262,5957,380,1007,578,0.58,121,4.703,0.574,4.5863,0.062057977037151366,Non-Viral
C00704,2026-02-11,Instagram,Family Pressure,Short,Text,List,8,116799,149658,6834,504,572,948,0.536,128,7.584,1.657,6.6653,0.058886004160994536,Non-Viral
C02450,2026-02-11,YouTube,Self-Doubt,Short,Visual,Advice,33,159281,88584,7259,548,1058,528,0.592,228,5.897,0.499,5.4504,0.06369959505527967,Non-Viral
C02805,2026-02-11,Instagram,Dating,Short,Visual,Advice,42,128071,198264,16107,880,2317,735,0.557,365,15.647,0.317,13.8942,0.0665935668496381,Viral
C04372,2026-02-11,Instagram,Social Anxiety,Short,Text,Question,26,114163,51984,6695,657,875,290,0.476,183,7.46,0.331,6.6028,0.052674323554917094,Non-Viral
C00685,2026-02-11,Instagram,Burnout,Long,Visual,Advice,39,7948,109198,173,7,28,30,0.475,3,2.994,1.071,3.0322,0.05034977352793155,Non-Viral
C04283,2026-02-11,Instagram,Dating,Long,Text,Advice,45,120911,11282,5180,744,1173,874,0.489,162,6.592,0.745,7.4212,0.056357137894815196,Non-Viral
C02368,2026-02-12,Instagram,Family Pressure,Short,Visual,Question,28,130705,114323,10846,703,1471,1025,0.51,465,10.746,0.697,9.9005,0.059223862897364296,Non-Viral
C01032,2026-02-12,Instagram,Dating,Short,Text,Story,40,67848,156349,6577,676,880,826,0.433,119,13.205,0.939,12.6673,0.054283374602051654,Non-Viral
C00908,2026-02-12,Instagram,Social Anxiety,Short,Visual,Story,18,104674,242419,6611,524,410,503,0.496,369,7.689,1.227,6.045,0.05355513690123623,Non-Viral
C02478,2026-02-12,Instagram,Family Pressure,Short,Text,List,26,122858,86770,8346,829,1099,624,0.538,440,8.87,0.568,8.1081,0.060361233293721214,Non-Viral
C03787,2026-02-12,Instagram,Dating,Short,Text,List,45,91059,69161,4041,358,550,184,0.646,206,5.637,0.335,5.0248,0.06851394590320561,Viral
C03196,2026-02-12,Instagram,Friendship,Short,Visual,List,50,36712,14538,1126,102,156,155,0.561,70,4.192,0.994,4.0695,0.05969555458705601,Non-Viral
C03052,2026-02-12,Instagram,Self-Doubt,Long,Visual,Confession,19,162894,91022,18457,1164,2250,2454,0.352,444,14.933,1.091,13.894,0.04700706471693249,Non-Viral
C03888,2026-02-12,Instagram,Career Stress,Long,Visual,List,8,159075,236487,7970,912,1157,981,0.469,255,6.928,0.848,6.7804,0.05288302687411598,Non-Viral
C03088,2026-02-12,Instagram,Self-Doubt,Short,Text,Question,18,158765,74748,10639,1000,1714,1083,0.458,514,9.093,0.632,8.8984,0.05364933707051303,Non-Viral
C02931,2026-02-12,Instagram,Dating,Short,Visual,Question,32,26572,65517,2195,166,302,220,0.516,117,10.85,0.728,10.1328,0.06013530031612224,Non-Viral
C02370,2026-02-12,Instagram,Dating,Short,Visual,List,30,152160,77378,4818,401,275,604,0.666,120,4.008,2.196,3.3146,0.06899944794952682,Viral
C01616,2026-02-12,Instagram,Burnout,Short,Text,Advice,44,20037,229465,680,84,86,51,0.447,35,4.497,0.593,4.1224,0.048023850875879626,Non-Viral
C00761,2026-02-12,Instagram,Dating,Short,Visual,List,50,86899,181738,7872,735,1291,1204,0.546,527,12.776,0.933,13.026,0.06671061116928849,Viral
C03289,2026-02-12,YouTube,Self-Doubt,Short,Visual,List,13,134219,43985,15381,769,1109,1668,0.558,755,14.102,1.504,11.5535,0.06410582853396316,Non-Viral
C00411,2026-02-12,YouTube,Family Pressure,Short,Text,Advice,49,167457,197116,10511,858,726,334,0.57,164,7.422,0.46,5.6065,0.060317866676221354,Non-Viral
C03761,2026-02-12,YouTube,Family Pressure,Short,Visual,Story,70,44664,119723,4384,342,616,161,0.527,103,12.321,0.261,10.9148,0.06113632455668996,Non-Viral
C03097,2026-02-12,YouTube,Friendship,Short,Visual,Question,26,89797,212476,6318,421,640,381,0.624,91,8.642,0.595,7.2079,0.06758335801864206,Viral
C02147,2026-02-12,YouTube,Self-Doubt,Short,Text,Story,49,122167,210911,3475,445,577,604,0.547,65,4.175,1.047,4.3743,0.05885496819926822,Non-Viral
C04634,2026-02-12,Instagram,Social Anxiety,Long,Visual,Advice,41,55416,138788,5008,346,214,509,0.368,188,10.966,2.379,8.4506,0.042229839757470765,Non-Viral
C00661,2026-02-12,YouTube,Dating,Short,Text,Advice,32,127327,108104,5012,496,1073,861,0.631,278,5.845,0.802,6.433,0.06950516151326899,Viral
C00230,2026-02-12,YouTube,Friendship,Short,Text,Confession,44,179275,210476,8728,694,1006,443,0.4,177,6.064,0.44,5.1926,0.043847162181006843,Non-Viral
C03950,2026-02-12,YouTube,Career Stress,Short,Text,Advice,29,108698,249527,4328,212,372,418,0.512,239,4.903,1.124,4.0792,0.05418625549688127,Non-Viral
C00259,2026-02-12,YouTube,Friendship,Short,Visual,List,38,112118,173561,6779,511,1082,977,0.822,183,8.339,0.903,8.3448,0.08984061078506574,Viral
C02248,2026-02-12,Instagram,Burnout,Long,Visual,List,8,74487,228111,3598,132,576,298,0.359,46,6.181,0.517,5.801,0.040845829473599424,Non-Viral
C00544,2026-02-12,Instagram,Social Anxiety,Long,Visual,Confession,8,53027,46672,2690,163,412,376,0.486,142,6.866,0.913,6.7466,0.0546846361287646,Non-Viral
C01405,2026-02-13,Instagram,Family Pressure,Short,Visual,Advice,35,86520,21667,9605,421,1366,289,0.595,214,13.501,0.212,11.6852,0.06833668515950068,Viral
C02483,2026-02-13,Instagram,Burnout,Short,Visual,Story,44,165617,50751,12018,636,499,1447,0.578,328,8.816,2.9,6.8556,0.06235297463424648,Non-Viral
C02381,2026-02-13,Instagram,Family Pressure,Long,Text,List,48,159431,89808,6008,702,803,306,0.493,369,4.904,0.381,4.4395,0.052802769223049474,Non-Viral
C01106,2026-02-13,Instagram,College Life,Short,Visual,List,46,27398,246460,807,72,83,74,0.436,19,3.781,0.892,3.3159,0.046167705671946856,Non-Viral
C04628,2026-02-13,Instagram,Social Anxiety,Short,Text,Confession,34,125721,211229,11867,403,1102,1249,0.518,764,11.63,1.133,9.817,0.05920568401460377,Non-Viral
C04391,2026-02-13,Instagram,Career Stress,Long,Visual,Question,26,171794,100686,7123,1205,1075,1292,0.495,228,6.225,1.202,6.5066,0.055624195257110265,Non-Viral
C02275,2026-02-13,Instagram,Burnout,Long,Visual,Question,10,132753,221846,3987,489,903,323,0.423,229,4.295,0.358,4.5814,0.04664340466882105,Non-Viral
C04773,2026-02-13,Instagram,Dating,Short,Visual,List,40,127327,36432,8725,692,1122,1256,0.539,507,9.264,1.119,8.8579,0.061639913765344355,Non-Viral
C00392,2026-02-13,YouTube,Self-Doubt,Long,Visual,Confession,12,63174,62201,6778,190,713,574,0.489,343,13.067,0.805,11.0188,0.05715576977870643,Non-Viral
C03668,2026-02-13,Instagram,Self-Doubt,Long,Text,Story,25,118860,185589,10041,1078,1673,1001,0.376,147,11.604,0.598,11.4913,0.04782084805653711,Non-Viral
C03824,2026-02-13,Instagram,Career Stress,Long,Visual,Confession,36,107965,221442,3938,363,531,308,0.542,52,4.761,0.58,4.3741,0.05777338026212199,Non-Viral
C03792,2026-02-13,YouTube,Burnout,Long,Text,Confession,37,84189,44529,4969,362,315,393,0.435,132,7.173,1.248,5.6522,0.04722910950361687,Non-Viral
C00251,2026-02-13,Instagram,Career Stress,Long,Text,Advice,27,47937,53141,1289,178,259,125,0.483,33,3.861,0.483,4.0438,0.05207057387821516,Non-Viral
C03879,2026-02-13,Instagram,Self-Doubt,Long,Visual,List,46,108316,100396,8783,645,600,943,0.527,457,10.129,1.572,8.3506,0.05869772886738801,Non-Viral
C01174,2026-02-13,Instagram,College Life,Long,Visual,Question,64,22596,184208,1852,149,230,82,0.528,26,10.236,0.357,8.8666,0.059458258098778555,Non-Viral
C04226,2026-02-13,Instagram,Burnout,Long,Visual,Question,25,52485,229807,4025,535,534,709,0.481,82,11.056,1.328,11.1175,0.058260045727350676,Non-Viral
C00349,2026-02-13,YouTube,Career Stress,Short,Visual,Confession,29,64911,94120,2487,236,509,222,0.587,100,5.321,0.436,5.4975,0.06380006008226649,Non-Viral
C01886,2026-02-13,YouTube,Career Stress,Short,Visual,Advice,26,55971,167470,3314,474,316,431,0.463,79,8.102,1.364,7.4646,0.05242102696039021,Non-Viral
C01883,2026-02-13,Instagram,Burnout,Short,Text,Advice,52,33913,239968,2041,345,213,149,0.58,141,8.103,0.7,7.2981,0.0636703918851178,Non-Viral
C02032,2026-02-13,Instagram,Self-Doubt,Short,Visual,Story,29,64026,213611,7609,444,401,379,0.731,108,13.796,0.945,10.0451,0.07873442976290881,Viral
C01702,2026-02-13,YouTube,College Life,Long,Visual,Story,34,38905,186594,3499,135,229,242,0.42,73,10.551,1.057,8.0272,0.04703534250096389,Non-Viral
C00023,2026-02-14,Instagram,Burnout,Short,Text,List,30,111958,20567,3387,452,444,169,0.572,201,3.976,0.381,3.6098,0.060043030422122584,Non-Viral
C01432,2026-02-14,Instagram,Social Anxiety,Short,Visual,Question,31,87670,72296,4104,389,292,211,0.525,238,5.699,0.723,4.4867,0.05538639215238965,Non-Viral
C01929,2026-02-14,Instagram,Dating,Long,Visual,Question,20,17061,59117,787,58,119,169,0.334,41,6.641,1.42,6.89,0.04002036222964657,Non-Viral
C04929,2026-02-14,Instagram,Self-Doubt,Short,Text,Advice,37,23483,8838,1094,92,187,168,0.575,47,6.562,0.898,6.7368,0.0638173359451518,Non-Viral
C03935,2026-02-14,Instagram,Family Pressure,Long,Text,List,23,6819,68366,272,13,40,34,0.331,6,5.265,0.85,5.0374,0.037521469423669164,Non-Viral
C03099,2026-02-14,Instagram,Burnout,Long,Text,List,33,2958,15636,198,9,9,27,0.434,3,8.215,3.0,6.5416,0.04796389452332657,Non-Viral
C00912,2026-02-14,Instagram,Burnout,Short,Text,Confession,8,22190,208824,716,96,87,43,0.517,17,4.245,0.494,3.826,0.05469459215863002,Non-Viral
C04168,2026-02-14,Instagram,Family Pressure,Long,Visual,Story,48,14678,102049,515,25,94,88,0.532,25,4.919,0.936,5.1301,0.05813595857746287,Non-Viral
C02385,2026-02-14,YouTube,Dating,Short,Visual,Story,28,165277,72739,8240,1080,357,928,0.635,163,6.417,2.599,5.2439,0.06713662215553283,Viral
C02926,2026-02-14,Instagram,Burnout,Short,Visual,Story,45,126413,141742,7078,644,1172,1222,0.618,276,8.002,1.043,8.2784,0.06963621937617176,Viral
C00635,2026-02-14,YouTube,Career Stress,Short,Text,Confession,23,97577,156563,5255,630,543,610,0.5,337,7.213,1.123,6.581,0.05534808407719032,Non-Viral
C02613,2026-02-14,YouTube,Family Pressure,Short,Visual,List,30,80211,115598,5639,254,508,405,0.535,310,8.485,0.797,6.8999,0.05833973519841419,Non-Viral
C00564,2026-02-14,YouTube,Career Stress,Short,Text,List,63,136527,73125,5869,716,845,574,0.546,200,5.863,0.679,5.6337,0.05943310993429872,Non-Viral
C03087,2026-02-14,Instagram,Burnout,Short,Visual,Confession,28,95413,86017,5490,911,1373,655,0.537,507,8.834,0.477,9.9992,0.06366719524593085,Non-Viral
C04331,2026-02-14,Instagram,Family Pressure,Short,Text,Question,33,89904,240125,1931,279,309,297,0.509,136,3.132,0.961,3.2312,0.05390320341697811,Non-Viral
C00469,2026-02-14,Instagram,Social Anxiety,Short,Visual,Story,26,98036,192609,11264,1339,1563,1095,0.556,413,15.567,0.701,14.8104,0.06817395242563958,Viral
C01639,2026-02-14,YouTube,Family Pressure,Long,Visual,Advice,45,31564,209100,1351,151,125,51,0.418,21,5.316,0.408,4.3689,0.044784412621974405,Non-Viral
C04983,2026-02-15,Instagram,Friendship,Long,Text,Confession,51,126218,188232,8249,1093,471,860,0.531,174,8.456,1.826,7.0489,0.058122263068658996,Non-Viral
C04491,2026-02-15,Instagram,Social Anxiety,Long,Visual,Advice,26,85316,138388,6763,583,526,805,0.484,434,10.17,1.53,8.7252,0.0550300576679638,Non-Viral
C03256,2026-02-15,Instagram,Self-Doubt,Short,Visual,Advice,29,168538,130304,11304,1023,1821,1366,0.526,245,9.205,0.75,9.1264,0.060804084538798375,Non-Viral
C03359,2026-02-15,Instagram,Career Stress,Short,Visual,Story,29,113526,225219,8136,864,1619,596,0.585,549,9.879,0.368,10.0532,0.06763403097087892,Viral
C03045,2026-02-15,Instagram,Self-Doubt,Long,Text,Confession,34,61761,8145,3786,218,223,429,0.571,220,7.539,1.924,6.0669,0.061338111429542916,Non-Viral
C01326,2026-02-15,Instagram,Dating,Short,Visual,List,41,22802,27561,755,26,104,34,0.705,45,4.03,0.327,3.4931,0.0731708183492676,Viral
C01663,2026-02-15,YouTube,Social Anxiety,Short,Visual,List,20,35437,234763,2313,305,352,413,0.671,123,9.547,1.173,9.8654,0.07635727347123064,Viral
C03290,2026-02-15,Instagram,Social Anxiety,Long,Text,Question,35,151869,72410,8337,896,1284,1377,0.553,198,7.832,1.072,7.9796,0.06270967544396816,Non-Viral
C01345,2026-02-15,YouTube,Dating,Long,Text,Confession,35,93132,98863,5877,178,832,514,0.434,95,7.947,0.618,7.2258,0.04936250483185157,Non-Viral
C02674,2026-02-15,Instagram,Burnout,Short,Visual,List,27,27844,5846,2443,154,179,351,0.5,110,11.23,1.961,9.6664,0.05750430972561414,Non-Viral
C04905,2026-02-15,Instagram,Career Stress,Short,Visual,Story,25,87009,82097,4357,294,390,315,0.555,241,6.156,0.808,5.0794,0.05910997138227081,Non-Viral
C04019,2026-02-15,Instagram,Social Anxiety,Short,Visual,Advice,41,165642,183499,16550,1402,2830,3228,0.606,708,14.495,1.141,15.2884,0.07540421632194733,Viral
C01960,2026-02-15,YouTube,Family Pressure,Short,Visual,Confession,35,160985,59637,8513,928,1614,1665,0.49,695,7.901,1.032,8.585,0.05747905084324627,Non-Viral
C04408,2026-02-15,YouTube,Career Stress,Short,Visual,List,15,155019,121763,8246,452,736,1045,0.538,456,6.76,1.42,5.8696,0.05839621078706482,Non-Viral
C03776,2026-02-15,YouTube,Family Pressure,Short,Visual,Confession,20,114567,180647,4316,332,588,566,0.603,67,5.064,0.963,4.8461,0.0645263479012281,Non-Viral
C01891,2026-02-15,Instagram,Family Pressure,Short,Visual,List,41,70151,224428,3355,339,790,615,0.428,266,7.269,0.778,8.2479,0.05122254565152315,Non-Viral
C04156,2026-02-15,Instagram,Burnout,Long,Text,Confession,51,133431,25710,5924,1076,1619,1118,0.407,443,7.297,0.691,8.7453,0.04988339816084718,Non-Viral
C00253,2026-02-15,YouTube,Dating,Long,Text,Question,34,144227,71395,14001,962,590,1711,0.459,740,11.97,2.9,9.4542,0.052300327261885785,Non-Viral
C02741,2026-02-15,Instagram,Family Pressure,Long,Visual,Question,44,34105,43463,1033,102,138,174,0.439,21,4.243,1.261,4.1973,0.0477000293212139,Non-Viral
C02929,2026-02-15,YouTube,Burnout,Short,Text,Story,12,158911,140415,7082,307,1270,1475,0.473,532,6.377,1.161,6.772,0.05397071505433859,Non-Viral
C01534,2026-02-15,Instagram,College Life,Long,Text,Advice,41,43139,20559,1276,37,109,200,0.395,44,3.76,1.835,3.2928,0.04215652889496744,Non-Viral
C02738,2026-02-15,Instagram,Friendship,Long,Text,List,27,68657,54115,2806,464,691,522,0.283,184,6.53,0.755,7.5972,0.03612367420656306,Non-Viral
C04564,2026-02-15,Instagram,Self-Doubt,Long,Visual,Advice,29,4672,246473,259,29,38,37,0.531,22,7.77,0.974,7.7269,0.060067037671232885,Non-Viral
C03394,2026-02-15,YouTube,Self-Doubt,Short,Text,Story,36,65612,223723,4580,323,555,830,0.457,96,9.584,1.495,9.2963,0.05403993781625313,Non-Viral
C02944,2026-02-15,YouTube,Friendship,Long,Visual,Confession,8,43020,204967,4485,173,343,358,0.592,214,12.457,1.044,9.8722,0.06588758716875871,Non-Viral
C01798,2026-02-15,Instagram,College Life,Short,Visual,Confession,59,20853,19829,1028,168,209,141,0.458,86,7.414,0.675,8.0324,0.05354708675010791,Non-Viral
C03529,2026-02-15,YouTube,Friendship,Short,Text,List,15,92219,150312,3787,245,477,275,0.614,185,5.188,0.577,4.5999,0.06502072891703445,Non-Viral
C04796,2026-02-16,YouTube,Family Pressure,Short,Visual,Advice,38,46071,67349,4821,156,438,425,0.449,236,12.676,0.97,10.4372,0.05245355863775477,Non-Viral
C04871,2026-02-16,Instagram,Social Anxiety,Short,Visual,Story,50,86226,135849,6704,876,1905,1200,0.608,225,12.392,0.63,14.8227,0.07644087398232552,Viral
C01523,2026-02-16,Instagram,Social Anxiety,Long,Text,List,46,172142,59541,7132,644,284,257,0.592,143,4.831,0.905,3.4262,0.06095146100312533,Non-Viral
C04448,2026-02-16,YouTube,Career Stress,Long,Visual,Question,44,94506,32604,4821,289,1309,443,0.47,196,7.261,0.338,8.1021,0.055097898546124055,Non-Viral
C03295,2026-02-16,YouTube,Career Stress,Short,Text,List,45,109872,107713,4139,362,603,544,0.477,96,5.141,0.902,5.0145,0.052149268239405855,Non-Viral
C00888,2026-02-16,YouTube,Self-Doubt,Long,Visual,List,52,5692,165126,231,30,61,22,0.308,19,6.044,0.361,6.8078,0.03757266338721012,Non-Viral
C04956,2026-02-16,Instagram,Family Pressure,Short,Text,List,20,168406,97461,7807,732,1152,642,0.434,172,6.136,0.557,5.7845,0.048273935607994964,Non-Viral
C03194,2026-02-16,YouTube,Friendship,Short,Visual,Confession,35,51200,162636,1813,70,294,115,0.658,96,4.477,0.391,4.1475,0.06926289062500002,Viral
C02220,2026-02-16,Instagram,Dating,Long,Visual,Story,33,6712,151697,337,16,49,14,0.492,6,6.198,0.286,5.4753,0.053468474374255066,Non-Viral
C01178,2026-02-16,Instagram,Friendship,Long,Text,Question,26,76070,27400,5016,366,960,806,0.371,163,9.397,0.84,9.9238,0.046679334823189166,Non-Viral
C04009,2026-02-16,Instagram,College Life,Long,Visual,Story,20,130673,107580,4577,241,919,520,0.471,235,4.788,0.566,4.9337,0.051735234516694345,Non-Viral
C02810,2026-02-16,Instagram,College Life,Short,Text,Question,28,94014,104894,2151,244,432,233,0.441,193,3.255,0.539,3.4075,0.047300587146595185,Non-Viral
C02993,2026-02-16,Instagram,Social Anxiety,Short,Text,List,32,96548,78547,9303,325,364,932,0.587,333,11.315,2.56,8.3844,0.0637974644736297,Non-Viral
C04875,2026-02-16,Instagram,Social Anxiety,Short,Visual,Advice,34,5868,70294,321,33,81,66,0.504,27,8.538,0.815,9.9693,0.06082944785276074,Non-Viral
C04103,2026-02-16,Instagram,Dating,Long,Text,Question,39,12876,5121,1024,67,39,61,0.483,45,9.25,1.564,6.6131,0.05186477166821995,Non-Viral
C00523,2026-02-16,Instagram,Burnout,Short,Visual,Question,44,161587,94391,13371,566,2976,867,0.582,407,11.003,0.291,11.2611,0.06862286817627655,Viral
C02392,2026-02-16,Instagram,Friendship,Short,Visual,List,36,83342,97519,9718,265,452,731,0.549,214,13.398,1.617,9.6884,0.06044882292241607,Non-Viral
C01113,2026-02-16,Instagram,Social Anxiety,Short,Text,Story,36,165633,248345,7165,345,851,762,0.533,197,5.508,0.895,4.9368,0.05730463675716796,Non-Viral
C04248,2026-02-16,Instagram,Burnout,Short,Visual,Question,18,64117,51387,5446,534,353,296,0.633,182,10.339,0.839,8.0712,0.06841174883416255,Viral
C02554,2026-02-16,Instagram,Friendship,Short,Visual,Question,29,55283,97957,3003,244,282,430,0.496,76,7.161,1.525,6.464,0.054890957437186846,Non-Viral
C04985,2026-02-16,Instagram,Burnout,Long,Text,Confession,44,94921,110583,8064,982,865,1143,0.372,479,11.645,1.321,10.9417,0.04646507306075579,Non-Viral
C00072,2026-02-16,Instagram,College Life,Long,Text,List,34,148988,126700,6803,298,451,965,0.412,362,5.717,2.14,4.7866,0.04480532391870486,Non-Viral
C01651,2026-02-16,Instagram,Family Pressure,Short,Visual,Advice,45,60811,243191,4592,442,912,237,0.615,165,10.168,0.26,10.1445,0.07050823864103534,Viral
C03913,2026-02-16,Instagram,Self-Doubt,Long,Text,Question,40,108170,164785,4400,470,266,270,0.435,74,4.998,1.015,3.9225,0.04600716464823889,Non-Viral
C02071,2026-02-16,Instagram,Burnout,Long,Text,Confession,41,171748,196220,8922,443,447,1141,0.439,431,6.377,2.553,5.0938,0.04745113305540676,Non-Viral
C01770,2026-02-17,YouTube,Dating,Short,Visual,Confession,41,113158,158215,5519,641,902,226,0.642,232,6.441,0.251,6.0791,0.0692358790363916,Viral
C00052,2026-02-17,Instagram,Dating,Short,Text,Story,56,129625,219949,14512,712,1663,698,0.427,391,13.566,0.42,11.3473,0.05091253616200579,Non-Viral
C03258,2026-02-17,Instagram,Career Stress,Long,Visual,List,41,62252,117592,2742,321,180,387,0.441,130,5.831,2.15,5.0866,0.04803963246160766,Non-Viral
C03693,2026-02-17,Instagram,Social Anxiety,Short,Text,Confession,26,83936,147971,6860,377,664,341,0.471,358,9.819,0.514,7.9459,0.052552368471216165,Non-Viral
C03909,2026-02-17,Instagram,Social Anxiety,Short,Visual,Question,66,66788,229731,5209,375,946,794,0.524,421,10.966,0.839,11.3688,0.06318262562136912,Non-Viral
C01115,2026-02-17,Instagram,Friendship,Short,Visual,Confession,39,61371,205251,5135,354,442,260,0.571,148,10.088,0.588,8.0567,0.06247713252187515,Non-Viral
C03182,2026-02-17,Instagram,Burnout,Long,Visual,List,30,176971,221829,11537,943,1789,725,0.682,590,8.473,0.405,7.9109,0.07477734883116444,Viral
C03153,2026-02-17,Instagram,Career Stress,Short,Visual,Question,23,25699,75897,1894,233,280,111,0.458,126,9.798,0.396,9.1774,0.05335865987003386,Non-Viral
C02890,2026-02-17,YouTube,Family Pressure,Short,Visual,Confession,39,106965,130355,2867,144,533,436,0.494,124,3.721,0.818,3.8522,0.05306708736502594,Non-Viral
C03837,2026-02-17,Instagram,Burnout,Long,Visual,Question,54,22954,249166,1436,134,270,109,0.569,63,8.491,0.404,8.4822,0.06449344776509541,Non-Viral
C00993,2026-02-17,YouTube,Career Stress,Short,Visual,Advice,26,29543,170668,2458,114,358,121,0.641,64,10.327,0.338,9.1934,0.0713606031885726,Viral
C02466,2026-02-17,Instagram,Friendship,Long,Visual,Story,41,25510,203364,1577,80,202,210,0.417,47,8.111,1.04,7.5833,0.048203332026656213,Non-Viral
C00543,2026-02-17,YouTube,Dating,Short,Visual,List,35,147892,83090,8028,1023,673,1423,0.574,590,7.537,2.114,7.0413,0.06337192545911882,Non-Viral
C04791,2026-02-17,Instagram,College Life,Long,Visual,Confession,24,59456,33321,3298,401,514,210,0.402,225,7.439,0.409,7.0851,0.04616155139935415,Non-Viral
C00398,2026-02-17,Instagram,Social Anxiety,Short,Visual,List,24,30962,88414,2996,99,578,254,0.54,92,12.683,0.439,12.5589,0.0653413216200504,Non-Viral
C02851,2026-02-17,YouTube,Self-Doubt,Long,Visual,Confession,54,97345,111370,9941,743,1456,1107,0.518,163,13.608,0.76,13.0125,0.06308717448251067,Non-Viral
C04581,2026-02-17,YouTube,Self-Doubt,Long,Visual,Story,25,87695,192875,8412,385,895,680,0.489,355,11.827,0.76,10.0673,0.05647739893950624,Non-Viral
C04492,2026-02-17,Instagram,Family Pressure,Long,Text,Story,28,113935,49845,5875,226,1330,920,0.323,252,7.33,0.692,7.9927,0.04027296704261202,Non-Viral
C02861,2026-02-17,Instagram,Family Pressure,Short,Text,List,19,55923,18127,2528,127,471,304,0.707,83,6.133,0.645,6.2148,0.07646149348210933,Viral
C04827,2026-02-17,YouTube,Dating,Long,Text,Question,25,83271,181446,5536,220,564,501,0.475,127,8.191,0.888,6.9556,0.05274912634650719,Non-Viral
C03504,2026-02-18,Instagram,Career Stress,Short,Visual,List,29,66925,162632,2738,387,177,501,0.578,119,5.682,2.831,5.2036,0.0621033246171087,Non-Viral
C00009,2026-02-18,Instagram,College Life,Short,Visual,Confession,8,6914,128819,451,41,20,56,0.622,24,8.215,2.8,6.6387,0.06682105872143478,Viral
C03894,2026-02-18,Instagram,Self-Doubt,Short,Visual,Advice,25,117582,19776,4287,315,340,206,0.71,161,4.378,0.606,3.4427,0.0732286574475685,Viral
C04656,2026-02-18,YouTube,Friendship,Short,Text,Advice,22,164345,203073,10382,647,712,1734,0.429,718,8.199,2.435,7.159,0.04860537588609328,Non-Viral
C04159,2026-02-18,YouTube,Self-Doubt,Long,Visual,Confession,37,126524,58441,6829,562,613,554,0.465,252,6.764,0.904,5.6942,0.05066008030097057,Non-Viral
C02511,2026-02-18,Instagram,College Life,Short,Text,Question,31,75386,105084,4809,495,399,223,0.499,154,7.861,0.559,6.354,0.054154105536837076,Non-Viral
C00838,2026-02-18,YouTube,College Life,Long,Text,Story,52,54143,195877,2466,157,444,130,0.455,144,5.905,0.293,5.6526,0.05034550172690838,Non-Viral
C02745,2026-02-18,Instagram,Career Stress,Long,Visual,Confession,28,127723,189917,6500,320,425,740,0.475,438,6.252,1.741,5.0774,0.051111330770495525,Non-Viral
C04578,2026-02-18,YouTube,Dating,Short,Text,Question,62,11028,7982,495,69,113,112,0.517,32,7.155,0.991,8.288,0.06029630032644179,Non-Viral
C04844,2026-02-18,Instagram,Self-Doubt,Short,Visual,List,30,63461,199407,2740,200,133,186,0.817,196,5.135,1.398,3.8465,0.08399511038275476,Viral
C04164,2026-02-18,YouTube,Social Anxiety,Long,Visual,Question,28,5421,224464,356,49,60,72,0.606,25,9.906,1.2,10.6161,0.07092097399003874,Viral
C03965,2026-02-18,Instagram,College Life,Long,Visual,List,39,46797,78638,2787,163,413,152,0.472,147,7.511,0.368,6.7974,0.05266829924995192,Non-Viral
C02815,2026-02-18,Instagram,Social Anxiety,Short,Text,Confession,11,172447,223042,15722,1575,1165,997,0.557,967,11.284,0.856,9.1115,0.06184449656996063,Non-Viral
C01787,2026-02-18,YouTube,Social Anxiety,Short,Visual,Advice,20,78088,12421,10166,1153,679,1128,0.495,525,16.809,1.661,14.2218,0.05996127445958406,Non-Viral
C01085,2026-02-18,YouTube,Self-Doubt,Short,Text,Story,47,62350,200539,2702,88,359,103,0.592,113,5.216,0.287,4.4362,0.062498315958299924,Non-Viral
C02094,2026-02-18,Instagram,Burnout,Short,Visual,List,30,35189,126921,1631,166,136,140,0.664,101,5.891,1.029,4.9802,0.07004034215237716,Viral
C00426,2026-02-18,Instagram,Friendship,Short,Visual,Question,37,87244,129754,9819,630,1824,1622,0.675,292,15.927,0.889,16.7009,0.0835687267892348,Viral
C01704,2026-02-18,Instagram,College Life,Short,Text,Advice,18,44055,96115,905,155,80,98,0.447,42,2.81,1.225,2.5445,0.046712257405515836,Non-Viral
C02813,2026-02-18,Instagram,College Life,Short,Visual,Advice,59,43672,165600,1035,114,181,106,0.586,35,3.288,0.586,3.3053,0.061584749954204064,Non-Viral
C03288,2026-02-18,YouTube,Burnout,Long,Text,List,23,2312,242155,100,5,10,15,0.421,5,5.623,1.5,5.0822,0.04631712802768166,Non-Viral
C00102,2026-02-18,YouTube,College Life,Long,Visual,Story,32,53152,180658,2599,327,254,546,0.382,147,7.01,2.15,6.8558,0.044354989464178214,Non-Viral
C03024,2026-02-18,YouTube,Burnout,Short,Text,List,35,166221,210061,10860,522,1873,793,0.566,387,8.451,0.423,8.0724,0.06357294565668598,Non-Viral
C03040,2026-02-18,Instagram,Family Pressure,Long,Visual,Advice,57,174089,22188,6767,556,329,973,0.437,385,4.954,2.957,4.1074,0.04670622095594782,Non-Viral
C02349,2026-02-18,Instagram,Career Stress,Long,Visual,List,30,131916,225025,9661,834,798,1248,0.472,226,9.507,1.564,8.317,0.05370868734649322,Non-Viral
C02496,2026-02-19,Instagram,Family Pressure,Long,Visual,List,45,111765,181697,5876,221,392,495,0.598,264,6.249,1.263,4.8633,0.06300359683263991,Non-Viral
C01364,2026-02-19,Instagram,Family Pressure,Short,Visual,Confession,52,35258,59722,2892,183,138,492,0.603,106,10.508,3.565,8.8448,0.06702613307618129,Viral
C03736,2026-02-19,Instagram,Family Pressure,Long,Visual,Confession,13,98056,128908,3629,252,695,411,0.508,235,5.086,0.591,5.2006,0.055632442685812196,Non-Viral
C01796,2026-02-19,Instagram,Family Pressure,Long,Visual,Confession,63,170118,57797,6469,588,1240,1456,0.457,538,5.733,1.174,6.3183,0.05206616936479385,Non-Viral
C00339,2026-02-19,Instagram,Burnout,Short,Text,List,56,71170,221319,1700,133,431,363,0.47,104,3.691,0.842,4.3115,0.05153561894056485,Non-Viral
C04059,2026-02-19,YouTube,Social Anxiety,Short,Visual,Confession,50,22211,114698,1959,89,349,440,0.6,126,12.773,1.261,13.6869,0.07361487551213362,Viral
C04811,2026-02-19,Instagram,Social Anxiety,Long,Visual,Question,33,85860,225698,8156,444,443,903,0.293,330,11.584,2.038,9.1766,0.035552620545073375,Non-Viral
C02765,2026-02-19,Instagram,Family Pressure,Short,Visual,Confession,53,107311,213993,10713,1117,1082,477,0.591,440,12.477,0.441,10.4668,0.06653213650045195,Viral
C04262,2026-02-19,Instagram,Family Pressure,Short,Visual,Advice,18,154805,121893,7042,664,809,771,0.646,316,5.999,0.953,5.4817,0.06908919608539776,Viral
C00872,2026-02-19,Instagram,Career Stress,Short,Text,List,24,167381,152694,9549,497,1547,1552,0.649,322,7.853,1.003,7.925,0.07228614299113997,Viral
C01740,2026-02-19,YouTube,Social Anxiety,Long,Text,Advice,43,100093,226742,5857,506,553,491,0.424,250,7.4,0.888,6.3226,0.04711611401396701,Non-Viral
C00653,2026-02-19,Instagram,College Life,Long,Text,Question,32,72471,161761,5167,622,655,652,0.538,188,9.792,0.995,9.3631,0.06185356625408785,Non-Viral
C04570,2026-02-19,YouTube,Self-Doubt,Long,Text,Story,29,83853,234192,7520,304,1154,493,0.525,129,11.295,0.427,10.3324,0.06100059031877214,Non-Viral
C02116,2026-02-19,Instagram,Burnout,Short,Text,Story,46,165469,9098,10131,933,1876,1564,0.502,470,8.765,0.834,9.1987,0.0589832161915525,Non-Viral
C00224,2026-02-19,Instagram,Burnout,Long,Visual,Story,55,48129,186346,2658,224,405,282,0.525,146,7.415,0.696,7.1558,0.058742598017827094,Non-Viral
C02900,2026-02-19,Instagram,Dating,Short,Visual,List,19,69509,48355,4139,645,987,836,0.652,132,9.505,0.847,11.0345,0.0765898919564373,Viral
C02773,2026-02-19,YouTube,Burnout,Long,Text,Story,43,102054,205382,3486,196,603,376,0.44,136,4.567,0.624,4.5055,0.04805226644717503,Non-Viral
C00664,2026-02-19,YouTube,Burnout,Long,Text,Story,29,76500,171598,3570,219,182,240,0.425,89,5.505,1.319,4.1039,0.044941176470588234,Non-Viral
C04886,2026-02-19,YouTube,Family Pressure,Long,Visual,Confession,62,39507,217266,1977,108,283,140,0.544,42,6.348,0.495,5.7699,0.059096636039182936,Non-Viral
C03832,2026-02-19,YouTube,Self-Doubt,Short,Text,Question,51,122024,56829,5804,527,973,716,0.529,169,6.572,0.736,6.5917,0.05889636137153347,Non-Viral
C02643,2026-02-19,Instagram,Social Anxiety,Short,Visual,List,17,36323,30865,2170,190,381,518,0.591,202,8.972,1.36,9.7707,0.06888305756683094,Viral
C04119,2026-02-20,Instagram,Friendship,Long,Text,Confession,37,103927,64646,6782,602,327,216,0.514,357,7.627,0.661,5.4914,0.05430829139684586,Non-Viral
C02360,2026-02-20,Instagram,Burnout,Long,Text,Advice,39,110040,95652,3493,467,673,195,0.483,141,4.387,0.29,4.4129,0.052220392584514726,Non-Viral
C01072,2026-02-20,Instagram,Family Pressure,Short,Visual,List,39,49884,69593,2317,363,321,205,0.514,143,6.427,0.639,6.1663,0.0566201106567236,Non-Viral
C04654,2026-02-20,Instagram,College Life,Short,Text,Advice,29,4453,240378,159,5,14,23,0.441,2,4.514,1.643,3.9299,0.047232719514933755,Non-Viral
C01872,2026-02-20,Instagram,Family Pressure,Short,Text,Confession,48,82936,141775,4619,470,496,548,0.644,135,7.395,1.105,6.7504,0.0699235362207003,Viral
C02474,2026-02-20,YouTube,Self-Doubt,Short,Text,Story,17,103187,55325,3346,248,315,555,0.546,214,4.326,1.762,3.9734,0.05794780544060784,Non-Viral
C03583,2026-02-20,Instagram,Social Anxiety,Short,Visual,List,35,168340,141102,20334,1739,1993,2259,0.457,369,15.638,1.133,13.8247,0.056602934537246054,Non-Viral
C00735,2026-02-20,Instagram,College Life,Short,Text,Question,51,34552,45421,1151,137,246,55,0.577,74,4.599,0.224,4.7146,0.061976163463764763,Non-Viral
C03242,2026-02-20,Instagram,Self-Doubt,Short,Visual,Confession,44,142991,50978,10800,1181,1619,605,0.502,484,9.934,0.374,9.2583,0.05780327573064039,Non-Viral
C01474,2026-02-20,Instagram,College Life,Short,Text,Confession,39,15658,205306,471,39,83,80,0.646,10,4.298,0.964,4.4897,0.06889173585387662,Viral
C03079,2026-02-20,YouTube,Career Stress,Long,Visual,Story,10,114369,20551,4721,387,201,315,0.513,220,4.917,1.567,3.6496,0.05342470162369174,Non-Viral
C02870,2026-02-20,Instagram,Family Pressure,Short,Text,Story,34,146482,76344,6040,328,496,576,0.567,220,5.079,1.161,4.1998,0.059739281276880433,Non-Viral
C03433,2026-02-20,Instagram,College Life,Short,Visual,Confession,46,127040,42174,5891,893,1363,663,0.575,171,6.935,0.486,7.6354,0.06494804785894207,Non-Viral
C03241,2026-02-20,YouTube,Self-Doubt,Short,Visual,Story,26,14860,9769,798,147,136,169,0.6,19,8.412,1.243,9.1891,0.06901413189771198,Viral
C01940,2026-02-20,Instagram,Career Stress,Long,Visual,Question,37,120556,217789,7593,452,987,1230,0.48,418,8.512,1.246,8.2082,0.05530739241514317,Non-Viral
C03526,2026-02-21,YouTube,Burnout,Short,Visual,Story,54,162420,26389,8261,958,514,1303,0.535,213,6.795,2.535,5.9817,0.058215552271887704,Non-Viral
C04673,2026-02-21,YouTube,Self-Doubt,Short,Text,Story,51,102318,165932,3838,320,510,193,0.562,242,4.751,0.378,4.2172,0.059478015598428434,Non-Viral
C02523,2026-02-21,YouTube,Social Anxiety,Long,Text,List,22,176391,191180,5102,464,660,636,0.37,344,3.89,0.964,3.6844,0.040160025171352275,Non-Viral
C04605,2026-02-21,Instagram,Dating,Long,Visual,List,31,16593,167209,564,89,117,53,0.546,46,4.96,0.453,5.2582,0.05953581630808173,Non-Viral
C04996,2026-02-21,YouTube,Dating,Long,Text,Confession,30,16608,42903,958,88,131,96,0.302,16,7.665,0.733,7.2013,0.036278395953757224,Non-Viral
C02277,2026-02-21,Instagram,Social Anxiety,Long,Text,Confession,37,114896,190476,9348,1098,536,673,0.311,411,10.144,1.256,8.0725,0.03639000139256371,Non-Viral
C01710,2026-02-21,Instagram,Self-Doubt,Short,Visual,Confession,40,176250,161698,17993,514,1124,2170,0.689,915,12.369,1.931,9.9174,0.0759008510638298,Viral
C03232,2026-02-21,YouTube,Family Pressure,Short,Visual,Story,43,155543,237824,5374,580,560,1066,0.483,215,4.873,1.904,4.7376,0.05253548472126679,Non-Viral
C01989,2026-02-21,Instagram,College Life,Long,Visual,Advice,47,139652,114074,6854,743,1077,339,0.439,173,6.454,0.315,6.0511,0.048896706098015066,Non-Viral
C01988,2026-02-21,Instagram,College Life,Short,Visual,Advice,43,69624,22079,6689,359,659,399,0.491,105,11.643,0.605,9.5628,0.05585198207514651,Non-Viral
C02444,2026-02-21,YouTube,Friendship,Short,Text,Story,21,64962,26817,4102,187,696,577,0.444,178,8.562,0.829,8.5796,0.05231770573566085,Non-Viral
C01745,2026-02-21,YouTube,Career Stress,Short,Visual,Story,48,150276,54638,14817,872,2153,1892,0.588,612,13.132,0.879,12.6165,0.06989458596183024,Viral
C04755,2026-02-21,Instagram,Burnout,Long,Visual,Question,30,74543,85359,1590,286,277,268,0.462,130,3.248,0.968,3.4758,0.04952626806004588,Non-Viral
C03297,2026-02-21,Instagram,Social Anxiety,Short,Visual,Advice,43,163953,169419,13189,686,1973,466,0.622,472,9.95,0.236,8.8284,0.06909557373149623,Viral
C04027,2026-02-21,Instagram,Social Anxiety,Short,Visual,List,38,64003,63734,2740,358,490,327,0.593,148,6.117,0.667,6.2981,0.06511691483211725,Non-Viral
C04188,2026-02-21,YouTube,Burnout,Short,Text,List,48,156449,85832,5254,445,887,742,0.487,254,4.684,0.837,4.7552,0.0531007951473004,Non-Viral
C03328,2026-02-21,Instagram,Self-Doubt,Short,Visual,Confession,8,3332,67886,267,8,20,24,0.607,4,9.574,1.2,7.608,0.06592208883553421,Non-Viral
C03960,2026-02-22,YouTube,Burnout,Short,Visual,Story,54,84584,127157,7177,351,248,724,0.654,378,10.049,2.919,7.4565,0.06990971815000473,Viral
C02602,2026-02-22,Instagram,Dating,Long,Visual,Question,39,116455,166227,5547,474,327,273,0.6,148,5.685,0.835,4.3034,0.06257739040831223,Non-Viral
C02665,2026-02-22,Instagram,Self-Doubt,Short,Visual,Confession,26,148766,11104,5096,567,440,446,0.497,395,4.402,1.014,3.7714,0.0525020515440356,Non-Viral
C04587,2026-02-22,YouTube,Family Pressure,Long,Visual,Confession,46,160191,190295,8747,887,840,1148,0.407,325,7.255,1.367,6.5672,0.04604018765099163,Non-Viral
C03018,2026-02-22,Instagram,Burnout,Short,Visual,Confession,34,13918,86518,1353,45,82,86,0.588,81,11.252,1.049,8.3489,0.06378994108348901,Non-Viral
C01395,2026-02-22,YouTube,Family Pressure,Long,Visual,Question,34,158214,217167,9868,564,1291,1577,0.498,470,8.406,1.222,8.0947,0.056996897872501805,Non-Viral
C04556,2026-02-22,Instagram,Burnout,Short,Visual,Advice,21,154892,52178,5287,423,820,283,0.63,91,4.399,0.345,4.0699,0.06634006920951373,Non-Viral
C02734,2026-02-22,Instagram,Social Anxiety,Long,Visual,Story,23,32005,111705,1920,95,175,254,0.524,53,7.636,1.451,6.6724,0.05768667395719419,Non-Viral
C00964,2026-02-22,Instagram,College Life,Long,Text,Story,38,82964,62437,2827,326,372,182,0.431,93,4.468,0.489,4.0771,0.04636527168410395,Non-Viral
C03683,2026-02-22,YouTube,Family Pressure,Short,Visual,Question,49,61572,70839,2994,115,181,402,0.531,52,5.996,2.221,4.8991,0.05666168388228417,Non-Viral
C02839,2026-02-22,YouTube,College Life,Short,Visual,Story,35,106143,18963,5109,204,258,865,0.549,296,6.064,3.353,5.054,0.05872691274978096,Non-Viral
C03586,2026-02-22,YouTube,Burnout,Long,Visual,Confession,42,82961,88810,5607,389,1337,725,0.441,498,9.713,0.542,10.6653,0.05467725919407915,Non-Viral
C02462,2026-02-22,Instagram,Dating,Short,Visual,Question,27,46108,225174,2200,374,371,320,0.59,192,7.081,0.863,7.4044,0.06591962349266939,Non-Viral
C03670,2026-02-22,YouTube,Burnout,Long,Visual,List,23,31853,173086,2824,316,406,173,0.406,117,11.676,0.426,10.831,0.04945316924622485,Non-Viral
C03179,2026-02-22,YouTube,Burnout,Short,Text,Advice,29,150778,197261,6083,618,383,607,0.441,258,5.101,1.585,4.1992,0.04706561832628102,Non-Viral
C02553,2026-02-22,Instagram,Self-Doubt,Short,Visual,List,35,61489,54643,6036,291,669,262,0.583,279,11.804,0.392,9.7343,0.06518415814210672,Non-Viral
C03476,2026-02-22,Instagram,Burnout,Short,Visual,Question,36,130000,27376,8883,594,1439,1263,0.599,643,9.368,0.878,9.3658,0.06848115384615384,Viral
C02470,2026-02-22,Instagram,Family Pressure,Short,Visual,List,21,29175,146415,2543,286,334,355,0.456,157,12.058,1.063,11.6967,0.055872493573264785,Non-Viral
C00142,2026-02-22,YouTube,Burnout,Long,Text,Story,26,100992,140155,3008,346,294,293,0.344,194,3.902,0.997,3.4567,0.03709427281368821,Non-Viral
C01582,2026-02-22,Instagram,Burnout,Long,Text,Confession,31,33680,172630,1851,71,107,110,0.413,81,6.351,1.028,4.6704,0.04402565320665083,Non-Viral
C04930,2026-02-23,YouTube,Social Anxiety,Short,Text,Question,46,43777,161178,1459,125,221,158,0.547,53,4.484,0.715,4.331,0.058482808324005764,Non-Viral
C02874,2026-02-23,Instagram,Dating,Long,Text,List,32,70743,62527,3095,277,541,457,0.433,198,6.177,0.845,6.3611,0.04926666808023409,Non-Viral
C02394,2026-02-23,Instagram,Dating,Short,Visual,Story,9,49773,150941,3569,275,590,624,0.824,80,10.162,1.058,10.4776,0.09232405521065638,Viral
C01355,2026-02-23,Instagram,Dating,Short,Text,Advice,35,98682,7232,2302,97,211,143,0.425,176,2.79,0.678,2.2451,0.044044354593542896,Non-Viral
C03869,2026-02-23,Instagram,College Life,Short,Visual,Question,31,17108,26556,1402,175,250,186,0.551,74,11.766,0.744,12.1902,0.06647187280804304,Viral
C00903,2026-02-23,Instagram,Burnout,Short,Text,Confession,56,57512,181438,6416,428,769,236,0.534,107,13.648,0.307,11.5263,0.061764341354847686,Non-Viral
C03444,2026-02-23,YouTube,Career Stress,Long,Visual,List,31,5964,83199,246,16,13,16,0.604,7,4.879,1.231,3.6553,0.06258812877263582,Non-Viral
C02194,2026-02-23,YouTube,Burnout,Short,Visual,Advice,34,163733,99460,11918,895,623,1543,0.576,557,9.148,2.477,7.4857,0.06295933501493285,Non-Viral
C04803,2026-02-23,YouTube,Career Stress,Short,Text,Confession,61,166534,40269,10180,983,2254,1058,0.477,651,8.692,0.469,9.2729,0.056581970048158334,Non-Viral
C01257,2026-02-23,Instagram,Dating,Short,Text,Confession,47,154708,168139,8348,801,1367,723,0.557,629,7.265,0.529,7.0601,0.061854820694469584,Non-Viral
C02299,2026-02-23,YouTube,Social Anxiety,Short,Visual,Question,37,152048,131978,13369,477,700,698,0.542,705,10.026,0.997,7.1662,0.058119485951804696,Non-Viral
C02358,2026-02-23,Instagram,Family Pressure,Short,Visual,Question,28,16937,178577,1872,149,306,172,0.559,61,14.755,0.562,14.2971,0.06839630985416544,Viral
C02703,2026-02-23,Instagram,Dating,Long,Visual,Confession,47,108358,121921,4594,233,177,310,0.386,130,4.904,1.751,3.5046,0.040515871463113015,Non-Viral
C03413,2026-02-23,Instagram,College Life,Long,Text,Question,19,58078,177734,1791,249,145,91,0.324,103,3.919,0.628,3.2474,0.034636647267467895,Non-Viral
C03952,2026-02-23,Instagram,College Life,Long,Visual,Confession,18,152692,8375,9141,774,958,855,0.492,539,7.681,0.892,6.7558,0.05446353705498651,Non-Viral
C00976,2026-02-24,Instagram,College Life,Short,Text,Story,38,59063,222209,5801,255,636,690,0.517,231,12.499,1.085,11.1254,0.060698019064388875,Non-Viral
C03850,2026-02-24,YouTube,Self-Doubt,Short,Visual,List,58,79255,232723,7683,561,679,551,0.604,407,11.954,0.811,9.8694,0.06740271276260174,Viral
C03152,2026-02-24,Instagram,Dating,Long,Visual,Story,11,94620,216363,2729,96,404,329,0.492,137,3.76,0.814,3.5706,0.05231667723525682,Non-Viral
C03181,2026-02-24,YouTube,College Life,Short,Visual,Story,33,22149,97996,1514,112,182,231,0.589,54,9.206,1.269,8.7273,0.06648499255045374,Viral
C03622,2026-02-24,Instagram,Dating,Short,Text,Confession,56,34700,228234,3932,340,443,254,0.451,227,14.32,0.573,12.4294,0.054510662824207495,Non-Viral
C03471,2026-02-24,Instagram,Dating,Short,Visual,Advice,36,4716,127896,271,20,40,45,0.589,22,7.973,1.125,7.9623,0.06621552162849872,Non-Viral
C01839,2026-02-24,Instagram,Social Anxiety,Short,Visual,Confession,28,57117,107002,4124,376,418,593,0.502,186,9.649,1.419,8.8695,0.057595346394243394,Non-Viral
C04209,2026-02-24,Instagram,Family Pressure,Short,Visual,Advice,40,128538,74610,10034,478,890,1782,0.634,535,10.257,2.002,9.3109,0.07123270316949074,Viral
C02747,2026-02-24,Instagram,Social Anxiety,Long,Text,List,30,120533,235565,4657,643,880,866,0.335,157,5.846,0.984,6.3593,0.03974102942762563,Non-Viral
C03029,2026-02-24,YouTube,Dating,Short,Visual,Confession,34,136059,239276,8161,382,502,949,0.594,205,7.345,1.89,5.9221,0.06357392454743899,Non-Viral
C02914,2026-02-24,Instagram,Burnout,Long,Text,Confession,45,80472,69038,4989,401,709,248,0.231,131,7.887,0.35,7.1068,0.028736743215031318,Non-Viral
C03882,2026-02-24,YouTube,Self-Doubt,Short,Text,Confession,38,170261,248666,19386,625,1528,2530,0.436,299,14.137,1.656,11.9079,0.05264699255848374,Non-Viral
C03714,2026-02-24,Instagram,College Life,Short,Visual,Advice,35,179206,142222,10923,1533,2424,1118,0.525,484,8.927,0.461,9.6364,0.06174159905360312,Non-Viral
C03741,2026-02-24,Instagram,Dating,Short,Text,Question,51,75337,62304,2092,317,236,240,0.386,57,3.829,1.017,3.5965,0.041596535566852944,Non-Viral
C02241,2026-02-24,Instagram,Social Anxiety,Short,Visual,Story,26,125418,157367,11909,1407,1526,1254,0.616,419,12.834,0.822,12.0804,0.07175763287566378,Viral
C04967,2026-02-24,Instagram,Career Stress,Long,Text,Story,59,67361,105758,3942,499,867,543,0.468,77,8.686,0.626,9.5107,0.0561214174373896,Non-Viral
C00363,2026-02-24,Instagram,Burnout,Short,Text,Confession,45,175335,233964,15143,512,1085,743,0.402,811,9.971,0.685,7.4603,0.04469396868851057,Non-Viral
C03314,2026-02-24,YouTube,Friendship,Long,Visual,Question,16,33854,157590,1649,195,222,143,0.423,112,6.525,0.644,6.1115,0.047382117327346845,Non-Viral
C04261,2026-02-24,Instagram,College Life,Short,Visual,List,39,125113,154497,2400,350,585,536,0.653,135,3.094,0.916,3.6383,0.06910895670314038,Viral
C03197,2026-02-24,Instagram,Dating,Long,Visual,List,30,13371,130783,603,100,111,63,0.507,45,6.559,0.568,6.8095,0.056971034328023334,Non-Viral
C00326,2026-02-25,YouTube,Burnout,Short,Visual,List,35,90164,8798,2363,272,149,267,0.586,167,3.384,1.792,2.8509,0.06068453484761102,Non-Viral
C00032,2026-02-25,Instagram,Self-Doubt,Long,Visual,Story,34,170837,118532,8181,662,1993,1788,0.427,326,7.389,0.897,8.5687,0.051670831845560386,Non-Viral
C02936,2026-02-25,Instagram,Career Stress,Short,Visual,Advice,8,77705,62286,7088,668,715,325,0.569,297,11.32,0.455,9.4473,0.06358489801171095,Non-Viral
C03811,2026-02-25,Instagram,Career Stress,Short,Text,Story,52,30452,198476,962,70,81,83,0.494,46,3.927,1.025,3.2674,0.05175945093918297,Non-Viral
C01512,2026-02-25,Instagram,Dating,Long,Visual,Story,48,133757,196050,11372,968,1591,890,0.455,443,11.081,0.559,10.2357,0.0539343249325269,Non-Viral
C04155,2026-02-25,Instagram,Dating,Short,Text,Confession,23,13640,56229,823,95,109,119,0.497,35,8.402,1.092,8.2038,0.05695806451612903,Non-Viral
C04373,2026-02-25,Instagram,Friendship,Long,Text,Story,48,66869,12636,6551,374,296,892,0.433,136,12.133,3.014,9.7332,0.050132762565613366,Non-Viral
C03782,2026-02-25,Instagram,Burnout,Long,Text,Question,21,44355,25619,3311,348,449,414,0.464,55,10.195,0.922,9.8129,0.05493229624619547,Non-Viral
C02315,2026-02-25,Instagram,Burnout,Short,Visual,List,8,121757,219703,7504,381,657,941,0.53,355,7.788,1.432,6.7154,0.05821612720418539,Non-Viral
C00412,2026-02-25,Instagram,Self-Doubt,Short,Text,Confession,37,48927,11526,2049,81,256,111,0.52,88,5.104,0.434,4.3657,0.05528346311852352,Non-Viral
C00567,2026-02-25,Instagram,College Life,Short,Text,Confession,58,114900,235806,7399,708,1202,577,0.529,99,8.604,0.48,8.2868,0.06003838120104439,Non-Viral
C03336,2026-02-25,Instagram,Social Anxiety,Short,Visual,Confession,15,143114,102722,7360,1072,1382,1025,0.606,365,7.574,0.742,8.0244,0.06821770336934192,Viral
C01503,2026-02-25,YouTube,Dating,Short,Visual,Confession,34,62539,214331,4824,248,878,820,0.556,359,10.825,0.934,11.2858,0.0664460320759846,Viral
C02968,2026-02-25,Instagram,Family Pressure,Short,Visual,Story,65,13660,148383,1331,62,231,169,0.588,84,13.126,0.732,13.1003,0.070802196193265,Viral
C00078,2026-02-25,YouTube,Dating,Short,Text,Question,48,11130,42600,886,85,49,95,0.55,41,10.018,1.939,8.1536,0.060687331536388146,Non-Viral
C01817,2026-02-26,YouTube,Family Pressure,Short,Text,Confession,46,5700,28119,631,27,54,82,0.483,27,13.93,1.519,11.9649,0.05758947368421053,Non-Viral
C01291,2026-02-26,Instagram,Burnout,Long,Visual,Story,13,158520,75235,6142,1140,509,1403,0.509,197,5.8,2.756,5.7494,0.05607884178652536,Non-Viral
C01479,2026-02-26,Instagram,Family Pressure,Long,Text,List,31,116439,74435,3593,589,679,574,0.452,276,4.668,0.845,5.037,0.05006177311725453,Non-Viral
C03702,2026-02-26,Instagram,Family Pressure,Short,Text,Advice,22,49318,247248,2088,126,200,216,0.442,42,5.333,1.08,4.5926,0.04772204063425119,Non-Viral
C01656,2026-02-26,Instagram,Self-Doubt,Short,Text,Advice,8,142564,43671,4633,626,1050,494,0.486,292,4.772,0.47,5.1861,0.053612485620493255,Non-Viral
C01288,2026-02-26,Instagram,Career Stress,Long,Visual,List,48,122289,86795,3974,442,585,693,0.363,154,4.656,1.185,4.7355,0.04069491695900694,Non-Viral
C00148,2026-02-26,YouTube,Career Stress,Short,Text,Story,8,119316,13369,3663,668,319,550,0.527,282,4.358,1.724,4.0988,0.05612577692849241,Non-Viral
C00626,2026-02-26,Instagram,Burnout,Long,Visual,List,30,68719,164829,2203,203,398,359,0.471,34,4.603,0.902,4.8284,0.05171662713368937,Non-Viral
C00486,2026-02-26,Instagram,Family Pressure,Short,Text,Question,32,177756,216414,15158,472,1868,924,0.433,873,10.364,0.495,8.8543,0.04998669412002971,Non-Viral
C01545,2026-02-26,Instagram,Career Stress,Short,Text,Confession,23,4158,44203,120,5,20,19,0.64,8,3.944,0.95,3.9803,0.06771572871572872,Viral
C03089,2026-02-26,Instagram,Social Anxiety,Long,Visual,Question,32,123255,33655,11012,681,698,1221,0.5,318,11.044,1.749,8.9761,0.05634903249361081,Non-Viral
C03911,2026-02-26,Instagram,Social Anxiety,Short,Visual,Advice,34,129411,211578,18562,667,928,1447,0.451,830,16.694,1.559,12.3324,0.05245447527644482,Non-Viral
C01877,2026-02-26,YouTube,Friendship,Long,Text,Confession,32,110686,238753,3474,223,449,594,0.459,147,4.282,1.323,4.1618,0.049637600057821224,Non-Viral
C01112,2026-02-26,Instagram,Self-Doubt,Short,Visual,Confession,40,161051,111232,9153,1460,1916,1351,0.509,340,8.618,0.705,9.4482,0.06012999546727434,Non-Viral
C02209,2026-02-26,Instagram,Friendship,Short,Text,Advice,46,124818,211481,7430,359,665,688,0.572,180,7.324,1.035,6.1085,0.061682526558669425,Non-Viral
C03484,2026-02-26,Instagram,Friendship,Short,Text,Confession,38,154170,138810,16639,1951,789,778,0.623,316,13.075,0.986,9.8391,0.06801511967308815,Viral
C02175,2026-02-26,YouTube,Dating,Long,Visual,Advice,26,119941,119118,4115,244,691,959,0.487,209,5.01,1.388,5.348,0.053996354040736695,Non-Viral
C00719,2026-02-27,Instagram,Social Anxiety,Short,Visual,Confession,30,74531,203964,5462,156,620,556,0.51,197,9.116,0.897,7.9658,0.0572953670284848,Non-Viral
C01386,2026-02-27,Instagram,Social Anxiety,Short,Visual,Story,53,117775,228302,10410,1233,1682,591,0.665,695,11.816,0.351,11.2779,0.07600244109530885,Viral
C00854,2026-02-27,Instagram,Dating,Long,Visual,Confession,53,155470,21689,11626,560,934,749,0.564,682,8.921,0.802,7.0451,0.06108900752556763,Non-Viral
C03435,2026-02-27,Instagram,College Life,Long,Text,Story,33,47812,180457,2407,112,322,312,0.362,135,6.595,0.969,6.1941,0.041539663682757466,Non-Viral
C00637,2026-02-27,YouTube,Career Stress,Long,Text,Question,27,87207,95949,3941,508,381,275,0.51,161,5.854,0.722,5.0747,0.05478581994564657,Non-Viral
C00566,2026-02-27,Instagram,Self-Doubt,Short,Text,Confession,40,43309,8386,2475,204,397,267,0.573,187,7.719,0.673,7.5469,0.06398105936410446,Non-Viral
C01308,2026-02-27,Instagram,College Life,Long,Visual,Confession,43,56808,30104,4197,205,492,677,0.608,192,9.807,1.376,9.217,0.06881383607942543,Viral
C03210,2026-02-27,Instagram,Burnout,Long,Visual,List,49,109381,56404,4807,457,1025,868,0.462,179,6.543,0.847,7.2225,0.05342428941040949,Non-Viral
C03293,2026-02-27,Instagram,Friendship,Short,Text,Confession,53,134459,61689,11819,774,1655,1099,0.495,404,11.414,0.664,10.5858,0.05835437196468812,Non-Viral
C04706,2026-02-27,Instagram,Career Stress,Short,Text,Story,28,1861,18416,129,11,17,18,0.582,6,9.404,1.059,9.0274,0.06609897904352499,Non-Viral
C03110,2026-02-27,YouTube,Family Pressure,Short,Text,Question,33,129075,121775,3926,273,702,409,0.523,168,4.114,0.583,4.1034,0.056015281812899484,Non-Viral
C01609,2026-02-27,YouTube,Family Pressure,Short,Visual,Question,33,102827,198835,4137,500,729,203,0.634,80,5.416,0.278,5.2627,0.06791194725120833,Viral
C00510,2026-02-27,YouTube,Friendship,Long,Visual,Question,28,129014,192770,14821,931,1941,1014,0.485,595,14.5,0.522,12.9118,0.05871051978855008,Non-Viral
C04764,2026-02-27,Instagram,Social Anxiety,Short,Text,Story,22,47212,201445,4431,638,854,862,0.611,152,14.371,1.009,15.7979,0.07674432771329323,Viral
C03372,2026-02-27,Instagram,College Life,Short,Visual,Advice,25,83821,227398,3155,209,295,503,0.49,239,4.965,1.705,4.512,0.05275800813638587,Non-Viral
C04200,2026-02-27,Instagram,Self-Doubt,Short,Visual,Question,36,126547,53035,9600,691,1539,1361,0.644,297,10.424,0.884,10.4115,0.07391820272309893,Viral
C02293,2026-02-27,Instagram,Burnout,Short,Text,Confession,22,33891,131302,2067,323,140,243,0.534,52,8.182,1.736,7.1523,0.05883949721164911,Non-Viral
C04834,2026-02-27,YouTube,Self-Doubt,Short,Visual,Advice,20,132907,150099,9993,549,1356,1439,0.462,687,10.035,1.061,9.6052,0.054658922404388036,Non-Viral
C03255,2026-02-27,Instagram,Career Stress,Long,Text,Advice,36,30880,83781,1680,132,87,81,0.385,76,6.412,0.931,4.7312,0.041195919689119176,Non-Viral
C03628,2026-02-27,Instagram,Self-Doubt,Short,Visual,Confession,28,174516,80921,17580,1473,2327,1577,0.611,350,13.155,0.678,12.1104,0.07107730867083821,Viral
C04964,2026-02-27,YouTube,Social Anxiety,Long,Text,Story,43,96649,54217,4287,338,308,186,0.379,108,5.296,0.604,4.0833,0.04043598071371665,Non-Viral
C02882,2026-02-27,YouTube,Dating,Long,Visual,Question,31,57031,150249,3438,448,429,360,0.4,135,8.197,0.839,7.7116,0.04645701460609143,Non-Viral
C00327,2026-02-27,Instagram,Burnout,Short,Visual,Question,26,109375,6021,7011,349,1153,1010,0.421,530,8.707,0.876,8.693,0.05009268571428571,Non-Viral
C01265,2026-02-27,Instagram,Social Anxiety,Short,Text,Story,23,117940,67847,6904,1183,1401,1562,0.439,491,9.369,1.115,10.644,0.05472329998304223,Non-Viral
C00832,2026-02-28,Instagram,College Life,Short,Visual,Confession,40,148432,124085,10852,673,875,632,0.591,522,8.78,0.722,6.9557,0.06371019187237253,Non-Viral
C01047,2026-02-28,Instagram,Social Anxiety,Long,Visual,Advice,65,118058,132126,6860,667,397,448,0.414,107,7.091,1.128,5.5206,0.044899127547476665,Non-Viral
C00593,2026-02-28,YouTube,Social Anxiety,Short,Visual,List,41,38490,215863,1076,50,214,68,0.421,64,3.658,0.318,3.6139,0.04532681215900233,Non-Viral
C03968,2026-02-28,YouTube,Burnout,Long,Visual,Confession,36,168480,173031,13979,732,814,1258,0.483,544,9.961,1.545,7.7431,0.053365883190883194,Non-Viral
C02967,2026-02-28,YouTube,College Life,Short,Text,Confession,32,30862,103121,1533,193,208,98,0.503,104,6.584,0.471,6.0787,0.055223530555375544,Non-Viral
C04607,2026-02-28,Instagram,Social Anxiety,Short,Text,Story,37,30979,83914,2436,266,345,407,0.394,98,11.149,1.18,11.1882,0.04964080828948643,Non-Viral
C01542,2026-02-28,YouTube,Friendship,Short,Visual,Question,40,68248,164594,3759,412,877,597,0.64,163,8.271,0.681,9.264,0.07331236080178175,Viral
C04240,2026-02-28,Instagram,Burnout,Short,Text,List,28,93639,109468,6299,561,847,244,0.422,351,8.491,0.288,7.4969,0.04795080895780604,Non-Viral
C03084,2026-02-28,YouTube,Dating,Short,Text,Story,24,37386,15337,3028,157,295,204,0.506,207,9.854,0.692,8.1381,0.05641768576472477,Non-Viral
C00384,2026-02-28,Instagram,Friendship,Long,Text,Confession,28,94010,32902,3748,249,334,183,0.391,134,4.802,0.548,3.8459,0.04168004467609829,Non-Viral
C01402,2026-02-28,YouTube,Social Anxiety,Short,Visual,Advice,39,179392,10180,6150,807,392,877,0.444,203,4.585,2.237,4.0222,0.04752472128077061,Non-Viral
C03745,2026-02-28,Instagram,Social Anxiety,Short,Visual,Confession,64,142949,40965,19417,1844,2106,828,0.719,808,16.926,0.393,14.3048,0.08220227563676556,Viral
C03094,2026-02-28,Instagram,Career Stress,Long,Visual,Advice,57,61597,174584,3752,213,629,326,0.353,119,7.987,0.518,7.6863,0.04200162507914346,Non-Viral
C02641,2026-02-28,Instagram,Social Anxiety,Short,Text,Advice,42,134993,20326,3483,150,735,270,0.521,179,3.436,0.367,3.4902,0.055316833465438954,Non-Viral
C00097,2026-02-28,Instagram,Career Stress,Short,Text,Confession,24,106069,15288,5381,356,875,621,0.547,143,6.819,0.71,6.6857,0.060672055925859586,Non-Viral
C02182,2026-02-28,Instagram,Self-Doubt,Long,Visual,Advice,24,73690,135518,6153,548,711,484,0.528,165,10.715,0.681,9.4986,0.060227737820599814,Non-Viral
C01251,2026-02-28,Instagram,Social Anxiety,Short,Visual,List,33,13958,114519,628,21,101,28,0.561,30,5.574,0.277,5.0473,0.06018367961025936,Non-Viral
C03073,2026-02-28,Instagram,Self-Doubt,Short,Visual,Story,48,156947,213773,4818,187,519,919,0.612,336,4.105,1.771,3.8768,0.06462344868012769,Non-Viral
C00189,2026-02-28,Instagram,Dating,Short,Visual,Question,46,4919,76091,542,63,34,70,0.445,28,14.413,2.059,12.3501,0.05380067086806262,Non-Viral
C02667,2026-02-28,Instagram,Self-Doubt,Short,Visual,Confession,31,100140,120434,6474,669,981,558,0.489,122,8.67,0.569,8.2879,0.055982085080886757,Non-Viral
C01506,2026-02-28,Instagram,Burnout,Short,Text,Question,29,32528,36349,707,38,73,91,0.565,34,2.795,1.247,2.4948,0.05852440973930152,Non-Viral
C02100,2026-03-01,Instagram,Burnout,Short,Text,Question,42,46584,51274,1262,99,181,203,0.548,54,3.746,1.122,3.7105,0.05817454920144256,Non-Viral
C02687,2026-03-01,Instagram,College Life,Long,Visual,Story,30,152739,130089,9418,1375,2142,1069,0.453,589,9.169,0.499,10.0403,0.05506076836957163,Non-Viral
C03386,2026-03-01,Instagram,Self-Doubt,Short,Visual,Advice,23,168020,10353,4956,506,358,219,0.625,240,3.594,0.612,2.8264,0.06430157124151886,Non-Viral
C00831,2026-03-01,YouTube,Family Pressure,Long,Text,Advice,21,144259,223933,11230,1197,1545,522,0.54,610,10.047,0.338,9.0736,0.06114964057701773,Non-Viral
C04499,2026-03-01,YouTube,Self-Doubt,Short,Visual,List,18,33076,6226,1238,114,214,92,0.618,76,5.013,0.43,4.8857,0.06606290966259523,Non-Viral
C02253,2026-03-01,Instagram,Family Pressure,Long,Text,Story,33,87263,14295,2790,197,414,225,0.515,75,4.155,0.543,3.8762,0.05474708066419903,Non-Viral
C01454,2026-03-01,YouTube,Burnout,Short,Visual,List,18,106899,197927,4134,743,677,522,0.584,295,5.684,0.771,5.8527,0.06375739342744086,Non-Viral
C01107,2026-03-01,Instagram,Family Pressure,Long,Visual,Story,54,95335,208311,6050,510,721,772,0.588,371,8.447,1.071,7.8638,0.06543502386321917,Non-Viral
C03278,2026-03-01,Instagram,Career Stress,Long,Text,Advice,29,25466,84781,1018,127,245,170,0.495,85,6.126,0.694,6.9681,0.05658002827299144,Non-Viral
C01786,2026-03-01,Instagram,Friendship,Short,Visual,Question,26,104339,169513,8896,925,427,850,0.433,380,10.636,1.991,8.4499,0.04891534996501788,Non-Viral
C01811,2026-03-01,Instagram,College Life,Long,Text,List,40,107177,181011,4239,156,633,609,0.42,265,5.26,0.962,5.1042,0.04658074027076705,Non-Viral
C02751,2026-03-01,Instagram,Family Pressure,Long,Visual,List,14,77416,131121,3666,497,286,585,0.503,127,6.503,2.045,5.9503,0.05519239950397851,Non-Viral
C03482,2026-03-01,Instagram,Career Stress,Short,Visual,List,35,39742,103488,2163,77,168,361,0.601,105,6.967,2.149,6.0968,0.06501797091238488,Non-Viral
C00119,2026-03-01,YouTube,Career Stress,Short,Visual,Confession,55,65954,225499,6881,620,1008,381,0.565,295,13.479,0.378,12.367,0.06652062043242259,Viral
C00857,2026-03-01,Instagram,Dating,Short,Text,Question,44,50427,91712,3732,226,486,419,0.554,104,9.644,0.862,8.9258,0.06290193348801237,Non-Viral
C03570,2026-03-01,Instagram,Friendship,Long,Visual,Advice,17,168963,102588,13045,1323,2167,1820,0.461,720,10.863,0.84,11.0367,0.05627737611192983,Non-Viral
C01892,2026-03-01,YouTube,Social Anxiety,Short,Visual,List,31,45446,66270,3203,169,165,547,0.546,79,8.986,3.315,7.5782,0.06040249086828325,Non-Viral
C03878,2026-03-01,YouTube,Self-Doubt,Short,Visual,Question,30,4345,120140,373,39,15,46,0.531,11,10.886,3.067,8.7917,0.059175949367088615,Non-Viral
C02487,2026-03-01,Instagram,Burnout,Short,Visual,List,25,70887,199168,4683,679,361,453,0.541,296,8.712,1.255,7.5458,0.05974560497693513,Non-Viral
C01515,2026-03-01,Instagram,Self-Doubt,Short,Visual,Story,52,101110,183724,8238,412,1061,804,0.624,310,10.4,0.758,9.4234,0.070118821085946,Viral
C00315,2026-03-01,Instagram,College Life,Long,Visual,Question,38,143810,169985,10768,1274,1457,1207,0.56,581,10.226,0.828,9.7907,0.06440588276197762,Non-Viral
C01013,2026-03-01,YouTube,Friendship,Short,Text,Confession,33,84928,217030,5431,744,1087,675,0.47,97,9.346,0.621,9.9408,0.056458011492087415,Non-Viral
C02162,2026-03-01,YouTube,Self-Doubt,Short,Text,List,39,139276,51955,12329,1353,1055,385,0.496,344,10.858,0.365,8.7086,0.0552951664321204,Non-Viral
C01709,2026-03-01,Instagram,Self-Doubt,Short,Text,Advice,33,158819,106226,8733,1039,1149,1068,0.56,209,7.549,0.93,7.246,0.06225428947418131,Non-Viral
C01124,2026-03-01,YouTube,Dating,Short,Visual,Advice,35,24821,232363,1799,179,102,112,0.502,48,8.831,1.098,6.841,0.05448467829660368,Non-Viral
C00989,2026-03-01,Instagram,Self-Doubt,Short,Visual,Advice,62,59134,89209,1606,133,294,277,0.413,41,3.906,0.942,4.1237,0.04527994385632631,Non-Viral
C03275,2026-03-01,Instagram,Family Pressure,Short,Visual,Advice,36,123063,107482,12522,626,735,845,0.445,269,11.968,1.15,9.0157,0.05001059213573536,Non-Viral
C01906,2026-03-01,Instagram,Dating,Long,Visual,Advice,25,93517,206376,3863,360,536,645,0.521,90,5.779,1.203,5.7417,0.057325787824673596,Non-Viral
C01904,2026-03-02,Instagram,Social Anxiety,Short,Text,Advice,22,157801,216971,13298,383,2088,1508,0.414,224,10.949,0.722,10.4584,0.050585303008219215,Non-Viral
C03718,2026-03-02,YouTube,Self-Doubt,Short,Visual,List,11,113642,192182,7730,664,699,623,0.707,95,8.55,0.891,7.2192,0.07598897766670773,Viral
C04048,2026-03-02,Instagram,Self-Doubt,Long,Visual,Advice,24,29654,135973,889,100,125,61,0.458,33,3.962,0.488,3.6808,0.04881982869090174,Non-Viral
C04748,2026-03-02,Instagram,Dating,Short,Visual,Story,10,6285,8708,218,21,44,15,0.599,8,4.741,0.341,4.813,0.06426754176610978,Non-Viral
C04079,2026-03-02,YouTube,Dating,Short,Visual,Confession,39,35505,230427,2427,339,415,424,0.535,213,10.153,1.022,10.745,0.06377460920997044,Non-Viral
C03061,2026-03-02,YouTube,Career Stress,Short,Text,Question,12,35013,216388,1061,96,53,85,0.596,42,3.699,1.604,2.8661,0.061420752292005824,Non-Viral
C04812,2026-03-02,Instagram,Burnout,Short,Text,Confession,44,115995,125025,7916,412,883,407,0.532,287,8.292,0.461,6.9305,0.058210991853097124,Non-Viral
C00925,2026-03-02,Instagram,Career Stress,Short,Text,List,15,172325,206944,12689,731,1060,1488,0.594,314,9.266,1.404,7.8903,0.06539477731031482,Non-Viral
C02237,2026-03-02,YouTube,Family Pressure,Long,Text,Advice,28,127398,195438,2310,411,419,547,0.394,132,2.894,1.305,3.2359,0.04265201337540621,Non-Viral
C03863,2026-03-02,Instagram,Burnout,Short,Text,Story,29,48144,199925,2657,183,415,229,0.493,84,7.237,0.552,6.8669,0.05517612163509472,Non-Viral
C03333,2026-03-02,Instagram,College Life,Short,Visual,Confession,69,160691,72512,11816,1724,3047,1052,0.598,547,10.977,0.345,12.2838,0.07190615404720861,Viral
C01563,2026-03-02,Instagram,Social Anxiety,Short,Visual,Question,55,173941,43199,9107,1183,1333,1133,0.653,278,7.334,0.85,7.2398,0.07172286752404552,Viral
C03595,2026-03-02,YouTube,Burnout,Long,Visual,Confession,54,7610,128791,209,15,13,43,0.443,11,3.679,3.308,3.3114,0.047059526938239164,Non-Viral
C03431,2026-03-02,YouTube,Family Pressure,Long,Text,List,35,32023,91413,2141,63,93,128,0.481,72,7.573,1.376,5.3087,0.05090111170096494,Non-Viral
C03703,2026-03-02,Instagram,Friendship,Short,Text,Confession,23,101033,136748,10083,470,989,924,0.536,387,12.339,0.934,10.4535,0.06144644621064406,Non-Viral
C00617,2026-03-02,Instagram,Career Stress,Short,Text,Confession,27,110894,134065,7485,526,334,632,0.467,466,8.095,1.892,6.1297,0.050476579436218375,Non-Viral
C00483,2026-03-02,Instagram,Family Pressure,Long,Text,Confession,31,116919,7459,8781,928,1137,1334,0.548,266,10.417,1.173,10.1451,0.06378955687270675,Non-Viral
C01413,2026-03-02,YouTube,Burnout,Long,Text,Story,42,153276,144254,6037,752,602,848,0.462,344,5.375,1.409,4.99,0.05036307836843342,Non-Viral
C00568,2026-03-02,Instagram,Dating,Long,Visual,Question,19,113549,109112,7759,212,983,742,0.483,221,8.539,0.755,7.6007,0.05443611744709333,Non-Viral
C00508,2026-03-02,Instagram,Family Pressure,Short,Text,Question,30,160541,102207,4499,577,576,797,0.495,81,4.017,1.384,4.0096,0.05314299462442616,Non-Viral
C04488,2026-03-03,Instagram,Burnout,Long,Text,Story,29,147392,150431,10884,319,726,1006,0.497,196,8.776,1.386,6.8596,0.05428878365175858,Non-Viral
C01307,2026-03-03,YouTube,Self-Doubt,Short,Visual,Confession,59,29025,230563,3703,188,366,501,0.573,82,16.393,1.369,14.5857,0.06912428940568476,Viral
C02399,2026-03-03,YouTube,Dating,Short,Text,Advice,43,25404,88986,735,88,156,98,0.516,16,4.239,0.628,4.58,0.05604024563060936,Non-Viral
C01942,2026-03-03,Instagram,Friendship,Short,Text,Advice,27,174104,185523,7370,959,506,1147,0.516,391,5.733,2.267,5.1323,0.055710474199329146,Non-Viral
C03391,2026-03-03,YouTube,Dating,Long,Visual,List,45,55614,72971,3947,393,368,394,0.502,224,9.174,1.071,8.0106,0.05636301650663502,Non-Viral
C01562,2026-03-03,YouTube,Friendship,Short,Visual,Confession,34,157866,179126,9765,555,812,1151,0.543,399,7.781,1.417,6.6214,0.05932926532628939,Non-Viral
C04452,2026-03-03,YouTube,Family Pressure,Long,Visual,Story,12,65482,114885,1322,99,370,106,0.507,35,2.897,0.286,3.2551,0.05395509300265722,Non-Viral
C03222,2026-03-03,Instagram,College Life,Short,Text,Question,30,112054,181529,4049,248,697,165,0.514,219,4.604,0.237,4.2993,0.05497283095650311,Non-Viral
C01660,2026-03-03,Instagram,Friendship,Long,Visual,Advice,35,176576,106372,8740,677,699,1256,0.528,652,6.44,1.797,5.6602,0.05729041772381298,Non-Viral
C00696,2026-03-03,Instagram,Career Stress,Short,Text,Advice,30,24131,213820,1634,157,92,84,0.56,50,8.151,0.913,6.2016,0.05973585843935188,Non-Viral
C03306,2026-03-03,YouTube,Self-Doubt,Short,Text,Question,34,116522,229736,8383,994,878,1162,0.51,330,9.798,1.323,9.1318,0.05866207239834538,Non-Viral
C01818,2026-03-03,YouTube,College Life,Short,Visual,Story,38,134726,157450,12136,1447,1718,1282,0.553,682,12.309,0.746,11.8437,0.06550404376289656,Non-Viral
C02126,2026-03-03,Instagram,Family Pressure,Long,Text,List,26,34860,28815,1668,248,314,329,0.431,42,7.341,1.048,8.0493,0.05105180722891566,Non-Viral
C00919,2026-03-03,Instagram,Career Stress,Long,Visual,List,19,171895,210555,12173,511,653,1187,0.413,174,8.449,1.818,6.5075,0.0455269990401117,Non-Viral
C01852,2026-03-03,Instagram,Self-Doubt,Short,Visual,Advice,54,12880,179055,988,64,138,55,0.563,22,9.666,0.399,8.6491,0.06314782608695652,Non-Viral
C04007,2026-03-03,YouTube,Dating,Long,Text,Story,46,27150,205221,1485,96,118,137,0.479,88,6.762,1.161,5.5783,0.0519,Non-Viral
C03468,2026-03-04,Instagram,College Life,Long,Visual,Question,26,67708,193529,3053,148,530,307,0.397,106,5.964,0.579,5.8376,0.044910610267619784,Non-Viral
C00346,2026-03-04,Instagram,College Life,Long,Text,Confession,16,78862,112439,4106,559,515,306,0.439,330,6.956,0.594,6.4017,0.049065986153026805,Non-Viral
C02079,2026-03-04,Instagram,Dating,Short,Text,Confession,71,143799,179315,15334,1804,1701,1199,0.609,794,13.935,0.705,12.4298,0.07060625664990716,Viral
C04794,2026-03-04,Instagram,Burnout,Long,Visual,Confession,45,19044,209338,928,95,122,36,0.548,44,6.201,0.295,5.4847,0.05899817265280404,Non-Viral
C02421,2026-03-04,Instagram,Self-Doubt,Short,Visual,Advice,39,2598,34214,135,4,23,14,0.632,3,6.774,0.609,6.5627,0.06903140877598153,Viral
C04344,2026-03-04,Instagram,College Life,Short,Text,Confession,41,171695,15659,8782,653,1700,968,0.671,307,7.049,0.569,7.2259,0.07381743498645855,Viral
C04138,2026-03-04,YouTube,Social Anxiety,Long,Text,Question,29,132632,70223,8237,516,541,1377,0.475,150,8.046,2.545,6.9889,0.05303373243259545,Non-Viral
C01179,2026-03-04,Instagram,Dating,Long,Visual,Confession,57,78100,237994,7259,657,434,668,0.382,290,11.547,1.539,9.2868,0.044528425096030735,Non-Viral
C04358,2026-03-04,Instagram,Friendship,Long,Visual,Question,24,24636,154835,1076,130,73,136,0.414,37,5.744,1.863,4.9683,0.045181052118850464,Non-Viral
C03974,2026-03-04,Instagram,Burnout,Short,Visual,Question,26,172508,13170,6369,396,645,333,0.54,307,4.488,0.516,3.6981,0.0566059661001229,Non-Viral
C04398,2026-03-04,Instagram,Dating,Short,Visual,Question,60,49635,187776,2875,244,466,324,0.598,104,7.875,0.695,7.7556,0.06672051979449985,Viral
C03319,2026-03-04,Instagram,Dating,Long,Visual,Confession,62,1792,169507,121,15,17,24,0.507,10,9.877,1.412,10.1562,0.06024241071428571,Non-Viral
C03793,2026-03-04,YouTube,Career Stress,Short,Text,Question,25,31112,188775,2927,287,273,281,0.5,83,12.111,1.029,10.5265,0.058041913088197485,Non-Viral
C04235,2026-03-04,Instagram,Burnout,Short,Text,Confession,13,63744,206119,2159,182,332,179,0.464,110,4.474,0.539,4.2459,0.050014457831325305,Non-Viral
C02346,2026-03-04,Instagram,College Life,Short,Visual,Question,31,131272,101657,10955,579,1810,1142,0.672,482,11.035,0.631,10.7106,0.07667612590651472,Viral
C00933,2026-03-04,YouTube,Burnout,Long,Visual,List,13,153509,231632,5926,233,756,693,0.426,274,4.956,0.917,4.5382,0.04639814864275059,Non-Viral
C02608,2026-03-04,Instagram,Dating,Long,Visual,Advice,36,58550,56105,4705,515,253,539,0.595,138,10.268,2.13,8.4748,0.06552561912894961,Non-Viral
C04407,2026-03-04,YouTube,Social Anxiety,Short,Text,List,36,65242,76109,4755,447,809,409,0.434,121,9.84,0.506,9.6456,0.05188839704484841,Non-Viral
C02188,2026-03-04,Instagram,Friendship,Short,Text,Confession,72,84847,68883,5511,253,218,571,0.522,291,7.723,2.619,5.8116,0.05582240267776115,Non-Viral
C01425,2026-03-04,Instagram,Family Pressure,Short,Text,Question,37,32294,173510,1746,122,355,89,0.646,54,7.159,0.251,7.119,0.07094018703164676,Viral
C04427,2026-03-04,Instagram,Friendship,Short,Text,Question,21,158169,156157,3850,288,849,297,0.418,351,3.341,0.35,3.476,0.045051901447186245,Non-Viral
C03566,2026-03-05,YouTube,Friendship,Long,Text,List,21,134028,128992,3219,258,726,677,0.389,247,3.641,0.933,4.1249,0.043141650998298864,Non-Viral
C00211,2026-03-05,YouTube,Social Anxiety,Short,Text,Question,36,102769,222587,7241,945,530,1425,0.395,690,9.868,2.689,9.2226,0.047359860463758535,Non-Viral
C04734,2026-03-05,Instagram,Social Anxiety,Long,Text,List,33,142458,37112,11932,577,674,1878,0.414,297,10.572,2.786,8.8514,0.04809144589984416,Non-Viral
C01297,2026-03-05,Instagram,Dating,Long,Visual,List,21,111932,146650,5757,1069,1154,1013,0.613,466,8.034,0.878,8.9072,0.07008703141192868,Viral
C02895,2026-03-05,Instagram,College Life,Short,Visual,Question,39,175891,53550,7139,776,1677,1609,0.579,668,6.368,0.959,7.381,0.06559652796334094,Non-Viral
C04859,2026-03-05,Instagram,Friendship,Short,Text,Story,39,126079,147746,4896,152,489,471,0.486,274,4.765,0.963,4.0332,0.05164689916639568,Non-Viral
C01502,2026-03-05,Instagram,Friendship,Short,Visual,List,44,92934,233924,2444,163,479,178,0.541,184,3.512,0.372,3.5073,0.05725707921750921,Non-Viral
C03515,2026-03-05,Instagram,Dating,Short,Visual,Advice,42,145078,46227,13096,1600,1082,2097,0.606,393,12.321,1.938,11.296,0.06994669625994293,Viral
C04650,2026-03-05,Instagram,Friendship,Short,Visual,Confession,14,59273,89690,5605,485,1024,410,0.575,335,12.694,0.4,12.5217,0.06857671283721087,Viral
C04387,2026-03-05,Instagram,Burnout,Short,Text,Confession,37,44224,43392,1772,213,219,217,0.66,51,5.474,0.991,5.1929,0.07042293777134588,Viral
C01804,2026-03-05,Instagram,Dating,Long,Text,List,30,56199,12896,1650,72,224,136,0.413,40,3.705,0.607,3.3399,0.044011792024769125,Non-Viral
C00380,2026-03-05,Instagram,Career Stress,Short,Text,List,24,10560,180529,451,26,63,65,0.568,17,5.729,1.032,5.5256,0.061700568181818176,Non-Viral
C03720,2026-03-05,Instagram,Social Anxiety,Short,Visual,Advice,31,179213,241627,11071,435,1207,838,0.515,222,7.561,0.694,6.4086,0.05629764302812854,Non-Viral
C02418,2026-03-05,YouTube,Social Anxiety,Short,Text,Confession,38,91289,79778,11879,1103,1072,1155,0.584,494,16.66,1.077,14.3719,0.06929233094896428,Viral
C04494,2026-03-05,Instagram,Burnout,Long,Visual,Question,36,2881,238277,177,17,18,6,0.587,9,7.567,0.333,6.2478,0.06302141617493925,Non-Viral
C04409,2026-03-05,YouTube,Self-Doubt,Short,Text,Confession,28,130690,29734,11492,1117,1638,1104,0.506,692,11.746,0.674,11.1282,0.060056347080878425,Non-Viral
C04405,2026-03-05,Instagram,Dating,Long,Visual,Question,24,59847,236984,1621,80,202,138,0.368,62,3.41,0.683,3.0286,0.03921114842849266,Non-Viral
C01261,2026-03-06,YouTube,College Life,Short,Visual,List,30,166409,165618,7229,286,494,753,0.588,292,5.265,1.524,4.2254,0.0617511624972207,Non-Viral
C04124,2026-03-06,Instagram,Dating,Short,Visual,Story,25,57915,113314,7824,863,741,305,0.525,213,16.806,0.412,13.8816,0.062072649572649574,Non-Viral
C02301,2026-03-06,Instagram,Career Stress,Short,Visual,Confession,47,152272,183444,14179,1625,1844,783,0.535,707,12.104,0.425,10.918,0.062092847010612594,Non-Viral
C01701,2026-03-06,Instagram,Burnout,Short,Visual,List,43,126960,204918,10662,805,578,1209,0.597,496,10.44,2.092,8.4204,0.06555656899810965,Non-Viral
C04324,2026-03-06,Instagram,Family Pressure,Short,Visual,List,31,117997,39088,12717,600,891,1437,0.544,228,13.259,1.613,10.8524,0.062214181716484324,Non-Viral
C01429,2026-03-06,Instagram,Dating,Short,Visual,Confession,41,30578,151513,1497,144,265,208,0.458,106,6.913,0.785,7.1146,0.05244693570540913,Non-Viral
C01882,2026-03-06,Instagram,Family Pressure,Long,Visual,Advice,33,35317,45559,1779,196,403,329,0.319,37,7.665,0.816,8.6375,0.040662069258430786,Non-Viral
C04378,2026-03-06,Instagram,Social Anxiety,Short,Text,Story,12,136489,21156,3964,386,666,528,0.636,312,4.062,0.793,4.1139,0.0673805244378668,Viral
C04741,2026-03-06,Instagram,Family Pressure,Short,Visual,Story,54,152529,131095,19156,1821,1267,1325,0.502,752,15.452,1.046,12.2996,0.0583348464882088,Non-Viral
C03302,2026-03-06,Instagram,Career Stress,Long,Visual,Confession,32,128357,60563,9094,687,893,679,0.487,295,8.845,0.76,7.4904,0.05422054036788021,Non-Viral
C04234,2026-03-06,YouTube,Social Anxiety,Short,Text,List,31,94592,9710,7742,522,1418,779,0.464,230,11.059,0.549,11.0644,0.05644418978349121,Non-Viral
C04949,2026-03-06,Instagram,Burnout,Long,Visual,Advice,63,120332,242405,4372,347,430,156,0.452,236,4.409,0.363,3.5805,0.047629528305022775,Non-Viral
C04172,2026-03-06,Instagram,Family Pressure,Short,Text,List,35,130948,158337,6379,221,390,1146,0.563,183,6.213,2.938,5.3327,0.06051885023062589,Non-Viral
C04187,2026-03-06,YouTube,Career Stress,Short,Text,Confession,26,100497,193207,5981,729,444,472,0.496,334,7.588,1.063,6.3285,0.05408520851368698,Non-Viral
C00292,2026-03-06,Instagram,Career Stress,Long,Visual,Confession,47,144589,183566,12960,934,1148,1601,0.359,421,11.511,1.395,10.0471,0.043763668743818686,Non-Viral
C01621,2026-03-06,YouTube,Family Pressure,Long,Text,Story,8,128033,166959,3521,441,365,248,0.374,184,3.573,0.679,3.1343,0.03978063624221881,Non-Viral
C00206,2026-03-06,Instagram,Self-Doubt,Short,Text,Story,61,24238,103772,1691,194,76,144,0.53,100,8.685,1.895,6.8178,0.05739392689165773,Non-Viral
C00209,2026-03-06,Instagram,Friendship,Short,Visual,Story,29,134322,182124,11029,673,1133,1162,0.644,483,10.42,1.026,9.1176,0.07154253808013579,Viral
C02492,2026-03-06,YouTube,Friendship,Short,Text,Confession,42,166960,68108,16049,796,693,1603,0.528,797,11.464,2.313,8.6868,0.058263284619070446,Non-Viral
C04509,2026-03-06,Instagram,College Life,Short,Visual,Confession,70,179312,128405,10617,605,854,591,0.618,311,7.064,0.692,5.5546,0.06543807218702596,Non-Viral
C00618,2026-03-06,YouTube,College Life,Short,Visual,Advice,51,16135,130716,1016,97,61,137,0.586,21,8.125,2.246,6.8826,0.0637502943910753,Non-Viral
C03200,2026-03-06,Instagram,College Life,Short,Visual,Advice,40,145564,78391,9626,451,1165,1204,0.573,200,8.55,1.033,7.8265,0.06384763540435821,Non-Viral
C03216,2026-03-06,Instagram,Friendship,Short,Text,Advice,33,81213,245155,6427,523,568,490,0.473,305,9.86,0.863,8.2277,0.053223312770123016,Non-Viral
C01459,2026-03-06,Instagram,Friendship,Long,Text,Question,27,160995,179260,6869,474,628,422,0.406,176,5.213,0.672,4.2694,0.043583322463430545,Non-Viral
C04775,2026-03-07,YouTube,Self-Doubt,Long,Visual,Advice,24,63996,168931,4387,391,838,612,0.546,244,9.732,0.73,10.185,0.06427794862178887,Non-Viral
C00779,2026-03-07,Instagram,Friendship,Long,Text,Story,32,104467,184863,10831,809,1157,682,0.39,336,12.903,0.589,10.9738,0.047103994562876325,Non-Viral
C02430,2026-03-07,Instagram,Social Anxiety,Short,Visual,Confession,46,151243,101815,16967,1821,2828,1348,0.541,850,15.184,0.477,14.8073,0.06699415047307976,Viral
C02577,2026-03-07,Instagram,Friendship,Short,Text,Story,41,86872,146363,7758,751,1018,789,0.523,449,11.875,0.775,11.0939,0.06159470945759279,Non-Viral
C04033,2026-03-07,YouTube,Family Pressure,Short,Text,Story,31,120086,122178,5350,875,410,1056,0.409,259,6.405,2.576,6.1035,0.046167474976267005,Non-Viral
C00509,2026-03-07,Instagram,College Life,Short,Visual,Confession,19,8712,56250,753,94,138,127,0.623,49,12.764,0.92,13.6077,0.0754198347107438,Viral
C01673,2026-03-07,YouTube,Career Stress,Short,Visual,Confession,37,78357,66471,3830,283,231,442,0.538,92,6.108,1.913,4.9983,0.057360626363949625,Non-Viral
C00890,2026-03-07,Instagram,Self-Doubt,Short,Visual,Story,51,27351,244877,3076,240,330,304,0.637,67,14.442,0.921,12.782,0.07378007019853022,Viral
C04087,2026-03-07,Instagram,Friendship,Short,Text,List,29,165760,206747,7537,209,443,800,0.469,232,5.423,1.806,4.2296,0.049739647683397684,Non-Viral
C04017,2026-03-07,YouTube,Friendship,Short,Text,Question,53,148960,180839,10115,639,1675,1761,0.513,364,9.526,1.051,9.7765,0.06055013426423202,Non-Viral
C01123,2026-03-07,Instagram,Dating,Short,Visual,Story,12,64885,59729,8691,442,430,605,0.627,271,15.671,1.407,11.572,0.06950126377437005,Viral
C02658,2026-03-07,Instagram,Dating,Long,Visual,List,35,128944,30786,7435,701,1134,1097,0.452,306,8.04,0.967,8.0384,0.05252527298672292,Non-Viral
C02333,2026-03-07,YouTube,Friendship,Long,Visual,Confession,37,92379,177187,3588,159,811,502,0.512,67,5.477,0.619,5.9207,0.05703898938070341,Non-Viral
C03168,2026-03-07,YouTube,Dating,Short,Text,List,18,127973,15950,5235,742,796,920,0.438,334,6.011,1.156,6.2189,0.04962544755534371,Non-Viral
C03754,2026-03-07,Instagram,College Life,Short,Visual,Confession,48,49346,14691,2436,348,484,278,0.477,43,7.186,0.574,7.5953,0.054861674705143276,Non-Viral
C00744,2026-03-07,Instagram,Social Anxiety,Long,Text,Question,39,73558,59794,3106,304,749,542,0.447,202,6.391,0.724,7.2596,0.05211251801299655,Non-Viral
C02238,2026-03-07,Instagram,Dating,Short,Visual,Story,44,150287,113738,6688,897,438,461,0.6,513,5.645,1.053,4.6082,0.06312701697418938,Non-Viral
C01011,2026-03-07,YouTube,Social Anxiety,Short,Visual,List,38,103681,57179,8811,981,1228,991,0.577,366,11.585,0.807,11.1332,0.06731651604440544,Viral
C04332,2026-03-07,Instagram,Burnout,Short,Text,Story,37,71612,174630,4527,338,964,350,0.42,256,8.628,0.363,8.8847,0.05023186058202536,Non-Viral
C04242,2026-03-08,Instagram,Dating,Short,Text,List,34,45295,122407,2175,75,256,236,0.539,130,6.054,0.922,5.3869,0.05825478529639033,Non-Viral
C03100,2026-03-08,Instagram,Friendship,Short,Visual,List,38,157571,19540,10763,1402,840,1987,0.585,354,9.514,2.365,8.8712,0.0660166115592336,Non-Viral
C03307,2026-03-08,YouTube,Dating,Long,Text,Advice,28,73090,240320,3134,302,444,317,0.338,83,5.742,0.714,5.4536,0.03845453550417294,Non-Viral
C01491,2026-03-08,YouTube,Career Stress,Short,Visual,Story,23,58454,170510,3975,572,289,704,0.67,243,9.478,2.436,8.7599,0.07430574468813084,Viral
C04247,2026-03-08,Instagram,College Life,Short,Visual,List,23,149705,102302,9275,1196,1468,1992,0.426,579,9.306,1.357,9.8991,0.05220288567516115,Non-Viral
C04918,2026-03-08,YouTube,Friendship,Short,Text,Question,48,89928,180418,3031,329,454,209,0.648,214,4.474,0.46,4.2134,0.06831781425140113,Viral
C03060,2026-03-08,Instagram,Social Anxiety,Short,Text,List,37,1599,124822,59,5,2,3,0.62,2,4.315,1.5,3.0644,0.06359474671669793,Non-Viral
C00505,2026-03-08,Instagram,Dating,Long,Visual,Question,13,40785,43928,2781,292,233,376,0.555,105,9.028,1.614,8.0409,0.061910445016550214,Non-Viral
C01640,2026-03-08,YouTube,Friendship,Long,Visual,Advice,38,119320,218070,7465,1132,795,1442,0.442,322,9.08,1.814,8.9671,0.0522468488099229,Non-Viral
C02106,2026-03-08,Instagram,Family Pressure,Short,Visual,Advice,30,110357,18754,12461,596,615,395,0.535,529,12.747,0.642,8.8436,0.057891656170428706,Non-Viral
C01322,2026-03-08,Instagram,Friendship,Short,Text,Story,47,109624,89502,4681,381,840,724,0.462,178,6.044,0.862,6.276,0.05215079544625265,Non-Viral
C04633,2026-03-08,Instagram,Dating,Long,Visual,Advice,25,22377,141629,1720,134,337,330,0.501,91,11.266,0.979,12.209,0.06219947714170801,Non-Viral
C03796,2026-03-08,YouTube,Family Pressure,Short,Text,Advice,28,58394,163688,3281,230,330,176,0.619,78,6.879,0.533,5.6984,0.0659380861047368,Non-Viral
C00216,2026-03-08,Instagram,Social Anxiety,Short,Visual,Confession,37,143130,10868,16697,1166,1752,941,0.516,942,14.362,0.537,12.0419,0.060302578075875087,Non-Viral
C03032,2026-03-08,YouTube,Family Pressure,Short,Text,List,35,136477,49923,5773,455,745,615,0.513,126,5.56,0.826,5.154,0.05560841826827964,Non-Viral
C04579,2026-03-08,Instagram,Burnout,Short,Visual,List,33,87558,125372,5660,707,655,279,0.595,92,8.338,0.426,7.3249,0.06503347495374494,Non-Viral
C03304,2026-03-08,Instagram,Career Stress,Long,Visual,List,34,108692,150169,3049,221,666,378,0.42,122,3.969,0.568,4.2413,0.046105637949435105,Non-Viral
C04146,2026-03-09,Instagram,Friendship,Long,Text,Confession,55,156180,146151,10749,592,2367,838,0.402,266,9.314,0.354,9.6296,0.04919827122550904,Non-Viral
C04246,2026-03-09,Instagram,College Life,Short,Visual,Advice,42,92470,224244,3305,350,526,549,0.662,143,5.115,1.044,5.2487,0.07110861901157133,Viral
C01192,2026-03-09,Instagram,Family Pressure,Short,Visual,List,36,3844,91568,184,28,33,38,0.612,4,7.362,1.152,8.0385,0.06912143600416233,Viral
C04301,2026-03-09,Instagram,Social Anxiety,Long,Text,Confession,51,133128,236030,5337,329,535,744,0.422,141,5.217,1.391,4.6985,0.04605568775914909,Non-Viral
C03083,2026-03-09,Instagram,Dating,Short,Text,Question,37,31855,151254,2258,229,421,242,0.478,99,9.889,0.575,10.1067,0.05710466174854811,Non-Viral
C02955,2026-03-09,YouTube,Dating,Long,Text,Advice,29,24123,12974,1482,72,66,144,0.321,83,7.313,2.182,5.5341,0.035569717696803886,Non-Viral
C00281,2026-03-09,Instagram,Social Anxiety,Short,Text,Advice,35,148392,65201,11350,801,807,1410,0.675,870,9.682,1.747,8.1659,0.07360747210092189,Viral
C04316,2026-03-09,Instagram,Social Anxiety,Short,Visual,Story,21,168527,183205,13658,2257,3101,1254,0.587,490,12.028,0.404,13.0694,0.07122143573433337,Viral
C01794,2026-03-09,Instagram,Self-Doubt,Short,Text,List,26,88178,128541,2636,163,486,223,0.55,204,3.978,0.459,3.9313,0.0585161831749416,Non-Viral
C00039,2026-03-09,Instagram,Self-Doubt,Short,Visual,Question,30,55888,10345,3486,169,392,178,0.54,64,7.56,0.454,6.3135,0.05856538076152305,Non-Viral
C03212,2026-03-09,Instagram,Burnout,Short,Text,Advice,40,111622,91118,7224,605,732,1154,0.645,300,8.703,1.577,8.084,0.07136558205371701,Viral
C00413,2026-03-09,Instagram,Dating,Short,Text,Question,37,8322,129794,310,31,32,44,0.432,14,5.011,1.375,4.6323,0.047075270367700074,Non-Viral
C00111,2026-03-09,YouTube,College Life,Short,Visual,Story,20,158614,206445,15342,1150,564,1259,0.511,344,11.547,2.232,8.5781,0.056168909427919356,Non-Viral
C00950,2026-03-09,YouTube,Family Pressure,Short,Text,Advice,55,124800,108630,8791,1057,1187,718,0.505,255,9.417,0.605,8.7965,0.05777644230769231,Non-Viral
C02045,2026-03-09,Instagram,Burnout,Short,Text,Confession,24,119940,195894,9193,509,943,667,0.557,156,9.431,0.707,7.9398,0.06154292146073037,Non-Viral
C04034,2026-03-09,Instagram,College Life,Short,Text,Question,30,112543,63826,5213,524,254,164,0.499,74,5.469,0.646,3.9829,0.05205117777205157,Non-Viral
C00143,2026-03-09,Instagram,Dating,Short,Visual,List,19,73247,104570,3878,198,362,227,0.509,100,6.369,0.627,5.1552,0.05445919013748003,Non-Viral
C03039,2026-03-10,Instagram,Family Pressure,Short,Text,Question,40,57641,131833,1398,186,99,80,0.507,91,3.059,0.808,2.4895,0.05237328811089329,Non-Viral
C01028,2026-03-10,Instagram,Career Stress,Long,Text,Story,16,67610,90086,5802,598,649,334,0.341,266,10.92,0.515,9.4853,0.04122838337524035,Non-Viral
C00152,2026-03-10,Instagram,College Life,Long,Text,Advice,41,123267,35591,8770,834,451,673,0.396,243,8.703,1.492,6.7617,0.043899204166565266,Non-Viral
C02787,2026-03-10,YouTube,Dating,Long,Visual,List,29,77518,193094,1757,75,318,313,0.583,83,3.177,0.984,3.3166,0.061502482004179675,Non-Viral
C02849,2026-03-10,YouTube,Burnout,Short,Visual,Confession,24,46160,154910,3944,181,408,151,0.584,147,10.147,0.37,8.1662,0.06394701039861352,Non-Viral
C02000,2026-03-10,YouTube,Social Anxiety,Short,Visual,Story,41,87322,174417,5761,334,642,349,0.591,317,8.115,0.544,6.8774,0.06418119374269943,Non-Viral
C01917,2026-03-10,Instagram,Self-Doubt,Long,Visual,Question,41,70228,36721,3365,301,506,230,0.556,139,6.268,0.455,5.8552,0.06046771658028138,Non-Viral
C02109,2026-03-10,Instagram,Dating,Short,Visual,Story,50,84948,230343,4237,212,546,454,0.636,160,6.415,0.832,5.8654,0.06847003814098036,Viral
C02110,2026-03-10,YouTube,Family Pressure,Short,Text,Question,51,123159,202151,5457,212,353,236,0.454,185,5.081,0.669,3.7167,0.04752286556402699,Non-Viral
C01999,2026-03-10,YouTube,Career Stress,Long,Visual,List,8,19070,91590,603,74,91,96,0.462,14,4.531,1.055,4.6015,0.0504396434189827,Non-Viral
C02111,2026-03-10,YouTube,Family Pressure,Short,Visual,List,26,77414,120096,6153,333,841,362,0.661,144,9.932,0.43,8.8137,0.07303672979047718,Viral
C02871,2026-03-10,Instagram,Friendship,Long,Text,Story,36,144929,126928,11346,1181,1429,1413,0.503,586,10.605,0.989,10.0446,0.058884203299546675,Non-Viral
C00814,2026-03-10,Instagram,Self-Doubt,Long,Text,List,34,175893,81038,5767,642,973,860,0.407,215,4.686,0.884,4.8242,0.045203590250891164,Non-Viral
C00399,2026-03-10,Instagram,Dating,Long,Text,Advice,51,132783,12325,3083,227,506,437,0.262,104,3.203,0.864,3.2188,0.02915858656605138,Non-Viral
C02311,2026-03-10,Instagram,Career Stress,Long,Text,Confession,27,38749,178053,1733,93,171,135,0.387,51,5.502,0.789,4.6169,0.042091055253038794,Non-Viral
C00314,2026-03-10,Instagram,Family Pressure,Long,Text,Question,48,140320,29510,2722,224,318,344,0.452,238,2.571,1.082,2.3796,0.04719472633979476,Non-Viral
C01410,2026-03-10,YouTube,Career Stress,Short,Visual,Confession,29,36637,207681,1523,198,93,176,0.6,59,5.432,1.892,4.6115,0.06339410977973087,Non-Viral
C01551,2026-03-10,YouTube,Burnout,Short,Visual,Question,8,112975,134801,6380,1027,1671,417,0.423,246,8.405,0.25,9.3627,0.051426797964151366,Non-Viral
C04015,2026-03-10,Instagram,Burnout,Long,Visual,Advice,39,103184,208850,4464,214,433,813,0.478,269,5.741,1.878,5.309,0.052363207474026986,Non-Viral
C00573,2026-03-10,YouTube,Friendship,Short,Visual,Advice,30,80629,65929,6328,265,522,605,0.503,411,9.575,1.159,7.8601,0.055957393741705844,Non-Viral
C02979,2026-03-10,Instagram,Social Anxiety,Short,Text,List,35,22559,19440,2498,169,220,279,0.434,116,14.034,1.268,12.0595,0.05262248326610222,Non-Viral
C00534,2026-03-11,Instagram,Burnout,Long,Text,Question,67,169658,95928,9385,645,1862,1044,0.351,383,7.625,0.561,7.8593,0.04245509082978698,Non-Viral
C03716,2026-03-11,Instagram,Burnout,Short,Text,Question,40,82901,176134,2566,350,463,509,0.465,114,4.69,1.099,5.0844,0.051488480235461584,Non-Viral
C04907,2026-03-11,YouTube,Family Pressure,Short,Text,Question,37,67902,130802,2622,146,392,230,0.511,214,4.992,0.587,4.6626,0.05503655562428206,Non-Viral
C04632,2026-03-11,YouTube,Dating,Short,Text,Story,38,76839,222932,7846,407,1381,748,0.404,274,13.511,0.542,13.2387,0.05220260024206458,Non-Viral
C01382,2026-03-11,YouTube,Burnout,Short,Visual,Advice,20,166720,52706,3754,434,717,349,0.572,277,3.151,0.487,3.2252,0.06015375479846449,Non-Viral
C02812,2026-03-11,Instagram,Dating,Short,Text,Question,23,110211,228663,4213,342,367,575,0.525,265,4.988,1.567,4.4193,0.056029139559572096,Non-Viral
C00481,2026-03-11,Instagram,Self-Doubt,Long,Visual,Advice,30,5376,80094,417,37,46,70,0.436,26,10.603,1.522,10.0818,0.0523890625,Non-Viral
C04082,2026-03-11,Instagram,College Life,Short,Visual,Story,28,46099,189943,1358,165,223,164,0.498,36,4.143,0.735,4.1725,0.053580993080110204,Non-Viral
C02706,2026-03-11,Instagram,Dating,Long,Visual,Confession,12,160000,144482,8005,1336,700,1771,0.499,563,7.382,2.53,7.2803,0.056441875,Non-Viral
C00855,2026-03-11,Instagram,Burnout,Long,Text,Question,50,58735,91225,2280,283,377,283,0.54,93,5.487,0.751,5.5529,0.05905661019834852,Non-Viral
C03420,2026-03-11,Instagram,Burnout,Short,Visual,Advice,34,44562,143349,5154,158,373,465,0.634,289,13.801,1.247,10.9129,0.07082897536017234,Viral
C04024,2026-03-11,Instagram,Friendship,Short,Visual,List,56,145858,233627,9860,1233,711,732,0.548,309,8.595,1.03,7.1141,0.05976715984039272,Non-Viral
C00450,2026-03-11,YouTube,Family Pressure,Short,Visual,Advice,39,87551,135425,8511,285,1033,984,0.575,260,12.351,0.953,11.1364,0.06666951262692601,Viral
C04688,2026-03-11,Instagram,Burnout,Short,Visual,Advice,43,100097,189930,4329,233,618,308,0.645,187,5.483,0.498,4.9792,0.06855057094618221,Viral
C02219,2026-03-11,Instagram,Family Pressure,Long,Visual,Confession,9,31176,228088,1610,255,267,136,0.475,123,7.275,0.509,7.2508,0.05388953040800616,Non-Viral
C04711,2026-03-11,Instagram,Self-Doubt,Short,Visual,Confession,26,47463,72092,4069,175,556,741,0.531,104,11.674,1.333,11.4763,0.06360818532330448,Non-Viral
C01209,2026-03-11,Instagram,Dating,Long,Text,Advice,38,70331,122836,1493,122,120,84,0.444,105,2.586,0.7,2.0723,0.045786301915229415,Non-Viral
C00299,2026-03-11,YouTube,College Life,Short,Visual,Advice,12,25367,86118,1646,68,81,207,0.507,44,7.892,2.556,6.2364,0.05498706587298459,Non-Viral
C03368,2026-03-11,YouTube,College Life,Short,Visual,Advice,44,158621,87824,3480,158,291,714,0.5,134,2.927,2.454,2.697,0.05232535414604624,Non-Viral
C02193,2026-03-11,YouTube,College Life,Short,Visual,Question,24,145473,247489,7663,762,1095,427,0.608,456,6.838,0.39,6.2647,0.06585351508527355,Non-Viral
C03994,2026-03-11,Instagram,Social Anxiety,Short,Text,Story,34,177998,68215,17356,1862,1083,665,0.494,548,11.779,0.614,9.017,0.054827869976067145,Non-Viral
C03599,2026-03-11,Instagram,Self-Doubt,Short,Visual,List,28,116499,80697,6679,956,778,897,0.625,405,7.991,1.153,7.6408,0.06904597893544151,Viral
C01993,2026-03-11,YouTube,Social Anxiety,Long,Text,Advice,34,71595,67125,3565,326,521,460,0.387,213,6.805,0.883,6.6408,0.044585187513094496,Non-Viral
C03699,2026-03-12,Instagram,Burnout,Short,Visual,Story,47,163175,173426,12000,749,799,813,0.56,249,8.801,1.018,6.831,0.06038670139420868,Non-Viral
C01230,2026-03-12,YouTube,Dating,Long,Text,Story,8,58870,41972,1715,86,310,97,0.465,48,3.751,0.313,3.585,0.049583064379140486,Non-Viral
C01114,2026-03-12,YouTube,Self-Doubt,Short,Text,Question,35,149560,103642,9711,442,2124,1902,0.546,601,9.48,0.895,10.4938,0.06524923776410806,Non-Viral
C01483,2026-03-12,Instagram,Social Anxiety,Short,Visual,Confession,12,89532,223711,4781,523,804,178,0.659,95,7.021,0.221,6.6379,0.07141367108966626,Viral
C00342,2026-03-12,Instagram,College Life,Long,Text,Confession,29,170679,137289,7416,648,942,581,0.386,266,5.617,0.617,5.0785,0.04267431494208426,Non-Viral
C04725,2026-03-12,YouTube,Career Stress,Short,Visual,Story,53,171889,189472,8888,427,594,955,0.614,315,6.32,1.608,5.1059,0.06499447085037437,Non-Viral
C03042,2026-03-12,Instagram,Career Stress,Short,Text,Advice,20,56524,241087,2353,244,440,251,0.539,84,5.817,0.57,5.9523,0.059382626848772206,Non-Viral
C01561,2026-03-12,YouTube,Self-Doubt,Long,Text,Question,29,67549,113191,2048,106,309,70,0.433,29,3.75,0.227,3.3309,0.045904775792387754,Non-Viral
C02541,2026-03-12,Instagram,College Life,Short,Text,Story,33,178600,242294,5275,444,504,759,0.626,278,3.909,1.506,3.5462,0.06551769316909295,Non-Viral
C00096,2026-03-12,YouTube,Social Anxiety,Short,Text,Question,36,31007,67936,1150,57,85,186,0.566,22,4.767,2.188,4.1523,0.059908930241558356,Non-Viral
C00841,2026-03-12,Instagram,Self-Doubt,Long,Visual,List,21,62536,83917,2334,263,366,534,0.396,65,5.592,1.459,5.9606,0.04542624408340796,Non-Viral
C00660,2026-03-12,Instagram,Dating,Short,Text,Advice,31,74064,176708,6535,673,997,677,0.551,131,11.992,0.679,11.6413,0.06526283214517176,Non-Viral
C02229,2026-03-12,Instagram,Self-Doubt,Long,Text,Confession,39,71879,223783,4479,502,619,289,0.394,74,8.193,0.467,7.5509,0.045529050209379654,Non-Viral
C03294,2026-03-12,Instagram,Dating,Short,Visual,Advice,25,172375,136764,7930,557,1250,1200,0.564,356,6.345,0.96,6.3527,0.06223640319071791,Non-Viral
C02807,2026-03-12,YouTube,Burnout,Long,Visual,Question,45,159295,173248,6999,752,1436,1345,0.595,552,6.612,0.937,7.2981,0.06679778084685646,Viral
C04115,2026-03-12,YouTube,Career Stress,Short,Visual,Advice,26,125820,21744,11832,1198,602,1752,0.522,398,12.227,2.91,10.3505,0.059958702908917506,Non-Viral
C02197,2026-03-12,Instagram,Burnout,Short,Visual,Story,17,149865,61354,11504,1849,931,2880,0.542,667,11.453,3.093,11.3959,0.0646113702332099,Non-Viral
C02583,2026-03-12,Instagram,Dating,Short,Visual,Question,42,130148,20176,16845,1198,2473,1187,0.515,739,16.676,0.48,15.3767,0.06416750161354766,Non-Viral
C03596,2026-03-12,Instagram,College Life,Short,Visual,Confession,23,87549,244013,5812,476,524,443,0.505,484,8.287,0.845,6.9424,0.055526899222149886,Non-Viral
C03525,2026-03-12,YouTube,Burnout,Short,Visual,List,42,147796,189009,10012,333,1600,951,0.52,322,8.726,0.594,8.2597,0.05913990906384477,Non-Viral
C04263,2026-03-12,YouTube,Burnout,Short,Text,List,38,138757,96388,9550,698,979,819,0.383,312,8.681,0.837,7.493,0.04400025296021102,Non-Viral
C02419,2026-03-12,YouTube,Dating,Short,Visual,Confession,20,149167,67700,12538,1037,2088,1458,0.653,407,11.478,0.698,11.3996,0.07557405525350783,Viral
C04507,2026-03-12,YouTube,Family Pressure,Long,Text,Advice,24,114369,32568,5519,169,575,566,0.409,149,5.971,0.984,5.1325,0.04486873278598221,Non-Viral
C02041,2026-03-12,Instagram,Friendship,Short,Visual,List,44,28130,214706,744,55,81,68,0.507,21,3.37,0.84,2.963,0.05301425524351227,Non-Viral
C02186,2026-03-12,Instagram,Family Pressure,Short,Visual,List,39,74643,6950,2998,277,311,133,0.577,110,4.982,0.428,4.1712,0.060666118725131626,Non-Viral
C03389,2026-03-12,YouTube,Burnout,Short,Text,Story,34,153116,117974,5232,642,517,1208,0.624,448,4.963,2.337,4.9283,0.06691520415893833,Viral
C02398,2026-03-12,Instagram,Dating,Short,Text,Confession,44,74849,197923,4590,191,260,314,0.447,97,7.154,1.208,5.3301,0.04790445162928029,Non-Viral
C00495,2026-03-12,Instagram,Family Pressure,Long,Visual,Question,12,177418,186190,19602,749,2336,1742,0.367,1027,13.769,0.746,12.0712,0.04620382712013438,Non-Viral
C04939,2026-03-13,Instagram,Dating,Long,Visual,Story,37,91487,181546,4765,376,883,1034,0.378,246,7.715,1.171,8.3766,0.046150366718768786,Non-Viral
C04397,2026-03-13,YouTube,Social Anxiety,Short,Visual,Story,42,85819,45939,8165,254,879,736,0.388,429,11.692,0.837,9.989,0.046425933651056295,Non-Viral
C01907,2026-03-13,YouTube,Career Stress,Short,Visual,Question,38,177916,160770,6184,666,583,280,0.501,325,4.335,0.48,3.5972,0.05260820611974191,Non-Viral
C01451,2026-03-13,Instagram,Friendship,Long,Text,Advice,38,170264,227835,9437,685,379,721,0.383,142,6.591,1.902,4.8895,0.0411755344641263,Non-Viral
C00271,2026-03-13,Instagram,Burnout,Long,Visual,Question,62,31444,156553,1930,59,256,278,0.591,102,8.024,1.086,7.5611,0.06569744307340034,Non-Viral
C00154,2026-03-13,YouTube,College Life,Short,Visual,Story,21,63773,147626,4188,290,228,426,0.652,147,8.047,1.868,6.3742,0.06949492104809246,Viral
C03437,2026-03-13,Instagram,Social Anxiety,Short,Visual,Question,33,114238,143473,9491,1159,619,1126,0.555,474,10.85,1.819,9.2727,0.06241713790507537,Non-Viral
C04617,2026-03-13,Instagram,Social Anxiety,Short,Text,Advice,24,17399,188659,1115,157,145,147,0.52,89,8.989,1.014,8.7476,0.059638370021265596,Non-Viral
C04771,2026-03-13,YouTube,Self-Doubt,Short,Visual,Story,51,160275,208753,5302,673,1395,1176,0.645,325,5.332,0.843,6.3625,0.0712477772578381,Viral
C04580,2026-03-13,YouTube,College Life,Short,Visual,Advice,12,157881,202125,7415,297,644,426,0.615,263,5.562,0.661,4.3938,0.06442720466680601,Non-Viral
C03592,2026-03-13,Instagram,Friendship,Short,Visual,Question,28,46187,41242,2481,254,290,130,0.747,43,6.831,0.448,5.9573,0.07919477125598112,Viral
C04649,2026-03-13,YouTube,Dating,Long,Visual,Story,26,87310,64220,5527,420,1106,350,0.433,336,8.479,0.316,8.4887,0.05092455617913183,Non-Viral
C02255,2026-03-13,YouTube,Self-Doubt,Short,Text,Advice,44,100077,223607,3313,267,358,390,0.385,117,4.325,1.089,3.908,0.04167905212986001,Non-Viral
C01820,2026-03-13,Instagram,Burnout,Short,Text,Confession,61,119362,127251,11242,809,1689,1447,0.425,420,12.723,0.857,12.3955,0.0535210954910273,Non-Viral
C01862,2026-03-13,Instagram,Social Anxiety,Long,Text,Confession,41,17649,120849,1507,70,80,48,0.334,61,9.661,0.6,6.7681,0.036850620431752516,Non-Viral
C01646,2026-03-13,Instagram,Social Anxiety,Short,Visual,Confession,29,48069,188099,5299,356,1006,563,0.551,130,15.028,0.56,15.2437,0.06914231417337578,Viral
C00796,2026-03-13,YouTube,Social Anxiety,Short,Text,Advice,23,105932,94995,4917,565,1057,509,0.422,155,6.653,0.482,7.0753,0.0489316769248197,Non-Viral
C02273,2026-03-14,Instagram,Burnout,Short,Visual,Confession,19,122451,31112,5817,993,1031,935,0.664,455,7.167,0.907,7.6447,0.07369597961633634,Viral
C00353,2026-03-14,YouTube,Career Stress,Short,Text,Advice,47,32670,118201,2989,143,297,195,0.605,88,11.093,0.657,9.1521,0.06703810835629018,Viral
C00638,2026-03-14,Instagram,College Life,Long,Visual,List,37,37365,16983,1214,113,242,189,0.329,31,4.705,0.781,5.0328,0.037785588117222005,Non-Viral
C01316,2026-03-14,Instagram,Dating,Short,Text,Story,26,139410,108589,10468,1255,505,1886,0.493,676,10.124,3.735,8.8971,0.05633894986012482,Non-Viral
C01400,2026-03-14,Instagram,Dating,Long,Visual,Confession,36,172927,169339,11248,1188,1693,1334,0.531,585,8.942,0.788,8.7627,0.06085038021824239,Non-Viral
C01581,2026-03-14,Instagram,College Life,Short,Text,Story,47,46565,232200,2472,139,374,97,0.339,115,6.619,0.259,5.9283,0.038586996671319665,Non-Viral
C04816,2026-03-14,Instagram,Family Pressure,Short,Visual,Confession,30,42519,186922,2814,251,199,116,0.597,74,7.949,0.583,6.1443,0.0635100613843223,Non-Viral
C04205,2026-03-14,Instagram,Dating,Long,Visual,Question,22,134299,205598,7793,641,1134,1053,0.495,428,7.908,0.929,7.7186,0.05636788434761242,Non-Viral
C00263,2026-03-14,Instagram,Self-Doubt,Short,Visual,Advice,23,122894,136150,7128,1114,740,1475,0.574,256,8.509,1.993,8.4666,0.06507002457402314,Non-Viral
C01239,2026-03-14,YouTube,Career Stress,Long,Visual,Question,61,151322,226200,6598,403,1439,993,0.338,554,6.234,0.69,6.7449,0.04044741412352467,Non-Viral
C03205,2026-03-14,Instagram,Dating,Short,Visual,Question,18,131377,108588,10616,334,870,1243,0.547,549,9.943,1.429,8.3005,0.06089971532307786,Non-Viral
C01338,2026-03-14,Instagram,Dating,Short,Text,Story,42,33705,230355,1688,160,383,302,0.596,33,7.515,0.789,8.4171,0.06811357365376057,Viral
C00419,2026-03-14,Instagram,Career Stress,Short,Visual,Confession,24,23925,97556,777,91,36,94,0.63,32,4.171,2.611,3.4316,0.06542633228840125,Non-Viral
C04590,2026-03-14,Instagram,Dating,Short,Visual,Story,39,43740,64640,2477,288,143,116,0.599,132,6.914,0.811,5.3304,0.06315445816186557,Non-Viral
C02833,2026-03-14,Instagram,Burnout,Short,Visual,Question,51,72973,249812,1871,195,129,221,0.597,138,3.311,1.713,2.8189,0.0618048881093007,Non-Viral
C04511,2026-03-14,Instagram,Burnout,Long,Visual,Advice,41,53013,185681,5132,434,311,310,0.519,64,11.671,0.997,8.9978,0.057522205874030896,Non-Viral
C01403,2026-03-14,YouTube,Dating,Short,Text,Advice,48,145108,103420,5438,743,956,967,0.62,147,5.585,1.012,5.9511,0.0677319375913113,Viral
C03844,2026-03-14,Instagram,Social Anxiety,Short,Visual,Story,34,141283,41959,8213,508,1333,512,0.578,191,7.479,0.384,7.0012,0.06367225639319662,Non-Viral
C04482,2026-03-14,YouTube,Self-Doubt,Short,Visual,List,23,146241,119091,14671,1563,2157,2025,0.619,633,13.961,0.939,13.8135,0.07429460889900917,Viral
C00971,2026-03-14,Instagram,Family Pressure,Short,Visual,Question,32,41502,211125,3351,408,725,525,0.533,205,12.069,0.724,13.2825,0.06643069249674716,Viral
C03178,2026-03-14,Instagram,Self-Doubt,Short,Visual,Advice,29,161420,222528,11140,1755,1861,968,0.635,229,9.741,0.52,9.7395,0.07211789121546278,Viral
C03475,2026-03-14,YouTube,Dating,Short,Text,Confession,31,154480,80682,11219,1075,867,716,0.448,198,8.983,0.826,7.2857,0.04975986535473848,Non-Viral
C00802,2026-03-15,Instagram,Career Stress,Short,Visual,Story,34,166954,180773,7067,252,711,724,0.551,277,5.243,1.018,4.4878,0.05854376295266961,Non-Viral
C01367,2026-03-15,Instagram,Dating,Short,Visual,Advice,48,80098,19507,8363,746,761,1046,0.549,250,13.628,1.375,12.0796,0.06449012709430947,Non-Viral
C01838,2026-03-15,Instagram,Career Stress,Long,Visual,Question,29,137904,120222,6434,690,678,842,0.493,84,6.268,1.242,5.7794,0.05409463974939088,Non-Viral
C02052,2026-03-15,YouTube,Family Pressure,Short,Visual,List,8,48143,246099,3046,457,512,239,0.542,59,8.836,0.467,8.7707,0.06189893857881728,Non-Viral
C00442,2026-03-15,Instagram,Dating,Short,Text,Question,16,125826,51000,6634,434,1051,645,0.569,259,6.965,0.614,6.6846,0.0627139812121501,Non-Viral
C01601,2026-03-15,Instagram,College Life,Long,Visual,Story,35,18992,76368,1614,162,296,110,0.475,50,11.489,0.372,11.3627,0.05753053917438922,Non-Viral
C04375,2026-03-15,Instagram,Burnout,Short,Visual,Question,12,107136,45328,5955,755,661,749,0.587,245,7.579,1.133,7.0854,0.06463077956989248,Non-Viral
C02467,2026-03-15,Instagram,Burnout,Short,Visual,Question,34,169232,180119,13029,1359,2005,2136,0.688,845,10.949,1.065,11.1326,0.07912251583624846,Viral
C02776,2026-03-15,YouTube,Self-Doubt,Short,Visual,Confession,37,43402,101490,3064,368,556,248,0.667,89,9.76,0.446,9.7876,0.07545074881341875,Viral
C00136,2026-03-15,Instagram,Burnout,Short,Visual,Confession,57,111350,192002,7644,1122,1198,832,0.455,155,9.696,0.694,9.6659,0.054094521778176925,Non-Viral
C03742,2026-03-15,Instagram,College Life,Short,Visual,Confession,48,141201,238814,6030,585,1109,286,0.706,476,5.673,0.258,5.518,0.07536342235536575,Viral
C00190,2026-03-15,Instagram,Self-Doubt,Short,Visual,Question,49,128052,87362,9056,1158,1893,1836,0.614,395,10.889,0.97,12.195,0.07371023334270453,Viral
C04177,2026-03-15,Instagram,College Life,Short,Text,Confession,20,59893,245706,2572,231,349,312,0.614,128,5.784,0.894,5.5157,0.06616349489923698,Non-Viral
C01476,2026-03-15,Instagram,Self-Doubt,Short,Text,List,41,98668,189225,3033,167,318,463,0.492,113,4.035,1.456,3.6962,0.052311951189848785,Non-Viral
C04699,2026-03-15,YouTube,Social Anxiety,Short,Visual,Story,12,24722,40485,2363,331,146,451,0.487,143,13.312,3.089,12.2078,0.05883874282016018,Non-Viral
C00307,2026-03-15,Instagram,College Life,Short,Visual,Confession,38,26803,69966,947,60,180,71,0.635,21,4.694,0.394,4.6469,0.06765252024027162,Viral
C03106,2026-03-15,Instagram,College Life,Long,Text,Advice,36,96825,21689,4848,431,298,352,0.385,190,6.123,1.181,4.8216,0.041643299767622,Non-Viral
C01823,2026-03-15,Instagram,Dating,Long,Text,Confession,38,15384,167265,814,46,113,49,0.389,9,6.643,0.434,5.9347,0.04360943837753511,Non-Viral
C03899,2026-03-15,Instagram,Friendship,Short,Text,Question,49,153801,170708,3552,487,713,444,0.603,333,3.378,0.623,3.5978,0.06372715587024792,Non-Viral
C03430,2026-03-15,Instagram,Social Anxiety,Long,Visual,Confession,14,17821,93382,772,76,62,112,0.463,29,5.735,1.806,5.1063,0.050390679535379616,Non-Viral
C02708,2026-03-15,YouTube,Self-Doubt,Short,Visual,Confession,18,125515,241828,5214,574,333,543,0.58,235,5.309,1.631,4.4242,0.061177707843684016,Non-Viral
C02021,2026-03-15,Instagram,Career Stress,Short,Text,Confession,8,158537,183057,6405,200,291,1076,0.521,212,5.028,3.698,4.1173,0.05515133817342325,Non-Viral
C02997,2026-03-15,YouTube,Social Anxiety,Long,Text,Confession,9,159561,153304,7035,430,536,790,0.493,275,5.509,1.474,4.6067,0.052701207061876025,Non-Viral
C04158,2026-03-15,YouTube,Social Anxiety,Long,Text,Advice,34,85816,35455,3727,127,469,474,0.414,142,5.59,1.011,5.1377,0.045738351822503964,Non-Viral
C00928,2026-03-15,YouTube,Burnout,Long,Text,List,28,116149,199244,7651,510,715,499,0.497,269,8.072,0.698,6.6583,0.054417647160113304,Non-Viral
C02127,2026-03-16,YouTube,Dating,Short,Visual,Advice,46,74382,236785,4654,657,930,826,0.626,109,9.501,0.888,10.4252,0.07288272969266758,Viral
C03062,2026-03-16,Instagram,Career Stress,Long,Visual,Advice,40,44517,108366,4359,410,305,489,0.502,138,12.496,1.603,10.5297,0.05795995687040906,Non-Viral
C02187,2026-03-16,Instagram,Career Stress,Short,Visual,Confession,50,38738,236478,2741,288,279,187,0.456,199,9.022,0.67,7.7792,0.05140437813000155,Non-Viral
C01779,2026-03-16,Instagram,Self-Doubt,Short,Visual,Story,23,64726,45049,8861,900,361,347,0.62,144,16.174,0.961,11.6761,0.06820384389580694,Viral
C02595,2026-03-16,YouTube,Self-Doubt,Short,Text,Advice,32,137827,166264,9880,644,1831,736,0.499,495,9.498,0.402,9.3385,0.05818103346949437,Non-Viral
C02089,2026-03-16,Instagram,Family Pressure,Short,Visual,Story,61,105821,223129,5483,764,447,1197,0.515,323,7.457,2.678,7.2032,0.057877278611995736,Non-Viral
C02309,2026-03-16,Instagram,Dating,Short,Text,List,56,56518,105104,3979,227,574,269,0.474,260,8.933,0.469,8.1213,0.054000552036519336,Non-Viral
C03342,2026-03-16,Instagram,Dating,Short,Text,Story,21,10488,111922,812,58,138,158,0.442,45,11.117,1.145,11.6609,0.055470022883295195,Non-Viral
C04588,2026-03-16,Instagram,Social Anxiety,Short,Visual,Story,62,91825,83039,7386,559,859,1503,0.612,175,11.225,1.75,11.015,0.0712332153552954,Viral
C04039,2026-03-16,Instagram,College Life,Long,Text,List,41,177844,66661,4945,554,242,800,0.293,170,3.678,3.306,3.1654,0.031729095162052134,Non-Viral
C00952,2026-03-16,Instagram,College Life,Long,Visual,Confession,23,126471,212698,3230,365,718,592,0.596,174,3.878,0.825,4.3492,0.06399191593329696,Non-Viral
C03584,2026-03-16,Instagram,Family Pressure,Short,Text,List,46,113462,132218,7424,302,1551,878,0.433,157,8.95,0.566,9.3194,0.05217213340149125,Non-Viral
C04495,2026-03-16,YouTube,College Life,Short,Text,Advice,46,35496,114614,1002,136,133,144,0.519,79,3.986,1.083,3.9216,0.05537785665990534,Non-Viral
C00226,2026-03-16,YouTube,Burnout,Long,Visual,Story,61,162106,33909,8522,1086,1784,963,0.478,254,7.622,0.54,8.1231,0.055539380405413744,Non-Viral
C01155,2026-03-16,Instagram,Family Pressure,Short,Visual,List,51,32325,244948,2009,76,199,133,0.681,113,7.477,0.668,6.1299,0.07245730858468678,Viral
C01391,2026-03-16,Instagram,Dating,Short,Text,Question,38,168706,206817,13088,1204,1563,1202,0.575,375,10.11,0.769,9.1538,0.06487703460457837,Non-Viral
C04667,2026-03-16,YouTube,College Life,Short,Text,Confession,60,135198,124339,10362,706,911,1289,0.437,457,9.814,1.415,8.5438,0.05037576443438513,Non-Viral
C01186,2026-03-16,Instagram,Career Stress,Short,Visual,List,41,67876,59575,4151,692,665,727,0.579,290,9.186,1.093,9.6684,0.06705124639047676,Viral
C04789,2026-03-16,Instagram,Career Stress,Short,Text,Question,46,80864,17717,2954,467,347,544,0.509,142,5.332,1.568,5.3256,0.055715492679066086,Non-Viral
C03697,2026-03-16,YouTube,College Life,Short,Visual,List,54,64925,72349,4833,436,749,360,0.497,118,9.824,0.481,9.2992,0.05756214863303812,Non-Viral
C03549,2026-03-16,Instagram,Burnout,Short,Visual,Question,32,138899,103881,13508,1560,1643,819,0.529,605,12.621,0.498,11.2751,0.06167652106926616,Non-Viral
C01105,2026-03-16,YouTube,College Life,Long,Text,Advice,37,97859,166015,2291,334,433,330,0.472,48,3.462,0.762,3.6844,0.050714750814948036,Non-Viral
C04746,2026-03-16,YouTube,Burnout,Long,Text,List,23,12871,178867,754,38,86,94,0.424,17,7.552,1.093,6.8371,0.04804058736694895,Non-Viral
C04447,2026-03-16,YouTube,Social Anxiety,Long,Visual,Story,62,45393,205279,4742,205,699,374,0.525,223,13.262,0.535,12.1682,0.06257864648734388,Non-Viral
C04290,2026-03-16,YouTube,Family Pressure,Short,Visual,Advice,25,84960,241092,5836,625,996,821,0.681,245,9.743,0.824,9.9876,0.077377895480226,Viral
C00400,2026-03-17,Instagram,Self-Doubt,Long,Visual,Confession,40,42746,128950,1062,73,95,156,0.528,31,3.242,1.642,2.895,0.05515109717868339,Non-Viral
C00239,2026-03-17,YouTube,College Life,Short,Text,Story,36,156381,224596,3558,190,217,767,0.469,231,3.026,3.535,2.7171,0.04917809004930266,Non-Viral
C02781,2026-03-17,YouTube,Career Stress,Short,Visual,Advice,51,29326,61918,953,87,190,170,0.713,42,4.774,0.895,5.1729,0.07639957034713224,Viral
C03987,2026-03-17,Instagram,Friendship,Short,Visual,Story,35,155241,16909,13663,812,1729,872,0.637,250,11.0,0.504,9.6498,0.07118159313583397,Viral
C03373,2026-03-17,Instagram,Friendship,Short,Text,Advice,25,58591,64841,5068,199,473,472,0.5,125,10.602,0.998,8.8674,0.056559027837039824,Non-Viral
C01060,2026-03-17,Instagram,Self-Doubt,Short,Visual,Advice,36,101555,75586,4810,233,305,577,0.655,137,5.834,1.892,4.7496,0.06890012800945301,Viral
C03503,2026-03-17,Instagram,Social Anxiety,Short,Text,Advice,33,37696,99267,2067,128,113,255,0.56,88,6.799,2.257,5.5032,0.059887680390492366,Non-Viral
C04665,2026-03-17,YouTube,Burnout,Short,Visual,List,22,124869,167302,5654,365,1139,816,0.69,145,6.386,0.716,6.7459,0.07550361578934722,Viral
C01462,2026-03-17,Instagram,Dating,Short,Text,Confession,34,150232,140892,4384,266,199,564,0.596,207,3.603,2.834,2.8729,0.061587925342137494,Non-Viral
C02808,2026-03-17,Instagram,Career Stress,Long,Text,List,12,91250,243967,3362,480,366,494,0.43,251,5.153,1.35,4.9173,0.04721808219178082,Non-Viral
C01821,2026-03-17,YouTube,College Life,Long,Visual,Question,40,135269,172164,5304,255,1277,680,0.425,457,5.556,0.532,6.0808,0.04853907768964064,Non-Viral
C04569,2026-03-17,Instagram,Social Anxiety,Short,Text,Confession,37,72981,80414,4222,235,667,457,0.588,80,7.647,0.685,7.3697,0.06527428782833888,Non-Viral
C02355,2026-03-17,Instagram,Dating,Short,Text,Story,55,87466,49289,5626,789,599,378,0.462,271,8.451,0.631,7.4881,0.05193136990373402,Non-Viral
C00333,2026-03-17,Instagram,Family Pressure,Short,Visual,List,19,173822,157725,12109,1434,846,444,0.509,619,8.533,0.525,6.6916,0.05509394553048521,Non-Viral
C00526,2026-03-17,Instagram,Career Stress,Short,Text,Story,44,144659,149518,6747,702,511,877,0.528,140,6.109,1.716,5.3322,0.056936279111565825,Non-Viral
C00088,2026-03-17,Instagram,College Life,Long,Text,Question,39,126921,247275,5247,554,418,972,0.309,383,5.666,2.325,5.2414,0.03533425437870802,Non-Viral
C03942,2026-03-17,YouTube,Burnout,Short,Visual,List,44,93110,114539,10252,938,1282,1006,0.584,363,14.475,0.785,13.3079,0.06934834067232307,Viral
C02167,2026-03-18,YouTube,Career Stress,Short,Visual,Story,15,78135,116952,4054,618,721,391,0.638,87,7.403,0.542,7.5498,0.07064008446918796,Viral
C04274,2026-03-18,YouTube,Self-Doubt,Long,Visual,Advice,23,73986,115529,4714,571,458,659,0.43,309,8.653,1.439,7.9819,0.04961544075906253,Non-Viral
C00988,2026-03-18,YouTube,Family Pressure,Long,Visual,Advice,39,85009,35386,2301,267,494,477,0.422,81,4.163,0.966,4.6901,0.04696949499464763,Non-Viral
C04603,2026-03-18,Instagram,Self-Doubt,Short,Text,Advice,67,82024,142928,3411,390,611,541,0.529,96,6.038,0.885,6.3463,0.05894396274261192,Non-Viral
C04440,2026-03-18,Instagram,Social Anxiety,Long,Visual,Story,23,73606,141162,3168,304,381,225,0.549,248,5.54,0.591,4.9357,0.05876585332717442,Non-Viral
C04377,2026-03-18,Instagram,Friendship,Short,Visual,Advice,24,13681,227815,1317,49,103,135,0.577,51,11.724,1.311,9.5826,0.06458546158906513,Non-Viral
C02867,2026-03-18,Instagram,Self-Doubt,Short,Visual,List,18,106191,219538,2089,173,321,331,0.507,190,2.744,1.031,2.7582,0.053239763256773175,Non-Viral
C04425,2026-03-18,Instagram,Social Anxiety,Short,Visual,Question,31,74847,194866,3962,429,341,298,0.651,74,6.72,0.874,5.6696,0.06920437292075836,Viral
C02434,2026-03-18,Instagram,Dating,Long,Visual,Story,12,31649,17381,1414,56,70,44,0.421,27,5.005,0.629,3.4409,0.04377777812885083,Non-Viral
C01014,2026-03-18,YouTube,Self-Doubt,Short,Visual,Question,33,92868,48283,2699,130,367,331,0.543,188,3.798,0.902,3.5615,0.05735756557694793,Non-Viral
C00447,2026-03-18,Instagram,Self-Doubt,Long,Visual,Question,15,71008,200009,2732,470,666,327,0.362,180,5.908,0.491,6.6514,0.042795031545741324,Non-Viral
C03790,2026-03-18,YouTube,Burnout,Short,Text,Advice,36,149453,53323,15823,500,553,1635,0.423,586,12.386,2.957,9.0935,0.04774887021337812,Non-Viral
C01034,2026-03-18,Instagram,Family Pressure,Short,Visual,Question,17,81449,11503,7449,699,993,663,0.546,164,12.037,0.668,11.1456,0.06381558275730827,Non-Viral
C00309,2026-03-18,Instagram,Friendship,Long,Text,Confession,33,138088,215681,5284,469,794,977,0.434,270,5.449,1.23,5.5628,0.0486194977116042,Non-Viral
C00748,2026-03-18,YouTube,Social Anxiety,Long,Text,List,26,148680,156644,6167,740,1164,1024,0.414,291,6.117,0.88,6.5466,0.04773575464083939,Non-Viral
C03098,2026-03-18,Instagram,College Life,Short,Visual,Story,19,160186,91152,8427,785,914,1064,0.651,504,6.986,1.164,6.4057,0.07039540658983932,Viral
C00799,2026-03-18,Instagram,Family Pressure,Long,Visual,Question,8,9253,22222,552,49,64,38,0.506,14,7.598,0.594,6.6735,0.05573887387874204,Non-Viral
C01177,2026-03-18,Instagram,Self-Doubt,Short,Text,Advice,41,137781,244341,6716,982,1833,746,0.468,419,7.459,0.407,8.5803,0.05548007925621096,Non-Viral
C00368,2026-03-18,Instagram,Family Pressure,Short,Visual,Advice,47,161365,242699,10968,1387,1506,635,0.592,474,8.983,0.422,8.2747,0.06586966194651876,Non-Viral
C00749,2026-03-18,YouTube,Friendship,Short,Visual,Confession,20,84125,45127,6747,1102,713,1205,0.594,422,11.61,1.69,11.3825,0.06947607726597325,Viral
C03164,2026-03-18,Instagram,Career Stress,Short,Text,Advice,43,77997,9153,4740,246,427,720,0.471,108,7.863,1.686,7.0003,0.052805988691872766,Non-Viral
C01439,2026-03-19,Instagram,Family Pressure,Long,Visual,Question,19,33819,230839,844,50,168,134,0.52,54,3.536,0.798,3.7523,0.05564587953517254,Non-Viral
C02130,2026-03-19,Instagram,Friendship,Long,Visual,Story,45,173720,32516,11082,1269,1699,1067,0.652,771,8.702,0.628,8.4478,0.07253939673037071,Viral
C00321,2026-03-19,Instagram,Family Pressure,Long,Text,Story,44,44094,240134,1066,69,124,180,0.395,47,3.263,1.452,3.1036,0.042224860525241534,Non-Viral
C02484,2026-03-19,Instagram,Burnout,Long,Text,List,38,79998,161397,2321,204,106,102,0.302,67,3.416,0.962,2.4857,0.0315612840321008,Non-Viral
C01756,2026-03-19,Instagram,Family Pressure,Short,Visual,Advice,46,148098,178444,6001,272,633,915,0.558,467,5.281,1.445,4.8194,0.059852384232062565,Non-Viral
C02016,2026-03-19,Instagram,Dating,Short,Visual,Advice,29,132179,91191,6979,528,992,417,0.667,223,6.745,0.42,6.1216,0.07162286974481576,Viral
C01527,2026-03-19,YouTube,Friendship,Short,Visual,Confession,57,45525,153133,3524,496,448,382,0.592,135,10.653,0.853,10.1351,0.06777990115321253,Viral
C00595,2026-03-19,Instagram,College Life,Long,Text,Advice,32,149478,9121,11145,317,1294,830,0.41,386,9.089,0.641,7.7536,0.04687946052261872,Non-Viral
C00968,2026-03-19,Instagram,College Life,Long,Visual,Story,10,10372,158708,624,31,32,71,0.445,17,7.308,2.219,5.7511,0.04839028152718859,Non-Viral
C02588,2026-03-19,Instagram,Burnout,Short,Visual,Question,17,155058,162865,10568,830,754,565,0.53,801,8.201,0.749,6.3983,0.057084278141082696,Non-Viral
C00403,2026-03-19,Instagram,Social Anxiety,Short,Visual,Question,30,12984,215714,748,93,140,75,0.545,19,8.133,0.536,8.3449,0.062159426987061006,Non-Viral
C03447,2026-03-19,Instagram,Social Anxiety,Long,Visual,Confession,9,103272,10269,3371,451,315,314,0.384,67,4.31,0.997,3.8103,0.041339809435277715,Non-Viral
C00338,2026-03-19,Instagram,Burnout,Long,Visual,List,43,46523,127922,4364,234,469,144,0.524,137,11.201,0.307,9.088,0.05861950433119103,Non-Viral
C01576,2026-03-19,Instagram,College Life,Short,Visual,Story,29,127320,83358,9326,1502,1105,1818,0.64,454,10.8,1.645,10.8915,0.07395876531573987,Viral
C01604,2026-03-19,Instagram,Friendship,Long,Visual,Advice,25,111209,112037,11358,812,1824,745,0.488,319,13.253,0.408,12.4621,0.05928566213166201,Non-Viral
C02271,2026-03-19,Instagram,Social Anxiety,Long,Visual,Advice,8,21390,100559,1294,63,170,135,0.563,80,7.77,0.794,7.1131,0.06221164095371669,Non-Viral
C02928,2026-03-19,YouTube,Self-Doubt,Short,Text,Advice,40,111504,163696,3559,472,717,599,0.571,214,4.795,0.835,5.2343,0.062240174343521304,Non-Viral
C01586,2026-03-19,YouTube,Friendship,Long,Visual,Advice,38,134983,108274,11909,1062,1606,518,0.501,477,11.183,0.323,9.9283,0.05778541223709653,Non-Viral
C00525,2026-03-19,Instagram,Burnout,Long,Text,Story,39,18438,60281,773,53,88,126,0.501,11,5.641,1.432,5.326,0.05472902700943704,Non-Viral
C02272,2026-03-19,Instagram,Friendship,Short,Visual,List,33,141347,156773,4466,647,913,514,0.586,178,4.627,0.563,4.9315,0.06328421685638888,Non-Viral
C03756,2026-03-19,YouTube,Dating,Long,Text,Question,30,92967,57351,6186,732,616,647,0.466,150,8.8,1.05,7.8877,0.05285060505340605,Non-Viral
C00554,2026-03-19,YouTube,Dating,Short,Text,Story,31,90696,136582,4595,341,329,690,0.403,236,6.566,2.097,5.707,0.04477869806827203,Non-Viral
C04476,2026-03-19,Instagram,Dating,Long,Text,Question,26,136035,63307,5935,310,420,920,0.368,218,5.576,2.19,4.8021,0.040560061748814644,Non-Viral
C01435,2026-03-19,Instagram,Dating,Short,Visual,Advice,29,164734,34432,3789,516,731,903,0.501,299,3.605,1.235,4.0474,0.05421117316400986,Non-Viral
C04001,2026-03-19,YouTube,Friendship,Short,Visual,Story,52,148845,119326,6543,397,587,786,0.395,230,5.585,1.339,4.8372,0.04325894386778193,Non-Viral
C01950,2026-03-20,Instagram,Career Stress,Short,Visual,Advice,24,127044,71407,9302,1271,1391,1678,0.61,493,10.738,1.206,11.0879,0.07139010106734675,Viral
C02552,2026-03-20,Instagram,Dating,Short,Visual,Advice,37,75261,247391,3484,402,258,551,0.562,118,6.238,2.136,5.6085,0.06074020010363934,Non-Viral
C01404,2026-03-20,Instagram,College Life,Short,Visual,Advice,31,88663,63097,7344,945,1207,1124,0.598,346,11.978,0.931,12.3597,0.07132792032753234,Viral
C02152,2026-03-20,YouTube,Self-Doubt,Long,Visual,Question,41,137638,102663,6461,377,883,476,0.469,175,5.955,0.539,5.3742,0.05123528531364884,Non-Viral
C04612,2026-03-20,Instagram,Family Pressure,Short,Text,Story,27,62211,245081,4920,551,910,364,0.583,102,10.842,0.4,10.8413,0.06796629695712976,Viral
C02283,2026-03-20,YouTube,Self-Doubt,Long,Text,Advice,55,52087,84651,2771,434,547,155,0.51,210,7.501,0.283,7.6555,0.05786831647052048,Non-Viral
C03735,2026-03-20,Instagram,Friendship,Long,Text,List,53,95794,237922,6913,489,540,413,0.18,180,8.722,0.765,6.9274,0.02259579931937282,Non-Viral
C04075,2026-03-20,Instagram,Career Stress,Short,Visual,Story,52,153146,217235,6561,897,815,417,0.583,255,5.674,0.512,5.1617,0.0623902145664921,Non-Viral
C00167,2026-03-20,YouTube,College Life,Long,Visual,Question,40,19503,92675,980,60,83,119,0.569,16,6.368,1.434,5.471,0.061107045069989235,Non-Viral
C04868,2026-03-20,YouTube,Dating,Short,Visual,Confession,66,152328,56526,9430,572,1854,510,0.587,464,8.118,0.275,7.9795,0.06574466677170317,Non-Viral
C04110,2026-03-20,Instagram,Dating,Long,Visual,Advice,42,121659,26697,8609,982,976,1720,0.444,377,10.1,1.762,9.9832,0.053462214879293764,Non-Viral
C00607,2026-03-20,Instagram,Burnout,Short,Visual,Advice,39,156060,232561,4789,518,385,831,0.545,265,4.18,2.158,3.8373,0.05770549788542869,Non-Viral
C02526,2026-03-20,Instagram,Career Stress,Short,Visual,Question,60,91142,142789,2487,203,206,489,0.661,89,3.714,2.374,3.4496,0.06906076452129645,Viral
C02083,2026-03-20,YouTube,Self-Doubt,Short,Visual,Confession,29,31640,104294,3025,213,268,278,0.692,55,11.96,1.037,10.0885,0.07665733249051833,Viral
C04410,2026-03-20,Instagram,Career Stress,Long,Text,Question,8,17308,99174,1218,67,123,161,0.443,49,9.065,1.309,8.0916,0.050869216547261384,Non-Viral
C04051,2026-03-20,YouTube,College Life,Short,Visual,Confession,15,93107,25760,7281,1052,986,449,0.566,301,10.491,0.455,9.7463,0.06450703169471683,Non-Viral
C04681,2026-03-20,Instagram,Friendship,Long,Visual,Confession,15,161124,77360,9742,616,778,424,0.452,350,7.175,0.545,5.5715,0.04873578610262903,Non-Viral
C02292,2026-03-20,Instagram,Friendship,Long,Visual,Question,27,21795,66484,1388,251,198,204,0.675,61,9.365,1.03,9.5091,0.0761235375086029,Viral
C01504,2026-03-20,Instagram,Dating,Short,Text,Advice,34,43477,123550,1197,99,96,110,0.519,79,3.455,1.146,2.8866,0.053994210732111234,Non-Viral
C03859,2026-03-21,Instagram,Career Stress,Short,Visual,Question,47,40314,157846,1815,56,235,107,0.538,64,5.489,0.455,4.739,0.05742777198987945,Non-Viral
C01249,2026-03-21,Instagram,College Life,Short,Visual,Confession,48,46774,177798,2976,422,197,275,0.642,142,8.274,1.396,6.974,0.06921240005131056,Viral
C02092,2026-03-21,Instagram,Self-Doubt,Short,Text,Confession,37,97449,155827,5163,595,1049,284,0.545,109,7.277,0.271,7.3772,0.06113423944832683,Non-Viral
C04441,2026-03-21,YouTube,Social Anxiety,Short,Visual,Confession,43,151615,10326,10280,893,1422,1866,0.584,605,9.538,1.312,9.5489,0.06719629324275303,Viral
C03694,2026-03-21,Instagram,Friendship,Short,Visual,Question,34,4573,67356,363,56,57,51,0.57,21,11.524,0.895,11.7756,0.06779160288650776,Viral
C02347,2026-03-21,Instagram,Friendship,Short,Text,Confession,23,47939,140763,1905,221,272,230,0.548,108,5.482,0.846,5.3401,0.059484077682054284,Non-Viral
C03607,2026-03-21,YouTube,Family Pressure,Short,Text,Story,35,18812,148650,1130,137,222,156,0.492,69,8.744,0.703,9.2946,0.058090601743567935,Non-Viral
C01388,2026-03-21,YouTube,College Life,Long,Visual,Advice,45,54631,24115,1239,94,111,181,0.411,48,2.975,1.631,2.6642,0.043266352437260895,Non-Viral
C00632,2026-03-21,YouTube,Career Stress,Short,Visual,List,33,114973,60626,2348,279,247,342,0.549,68,2.797,1.385,2.6245,0.0571231306480652,Non-Viral
C00066,2026-03-21,Instagram,Friendship,Long,Text,Confession,28,40462,240749,1388,140,60,169,0.317,60,4.342,2.817,3.5144,0.03413932578715832,Non-Viral
C01095,2026-03-21,Instagram,Dating,Short,Text,Question,37,73245,231044,8473,393,1213,500,0.546,151,14.443,0.412,12.9224,0.06490514028261316,Non-Viral
C01915,2026-03-21,Instagram,Career Stress,Long,Text,Confession,39,149638,13632,4823,413,665,350,0.498,187,4.177,0.526,3.8266,0.05291551878533528,Non-Viral
C04338,2026-03-21,Instagram,College Life,Long,Text,Advice,25,24375,7155,827,58,74,119,0.397,22,4.423,1.608,3.9405,0.042887692307692314,Non-Viral
C04041,2026-03-21,YouTube,Family Pressure,Short,Visual,Advice,39,27787,64005,3050,95,289,184,0.735,86,13.02,0.637,10.4455,0.08067961636736604,Viral
C02537,2026-03-21,YouTube,Social Anxiety,Short,Text,Story,8,55336,26598,8000,519,1176,307,0.481,226,18.075,0.261,16.1206,0.06073463206592454,Non-Viral
C00646,2026-03-21,Instagram,Career Stress,Short,Visual,Confession,32,82233,201284,6355,347,792,366,0.621,143,9.558,0.462,8.2765,0.06840221443945861,Viral
C04151,2026-03-21,YouTube,Social Anxiety,Short,Visual,Advice,12,53263,48717,4501,609,880,787,0.498,164,12.724,0.894,13.852,0.06338259955316074,Non-Viral
C04257,2026-03-21,YouTube,Career Stress,Short,Visual,List,68,137169,209087,10398,717,1204,598,0.553,465,9.417,0.497,8.0794,0.061341817028628925,Non-Viral
C04256,2026-03-21,Instagram,Career Stress,Long,Visual,Story,40,168002,52585,10069,1840,1056,2528,0.595,888,9.222,2.394,9.5347,0.06848560731419864,Viral
C02151,2026-03-21,YouTube,Dating,Short,Text,Advice,37,101345,202001,4694,337,688,360,0.564,74,5.998,0.523,5.5617,0.061019369480487445,Non-Viral
C02921,2026-03-21,Instagram,Friendship,Short,Visual,Confession,37,63646,49839,5157,301,711,806,0.5,273,10.959,1.134,10.6448,0.05953555604437043,Non-Viral
C04744,2026-03-21,YouTube,Family Pressure,Short,Visual,Question,36,95645,109140,7937,824,923,904,0.551,355,11.07,0.979,10.2269,0.06357038527889593,Non-Viral
C03043,2026-03-21,Instagram,Career Stress,Short,Visual,Advice,31,85263,18929,8800,788,1116,659,0.497,487,13.327,0.591,12.0193,0.05929501776855142,Non-Viral
C02307,2026-03-21,Instagram,Friendship,Short,Visual,Question,52,2284,132344,233,24,26,20,0.422,4,13.266,0.769,11.8433,0.051525744308231175,Non-Viral
C00294,2026-03-22,YouTube,Social Anxiety,Short,Visual,Confession,15,88617,157253,12602,1163,1624,1460,0.503,537,19.013,0.899,17.8719,0.06545792680862589,Non-Viral
C04653,2026-03-22,YouTube,Family Pressure,Short,Visual,Story,45,161212,53399,14372,609,2175,699,0.635,274,11.075,0.321,9.9388,0.07143861499143984,Viral
C03623,2026-03-22,YouTube,Burnout,Long,Visual,Advice,16,6354,115871,168,22,29,23,0.457,9,3.809,0.793,3.9345,0.04935911237016053,Non-Viral
C02069,2026-03-22,Instagram,Social Anxiety,Short,Visual,Advice,47,59229,237271,4829,417,531,405,0.472,121,10.437,0.763,9.1898,0.05434177176720863,Non-Viral
C01905,2026-03-22,Instagram,College Life,Short,Visual,Confession,54,159599,65819,18383,1341,2108,589,0.551,603,14.048,0.279,11.72,0.06341114230039037,Non-Viral
C02650,2026-03-22,Instagram,College Life,Short,Text,List,32,85451,45968,5826,246,802,377,0.559,302,8.486,0.47,7.5388,0.0618788650805725,Non-Viral
C00254,2026-03-22,Instagram,College Life,Short,Visual,Story,41,94342,185209,5652,722,510,898,0.618,252,8.249,1.761,7.6689,0.06823615780882322,Viral
C01514,2026-03-22,Instagram,Family Pressure,Short,Text,Advice,40,92626,176952,4341,452,666,253,0.546,128,6.167,0.38,5.7786,0.05938699285297865,Non-Viral
C04951,2026-03-22,Instagram,College Life,Long,Text,Advice,53,96345,160697,6258,626,784,719,0.456,295,8.705,0.917,8.1561,0.052475291919663714,Non-Viral
C01145,2026-03-22,Instagram,College Life,Short,Text,List,30,126724,234976,3949,119,545,248,0.456,205,3.836,0.455,3.3806,0.048263268204917775,Non-Viral
C01494,2026-03-22,Instagram,Dating,Short,Text,Question,17,46206,189127,2447,215,169,186,0.573,47,6.529,1.101,5.2482,0.06085148681989352,Non-Viral
C04818,2026-03-22,YouTube,Career Stress,Long,Visual,Story,42,66648,242512,2451,326,291,160,0.454,92,4.843,0.55,4.3625,0.04881870723802665,Non-Viral
C04497,2026-03-22,YouTube,Friendship,Long,Visual,Advice,49,99153,150605,7451,329,802,854,0.399,492,9.517,1.065,8.4042,0.04662143051647454,Non-Viral
C02576,2026-03-22,Instagram,Burnout,Short,Visual,List,30,173818,78246,6945,899,1133,1382,0.521,301,5.96,1.22,6.3193,0.05819430553797651,Non-Viral
C03772,2026-03-22,Instagram,Self-Doubt,Short,Visual,Story,42,99799,218702,7734,550,763,886,0.653,290,9.953,1.161,8.7706,0.07223043016463092,Viral
C00077,2026-03-22,YouTube,Social Anxiety,Short,Visual,Advice,37,34202,90992,1170,125,169,198,0.622,47,4.859,1.172,4.8988,0.06670850827436993,Viral
C03574,2026-03-22,Instagram,Family Pressure,Long,Text,Story,40,14297,75638,557,98,105,85,0.463,20,5.91,0.81,6.3685,0.0524166678324124,Non-Viral
C01777,2026-03-22,Instagram,Self-Doubt,Short,Text,Advice,37,80122,178838,4064,206,244,322,0.534,94,6.036,1.32,4.6392,0.05636173335663114,Non-Viral
C04925,2026-03-22,YouTube,Self-Doubt,Short,Visual,Confession,40,152812,45727,9315,898,1007,983,0.715,330,7.986,0.976,7.1928,0.077276706017852,Viral
C03522,2026-03-22,YouTube,College Life,Long,Visual,Story,29,23064,55016,1072,103,173,116,0.495,76,6.348,0.671,6.25,0.055054110301768995,Non-Viral
C03659,2026-03-23,Instagram,College Life,Short,Visual,Question,28,164645,56738,9731,549,1611,1651,0.489,687,8.225,1.025,8.3962,0.056811567311488356,Non-Viral
C04100,2026-03-23,Instagram,Dating,Short,Visual,Advice,46,83693,131106,8501,562,1265,689,0.536,179,13.164,0.545,12.2669,0.06387863740097739,Non-Viral
C02160,2026-03-23,Instagram,Dating,Long,Text,List,36,167520,114119,8119,934,584,1351,0.469,523,6.559,2.313,5.9184,0.05172449856733524,Non-Viral
C00738,2026-03-23,Instagram,Self-Doubt,Short,Text,Advice,24,84209,230413,5081,560,1180,452,0.526,393,8.637,0.383,9.2918,0.06151353655785012,Non-Viral
C03996,2026-03-23,Instagram,Social Anxiety,Short,Text,List,57,172921,188672,11893,1209,1136,672,0.536,210,8.622,0.592,7.2357,0.05877085836885052,Non-Viral
C04413,2026-03-23,YouTube,Friendship,Short,Visual,List,35,65130,92095,6051,691,911,747,0.628,140,12.897,0.82,12.7269,0.07412657761400276,Viral
C02367,2026-03-23,Instagram,Career Stress,Long,Text,Confession,29,62342,124410,2965,209,226,542,0.446,93,6.323,2.398,5.7072,0.049342388758782205,Non-Viral
C00169,2026-03-23,Instagram,Friendship,Long,Visual,Question,27,126447,111280,9955,1044,753,1310,0.498,316,10.33,1.74,9.0334,0.056826263968302926,Non-Viral
C04389,2026-03-23,Instagram,College Life,Short,Visual,Question,42,178525,146930,10462,639,916,976,0.559,559,7.278,1.066,6.0997,0.06038592634084863,Non-Viral
C03827,2026-03-23,YouTube,Self-Doubt,Short,Text,Confession,56,77097,201966,1452,104,240,83,0.435,109,2.437,0.346,2.2932,0.04542614498618624,Non-Viral
C01511,2026-03-23,Instagram,Family Pressure,Short,Visual,List,60,25117,222918,1180,40,67,125,0.565,45,5.622,1.866,4.3835,0.05943227694390253,Non-Viral
C03434,2026-03-23,Instagram,College Life,Long,Text,Story,41,7166,227468,397,29,30,22,0.466,13,6.67,0.733,5.247,0.05001194529723695,Non-Viral
C00371,2026-03-23,Instagram,Burnout,Short,Text,Story,13,120611,217377,13538,1351,1020,937,0.531,426,13.967,0.919,11.3833,0.060916451235791105,Non-Viral
C00487,2026-03-23,Instagram,Burnout,Short,Visual,Advice,33,11215,206329,445,24,26,44,0.519,17,4.806,1.692,3.7851,0.05444123941150245,Non-Viral
C04777,2026-03-23,Instagram,Family Pressure,Long,Visual,Advice,59,19590,219465,744,68,107,156,0.525,42,5.487,1.458,5.6508,0.057867534456355285,Non-Viral
C03395,2026-03-23,Instagram,Career Stress,Short,Visual,Question,45,115577,44280,6227,699,910,317,0.553,270,7.054,0.348,6.5117,0.06057310797130918,Non-Viral
C01069,2026-03-23,YouTube,Friendship,Short,Visual,Confession,40,67772,49057,4709,686,886,826,0.636,112,10.487,0.932,11.352,0.07465766393200732,Viral
C04049,2026-03-23,YouTube,College Life,Short,Visual,Confession,34,35044,94126,2750,117,389,112,0.661,91,9.611,0.288,8.3937,0.07255474260929118,Viral
C03770,2026-03-23,Instagram,Friendship,Short,Text,Story,26,26202,172319,1627,135,125,134,0.507,41,7.713,1.072,6.3316,0.05515385848408519,Non-Viral
C04241,2026-03-23,Instagram,Social Anxiety,Short,Text,Question,40,85343,154610,6014,188,861,805,0.65,319,9.219,0.935,8.767,0.07270010428506146,Viral
C02637,2026-03-23,Instagram,Dating,Short,Visual,Confession,55,68989,44920,2325,105,334,330,0.484,53,4.485,0.988,4.3224,0.052241916827320295,Non-Viral
C02204,2026-03-23,Instagram,Social Anxiety,Long,Visual,List,36,153461,141187,16712,657,1026,2265,0.624,608,13.463,2.208,11.0448,0.07047859977453555,Viral
C01030,2026-03-23,Instagram,Social Anxiety,Long,Visual,Advice,46,76765,27481,6924,533,337,1121,0.513,203,11.613,3.326,9.789,0.05869790269002801,Non-Viral
C01142,2026-03-24,Instagram,Friendship,Short,Visual,List,41,96423,86470,7791,553,953,383,0.559,311,10.039,0.402,8.6598,0.062399486637005695,Non-Viral
C04218,2026-03-24,YouTube,College Life,Short,Text,Confession,39,152013,168385,10619,1350,1454,1359,0.531,636,9.724,0.935,9.4824,0.06141836750804208,Non-Viral
C03251,2026-03-24,Instagram,Friendship,Long,Visual,Confession,38,106132,189290,6521,640,335,922,0.435,346,7.932,2.752,6.661,0.04843112350657672,Non-Viral
C00627,2026-03-24,Instagram,Self-Doubt,Short,Visual,List,34,80779,171069,2460,391,143,168,0.668,172,3.914,1.175,3.1958,0.06894659750677776,Viral
C01176,2026-03-24,YouTube,Dating,Short,Text,List,34,83001,55810,6927,420,286,727,0.513,226,10.072,2.542,7.7174,0.05623728991216974,Non-Viral
C01782,2026-03-24,Instagram,Burnout,Short,Text,List,35,16923,95961,1017,121,184,143,0.449,68,8.657,0.777,9.0291,0.053400265910299595,Non-Viral
C04968,2026-03-24,Instagram,Self-Doubt,Short,Visual,Advice,29,143720,218669,12902,528,935,2079,0.757,342,11.442,2.224,9.8845,0.08351832730308935,Viral
C03729,2026-03-24,Instagram,Social Anxiety,Short,Visual,List,23,132810,190676,10157,1814,2211,724,0.565,337,11.224,0.327,11.9573,0.06767573977863112,Viral
C02461,2026-03-24,Instagram,Social Anxiety,Long,Text,Story,25,52037,115848,4272,157,321,435,0.538,150,9.964,1.355,8.0798,0.059536303015162294,Non-Viral
C01160,2026-03-24,Instagram,College Life,Short,Text,Story,30,77450,114128,4638,633,400,967,0.472,212,8.571,2.418,8.2666,0.05449567462879277,Non-Viral
C03487,2026-03-24,Instagram,Family Pressure,Short,Text,List,46,134955,42919,9187,453,564,361,0.567,278,7.829,0.64,5.696,0.059886617761476045,Non-Viral
C01974,2026-03-24,Instagram,College Life,Short,Visual,Confession,29,80018,74924,6222,654,718,303,0.63,253,9.869,0.422,8.5631,0.06939981004274039,Viral
C01900,2026-03-24,YouTube,Family Pressure,Long,Visual,Question,31,53157,12151,4049,393,463,192,0.346,268,9.589,0.415,8.2529,0.04071208307466561,Non-Viral
C04566,2026-03-24,YouTube,Burnout,Short,Text,List,28,128172,192459,10364,540,956,660,0.541,522,9.768,0.69,7.9425,0.05963318977623819,Non-Viral
C04462,2026-03-24,Instagram,Career Stress,Short,Text,Confession,56,137713,187680,4927,541,874,771,0.425,117,5.165,0.882,5.4018,0.04762478850943629,Non-Viral
C04254,2026-03-24,YouTube,Dating,Short,Visual,Question,37,101246,61536,11729,867,1466,764,0.504,481,14.644,0.521,12.9299,0.06046410129782905,Non-Viral
C01771,2026-03-24,YouTube,Career Stress,Short,Text,List,27,94374,135426,3766,436,208,437,0.465,227,5.136,2.101,4.2755,0.04957393985631636,Non-Viral
C03085,2026-03-24,YouTube,Burnout,Short,Text,Confession,36,154700,13959,10185,1174,1498,880,0.544,449,8.88,0.587,8.4729,0.061602327084680025,Non-Viral
C02323,2026-03-24,YouTube,Friendship,Short,Text,Story,65,131922,5325,10018,566,1130,573,0.528,504,9.314,0.507,7.8789,0.058601155228089334,Non-Viral
C03597,2026-03-24,Instagram,Dating,Short,Visual,Question,53,3315,109696,283,11,20,21,0.574,6,10.106,1.05,7.8431,0.0625131221719457,Non-Viral
C00199,2026-03-24,Instagram,Friendship,Short,Visual,Question,30,15126,151498,851,42,123,42,0.575,52,6.995,0.341,6.2244,0.06240876636255454,Non-Viral
C03986,2026-03-24,YouTube,College Life,Short,Visual,Confession,39,87224,207435,2697,89,198,228,0.53,106,3.682,1.152,2.9029,0.05495874988535266,Non-Viral
C04940,2026-03-24,YouTube,Self-Doubt,Short,Visual,List,37,21619,131491,1136,207,117,235,0.526,36,7.84,2.009,7.8611,0.059732614829548086,Non-Viral
C04889,2026-03-24,Instagram,Friendship,Long,Visual,Confession,47,5324,193957,362,25,21,30,0.562,8,8.227,1.429,6.4144,0.06036979714500376,Non-Viral
C01793,2026-03-25,Instagram,Burnout,Short,Visual,Story,28,129127,172960,5732,278,784,1130,0.6,247,6.137,1.441,6.1141,0.06568045412655757,Non-Viral
C02485,2026-03-25,Instagram,Burnout,Short,Text,Question,50,37904,60083,3276,176,158,134,0.466,170,9.878,0.848,6.9755,0.050232861967074716,Non-Viral
C03091,2026-03-25,Instagram,Social Anxiety,Short,Text,Advice,43,91949,149881,3620,116,486,214,0.577,135,4.824,0.44,4.2089,0.06096594090202177,Non-Viral
C02030,2026-03-25,Instagram,Friendship,Short,Text,Advice,8,133532,191365,3735,135,497,306,0.552,228,3.5,0.616,3.1251,0.057714004133840584,Non-Viral
C03213,2026-03-25,YouTube,Career Stress,Short,Visual,Story,36,21277,63903,1584,94,96,65,0.648,68,8.643,0.677,6.3496,0.06840953141890305,Viral
C03174,2026-03-25,Instagram,Career Stress,Short,Text,List,33,31461,88706,2310,99,94,171,0.466,103,8.499,1.819,6.1266,0.05004712501191952,Non-Viral
C00991,2026-03-25,Instagram,Social Anxiety,Short,Visual,Question,33,80424,129685,8521,398,390,1078,0.609,544,12.915,2.764,10.1754,0.06784568785437184,Viral
C02491,2026-03-25,Instagram,Burnout,Short,Text,Advice,37,42748,8117,1643,217,104,365,0.49,152,5.448,3.51,5.1207,0.05341775053803687,Non-Viral
C04500,2026-03-25,YouTube,Dating,Long,Text,Confession,30,130263,169448,8355,576,1246,1610,0.42,463,9.049,1.292,9.2117,0.05067552566730384,Non-Viral
C01978,2026-03-25,Instagram,Family Pressure,Short,Text,List,22,159522,229269,9101,573,1225,1276,0.511,709,7.632,1.042,7.2949,0.05749410238086283,Non-Viral
C02074,2026-03-25,Instagram,Social Anxiety,Short,Visual,Confession,30,155689,105170,9275,663,1265,729,0.697,402,7.664,0.576,6.9915,0.07539982465042488,Viral
C01330,2026-03-25,Instagram,Friendship,Long,Visual,Advice,51,108834,37079,6883,520,1168,993,0.485,135,8.788,0.85,8.9232,0.0567832570704008,Non-Viral
C01357,2026-03-25,YouTube,Burnout,Short,Text,List,52,169306,66311,6143,342,546,365,0.401,89,4.368,0.668,3.5158,0.04250097811063991,Non-Viral
C00197,2026-03-25,YouTube,Self-Doubt,Short,Text,Advice,31,126498,89262,7238,636,582,878,0.539,509,7.379,1.509,6.3835,0.058806796945406255,Non-Viral
C01372,2026-03-25,Instagram,College Life,Short,Text,Story,23,10606,164215,304,34,55,29,0.494,6,3.979,0.527,4.0166,0.05303473505562889,Non-Viral
C02740,2026-03-25,Instagram,Burnout,Long,Visual,Advice,48,145046,114891,14657,969,1153,1093,0.645,453,12.322,0.948,9.9465,0.07133989906650304,Viral
C01647,2026-03-25,Instagram,Family Pressure,Short,Text,Question,28,133722,125215,6454,568,780,643,0.475,393,6.315,0.824,5.762,0.05220453627675327,Non-Viral
C02327,2026-03-25,Instagram,Career Stress,Short,Text,Confession,49,172050,203746,10625,1678,2247,568,0.463,752,8.787,0.253,9.129,0.05463042720139495,Non-Viral
C04203,2026-03-25,YouTube,Family Pressure,Long,Visual,Confession,8,55532,108656,3558,238,517,716,0.537,114,9.056,1.385,9.2181,0.06240038896492113,Non-Viral
C01711,2026-03-25,YouTube,Burnout,Short,Visual,Question,45,119702,166496,13848,429,815,1714,0.715,640,14.04,2.103,11.2283,0.07939711115937911,Viral
C04066,2026-03-25,YouTube,College Life,Short,Text,Advice,11,43510,231784,3082,332,444,134,0.488,166,9.175,0.302,8.3636,0.0554605378074006,Non-Viral
C04783,2026-03-25,Instagram,Family Pressure,Short,Visual,Confession,30,125076,110966,11805,417,2020,1769,0.608,338,12.801,0.876,12.893,0.07281069749592248,Viral
C04901,2026-03-25,Instagram,College Life,Long,Visual,Advice,34,47768,59959,2193,102,303,383,0.465,166,6.241,1.264,6.1223,0.052080095461396754,Non-Viral
C04439,2026-03-25,Instagram,Social Anxiety,Short,Visual,List,38,80331,75599,7282,1040,743,689,0.61,222,12.142,0.927,10.9646,0.06967722298987937,Viral
C04192,2026-03-25,Instagram,Friendship,Long,Visual,List,39,138931,59868,8345,967,1437,704,0.535,160,8.244,0.49,8.1638,0.060718691292800026,Non-Viral
C04255,2026-03-25,Instagram,Social Anxiety,Long,Visual,Story,39,152737,54428,6493,800,644,990,0.481,154,5.845,1.537,5.4725,0.05272756241120358,Non-Viral
C04229,2026-03-26,YouTube,Career Stress,Long,Text,Question,24,23896,120162,1356,88,90,113,0.432,76,6.892,1.256,5.4653,0.04686588550385002,Non-Viral
C04176,2026-03-26,Instagram,Self-Doubt,Short,Visual,Question,19,160194,90367,12091,1223,737,794,0.558,513,9.267,1.077,7.2905,0.060502423311734534,Non-Viral
C01383,2026-03-26,YouTube,College Life,Short,Text,Advice,40,40018,132650,1488,174,155,213,0.579,39,5.073,1.374,4.7379,0.061891953620870604,Non-Viral
C01236,2026-03-26,YouTube,Career Stress,Short,Visual,Advice,42,46925,244301,5423,205,674,731,0.471,171,14.988,1.085,13.8583,0.05889222163026106,Non-Viral
C03558,2026-03-26,Instagram,Career Stress,Long,Visual,Confession,34,102893,88571,4309,403,713,357,0.45,353,5.619,0.501,5.4542,0.04974667858843654,Non-Viral
C02425,2026-03-26,Instagram,Friendship,Short,Text,Advice,36,160446,171454,8056,563,764,1568,0.512,261,6.825,2.052,6.4199,0.05680094985228675,Non-Viral
C04313,2026-03-26,Instagram,Social Anxiety,Long,Text,Story,34,46026,86016,1277,61,311,271,0.423,41,4.172,0.871,4.7908,0.04730586624951115,Non-Viral
C00268,2026-03-26,YouTube,Self-Doubt,Short,Visual,Story,33,153091,156596,10844,1074,1405,999,0.591,494,9.355,0.711,8.6524,0.06623987105708369,Non-Viral
C01592,2026-03-26,YouTube,Friendship,Short,Text,Story,50,87992,176800,6828,572,863,280,0.462,246,9.709,0.324,8.4337,0.05254319029002637,Non-Viral
C03510,2026-03-26,YouTube,Family Pressure,Long,Text,Confession,17,133018,155810,4991,530,696,464,0.375,111,5.023,0.667,4.7411,0.04149870694191764,Non-Viral
C03454,2026-03-26,Instagram,College Life,Short,Text,Advice,44,174245,10087,5686,220,682,555,0.454,174,4.099,0.814,3.6322,0.048306252690177624,Non-Viral
C00139,2026-03-26,YouTube,Friendship,Short,Text,Story,20,95200,27700,9588,313,1356,843,0.517,194,12.71,0.622,11.573,0.0612593487394958,Non-Viral
C03717,2026-03-26,Instagram,Self-Doubt,Short,Visual,Question,31,102857,228809,7779,957,1864,1713,0.596,206,11.971,0.919,13.9446,0.07414689520402112,Viral
C01407,2026-03-26,YouTube,Burnout,Short,Visual,Advice,40,58065,177158,2958,138,365,223,0.639,90,6.345,0.611,5.5576,0.06823738052182898,Viral
C04831,2026-03-26,Instagram,Friendship,Short,Text,Confession,42,98152,87140,6617,725,902,792,0.532,233,9.206,0.878,8.8495,0.060864133181188364,Non-Viral
C02590,2026-03-26,Instagram,Self-Doubt,Long,Visual,Confession,45,83384,58489,2942,153,291,327,0.54,142,4.453,1.124,3.8706,0.057022162525184696,Non-Viral
C01757,2026-03-26,Instagram,Friendship,Long,Visual,Story,29,97884,248267,6012,1087,1239,741,0.497,468,9.275,0.598,10.0481,0.05933283069756038,Non-Viral
C02998,2026-03-26,Instagram,College Life,Short,Text,Confession,19,136026,6283,3967,303,416,413,0.501,205,3.749,0.993,3.317,0.05272119006660492,Non-Viral
C02910,2026-03-26,YouTube,Friendship,Short,Text,Advice,46,82728,179571,2648,299,356,223,0.479,68,4.262,0.626,3.9727,0.05118727879315346,Non-Viral
C01312,2026-03-26,Instagram,College Life,Short,Text,List,31,151135,36631,2904,271,398,484,0.602,70,2.684,1.216,2.6602,0.06261472855394185,Non-Viral
C03021,2026-03-26,Instagram,Burnout,Long,Text,Advice,19,152065,54180,12429,1232,762,517,0.411,205,9.825,0.678,7.4853,0.04559018511820603,Non-Viral
C04011,2026-03-27,YouTube,Family Pressure,Long,Visual,Advice,25,9459,202970,493,67,39,59,0.494,37,6.956,1.513,6.1529,0.054189089755788136,Non-Viral
C02282,2026-03-27,YouTube,Career Stress,Long,Text,List,25,75285,234391,1638,194,336,252,0.352,116,3.214,0.75,3.4828,0.038599083482765494,Non-Viral
C04517,2026-03-27,Instagram,Family Pressure,Short,Visual,Advice,29,41819,73215,1226,70,256,171,0.56,65,4.12,0.668,4.3712,0.06023252588536312,Non-Viral
C04267,2026-03-27,YouTube,Burnout,Long,Text,Question,28,45027,35422,1382,85,193,114,0.502,64,3.94,0.591,3.6101,0.05317155040309148,Non-Viral
C03406,2026-03-27,YouTube,Friendship,Short,Text,List,23,65674,199574,3711,549,302,287,0.652,339,7.383,0.95,6.3328,0.06983425404269575,Viral
C02585,2026-03-27,YouTube,Dating,Short,Visual,Story,42,76848,245955,3348,377,397,374,0.544,190,5.851,0.942,5.4374,0.058920612117426614,Non-Viral
C04245,2026-03-27,Instagram,Friendship,Short,Text,Question,36,178890,97110,9941,940,767,1371,0.499,159,7.278,1.787,6.3858,0.054916770082173404,Non-Viral
C04739,2026-03-27,Instagram,Social Anxiety,Short,Visual,Story,26,112279,240506,8904,505,880,423,0.516,307,9.541,0.481,7.7445,0.0569318073727055,Non-Viral
C00979,2026-03-27,YouTube,Friendship,Short,Visual,Advice,39,64959,66556,6153,615,284,868,0.722,300,12.192,3.056,10.1402,0.07959620375929433,Viral
C04350,2026-03-27,YouTube,Friendship,Long,Text,Question,46,151113,160054,6520,505,935,945,0.523,178,5.893,1.011,5.7656,0.05746170018463005,Non-Viral
C04630,2026-03-27,Instagram,College Life,Short,Text,List,14,134446,95141,8649,382,1251,867,0.424,268,8.293,0.693,7.7239,0.048947982089463424,Non-Viral
C01363,2026-03-27,YouTube,College Life,Long,Text,Question,33,26953,37215,940,147,60,179,0.489,61,4.92,2.983,4.5579,0.0527121915927726,Non-Viral
C04383,2026-03-27,Instagram,Social Anxiety,Long,Visual,Story,44,33466,153637,2773,268,180,226,0.518,71,10.3,1.256,8.3084,0.057447522859021105,Non-Viral
C03854,2026-03-27,Instagram,Dating,Short,Text,Story,23,115343,50307,9277,797,447,1053,0.539,516,10.034,2.356,8.0464,0.0594191905880721,Non-Viral
C00521,2026-03-28,Instagram,Family Pressure,Long,Visual,Question,37,2197,111615,60,3,6,10,0.466,2,3.596,1.667,3.3,0.04939927173418298,Non-Viral
C02490,2026-03-28,Instagram,Self-Doubt,Short,Text,List,27,169674,244642,5175,310,394,696,0.411,410,3.875,1.766,3.3161,0.043649595105908975,Non-Viral
C00044,2026-03-28,Instagram,Career Stress,Short,Visual,Advice,29,37272,156848,2170,214,249,238,0.649,100,7.703,0.956,7.0536,0.0706831616226658,Viral
C03054,2026-03-28,Instagram,Family Pressure,Short,Visual,List,35,129405,150690,4133,445,386,469,0.67,277,4.198,1.215,3.7325,0.06994540396429814,Viral
C01831,2026-03-28,Instagram,Career Stress,Short,Visual,Question,33,71950,232130,3538,209,552,455,0.592,61,6.607,0.824,6.4607,0.06498526754690757,Non-Viral
C02885,2026-03-28,Instagram,Career Stress,Long,Visual,Advice,56,34582,11257,2373,289,334,125,0.531,70,9.025,0.374,8.3049,0.059784113122433646,Non-Viral
C04174,2026-03-28,Instagram,Career Stress,Short,Visual,Story,49,136220,126955,12779,401,1100,1153,0.608,637,11.329,1.048,9.2475,0.0674146674497137,Viral
C03407,2026-03-28,Instagram,Career Stress,Short,Visual,List,25,166991,246112,10021,565,1082,1074,0.669,379,7.63,0.993,6.7381,0.07225268367756346,Viral
C04442,2026-03-28,Instagram,Burnout,Short,Visual,Story,32,105673,41332,4615,471,491,507,0.592,234,5.757,1.033,5.2057,0.06339880196455103,Non-Viral
C00998,2026-03-29,YouTube,Dating,Long,Visual,Story,36,17474,70386,441,51,122,97,0.527,33,4.069,0.795,4.9044,0.057944935332493994,Non-Viral
C02759,2026-03-29,Instagram,Career Stress,Short,Visual,Advice,22,154317,169668,6453,241,1014,831,0.581,157,5.533,0.82,5.3734,0.06290666420420303,Non-Viral
C03465,2026-03-29,YouTube,Family Pressure,Short,Text,Advice,63,77932,25038,2854,157,317,185,0.523,63,4.508,0.584,3.8283,0.05514478776369143,Non-Viral
C02053,2026-03-29,Instagram,Social Anxiety,Short,Text,Confession,33,148227,164015,7813,951,1001,877,0.47,466,7.18,0.876,6.8071,0.05277627557732397,Non-Viral
C01927,2026-03-29,Instagram,Career Stress,Short,Text,Confession,36,136062,56399,7082,586,921,1308,0.486,252,7.274,1.42,7.2019,0.05517604621422587,Non-Viral
C01925,2026-03-29,Instagram,Self-Doubt,Short,Text,Story,17,38641,137386,1438,93,145,169,0.66,46,4.775,1.166,4.2222,0.06936171424134986,Viral
C03857,2026-03-29,Instagram,Dating,Long,Visual,Advice,41,23362,78913,650,64,112,103,0.63,21,3.977,0.92,4.1221,0.06689093399537711,Viral
C01572,2026-03-29,Instagram,Dating,Long,Text,List,29,159311,70137,6633,805,784,458,0.478,284,5.448,0.584,4.8911,0.0516349517610209,Non-Viral
C02486,2026-03-29,Instagram,Dating,Short,Visual,Question,43,68364,198828,7415,556,769,352,0.545,407,13.299,0.458,11.0475,0.06232648762506583,Non-Viral
C03131,2026-03-29,Instagram,Career Stress,Short,Visual,Advice,35,129148,95091,6887,785,753,527,0.484,313,6.932,0.7,6.1433,0.05315965558893672,Non-Viral
C04786,2026-03-29,YouTube,Social Anxiety,Short,Visual,List,33,103701,82552,9946,952,1323,1593,0.445,482,13.321,1.204,13.0722,0.05622650215523477,Non-Viral
C00194,2026-03-29,YouTube,Career Stress,Short,Visual,Advice,8,72858,76676,5959,316,559,585,0.542,318,10.183,1.047,8.6476,0.060711982211973985,Non-Viral
C03848,2026-03-29,YouTube,Dating,Short,Text,Advice,32,111669,83766,5385,667,555,358,0.572,353,6.237,0.645,5.4393,0.061294242806866725,Non-Viral
C01685,2026-03-29,YouTube,Career Stress,Long,Visual,Confession,38,93385,227098,8537,673,635,1059,0.433,239,11.676,1.668,9.9598,0.050842967285966705,Non-Viral
C04182,2026-03-29,YouTube,Burnout,Long,Visual,Confession,34,170203,102138,8289,1095,521,831,0.486,481,6.308,1.595,5.2949,0.05240721843915795,Non-Viral
C01699,2026-03-29,Instagram,Social Anxiety,Long,Text,Advice,23,179128,240286,10613,332,1947,1230,0.449,608,7.884,0.632,7.8745,0.05212918806663392,Non-Viral
C03086,2026-03-29,YouTube,Career Stress,Long,Visual,Question,19,169319,19669,7792,549,1198,602,0.588,159,5.989,0.503,5.621,0.06353691670751657,Non-Viral
C02850,2026-03-29,Instagram,Friendship,Short,Visual,Story,35,26394,148733,1117,35,48,66,0.463,70,4.797,1.375,3.3606,0.04806744714707889,Non-Viral
C02827,2026-03-29,Instagram,Burnout,Long,Visual,Question,52,23554,12964,927,60,58,89,0.515,11,4.814,1.534,3.8444,0.05412375817270952,Non-Viral
C00765,2026-03-29,Instagram,Social Anxiety,Short,Visual,Advice,42,46357,179647,4025,298,687,382,0.509,214,11.631,0.556,11.3996,0.06100526997001532,Non-Viral
C02562,2026-03-29,Instagram,Self-Doubt,Short,Text,List,35,103731,41537,4972,311,398,642,0.385,169,6.096,1.613,5.2352,0.04253302773519971,Non-Viral
C03711,2026-03-29,Instagram,Dating,Short,Visual,Question,56,7209,5919,446,48,101,63,0.524,30,9.127,0.624,10.043,0.0623250936329588,Non-Viral
C02191,2026-03-30,Instagram,Career Stress,Short,Text,Question,25,110931,226786,7283,789,527,724,0.439,285,8.404,1.374,7.0801,0.04906266868593991,Non-Viral
C02441,2026-03-30,YouTube,Friendship,Long,Visual,List,33,158348,82002,10873,615,1143,827,0.382,410,8.499,0.724,7.2259,0.043597605274458794,Non-Viral
C02145,2026-03-30,Instagram,College Life,Short,Text,Question,60,167310,54138,7985,422,936,634,0.488,356,5.963,0.677,5.2008,0.05283263403263404,Non-Viral
C03115,2026-03-30,Instagram,Dating,Short,Visual,Question,32,95747,18579,8388,259,501,913,0.542,266,10.508,1.822,8.2629,0.059821063845342415,Non-Viral
C02201,2026-03-30,YouTube,Family Pressure,Long,Text,Advice,16,172347,117011,3927,292,638,562,0.417,194,3.144,0.881,3.1561,0.04459822277150168,Non-Viral
C00301,2026-03-30,YouTube,Burnout,Short,Visual,Story,32,22881,227455,1937,210,365,97,0.658,105,11.402,0.266,11.243,0.07562693064114331,Viral
C02763,2026-03-30,Instagram,Career Stress,Short,Text,Confession,37,62753,135479,1948,174,230,395,0.515,108,4.377,1.717,4.3265,0.0554535958440234,Non-Viral
C03237,2026-03-30,Instagram,College Life,Short,Text,Question,34,172355,54304,5088,525,1026,794,0.471,380,4.313,0.774,4.6401,0.051617710539293905,Non-Viral
C01773,2026-03-30,YouTube,Dating,Short,Text,Advice,40,175860,43515,9632,1066,930,570,0.532,462,6.936,0.613,5.8825,0.05746134425110884,Non-Viral
C01052,2026-03-30,Instagram,Friendship,Short,Visual,Confession,36,35365,231047,2423,343,371,445,0.523,211,10.129,1.199,10.5443,0.06225051604693907,Non-Viral
C00746,2026-03-30,Instagram,Career Stress,Short,Visual,Story,39,58590,65855,3213,380,393,422,0.668,204,7.523,1.074,7.1676,0.0729520737327189,Viral
C03101,2026-03-30,Instagram,Friendship,Short,Visual,List,9,39198,218312,2005,225,306,195,0.553,111,6.967,0.637,6.7554,0.061166370733200685,Non-Viral
C02893,2026-03-30,YouTube,College Life,Short,Text,Confession,8,115643,92172,7431,342,993,947,0.442,298,8.399,0.954,7.8703,0.05096435236028121,Non-Viral
C00053,2026-03-30,Instagram,Self-Doubt,Long,Visual,Story,37,107740,77550,8328,389,1395,632,0.51,254,9.972,0.453,9.464,0.059127900501206615,Non-Viral
C04750,2026-03-30,Instagram,Dating,Long,Text,Story,24,146222,161525,8738,941,1368,896,0.556,129,8.168,0.655,7.9855,0.06261365047667247,Non-Viral
C01360,2026-03-30,Instagram,Friendship,Short,Text,Story,52,47042,147293,2103,382,470,132,0.503,147,6.562,0.281,7.0118,0.0568558437141278,Non-Viral
C02356,2026-03-31,YouTube,Burnout,Short,Text,Advice,26,150703,157225,6492,752,618,661,0.632,435,5.655,1.07,5.0099,0.06710967664877276,Viral
C02696,2026-03-31,YouTube,Self-Doubt,Long,Text,Advice,26,89644,233852,3389,235,648,689,0.333,126,5.534,1.063,5.9892,0.039251876310740265,Non-Viral
C00393,2026-03-31,Instagram,Career Stress,Short,Text,Confession,33,129675,209840,7099,687,487,646,0.627,382,6.878,1.326,5.6549,0.06667917871602083,Viral
C01151,2026-03-31,Instagram,Social Anxiety,Short,Visual,List,40,50759,202814,3911,435,1064,795,0.636,170,12.224,0.747,14.559,0.07901697038948759,Viral
C01138,2026-03-31,Instagram,Dating,Long,Visual,Confession,45,101032,159045,7361,720,1774,1178,0.409,587,10.92,0.664,12.3114,0.05336832686673529,Non-Viral
C00630,2026-03-31,YouTube,Self-Doubt,Short,Visual,Advice,44,132438,235883,10992,453,1959,1842,0.569,602,11.512,0.94,11.8822,0.06824191093190776,Viral
C04486,2026-03-31,Instagram,Self-Doubt,Short,Text,Question,56,76119,36520,4032,219,923,721,0.392,306,7.744,0.781,8.6122,0.047929752098687585,Non-Viral
C02056,2026-03-31,YouTube,Burnout,Short,Visual,List,48,93966,197047,4337,406,733,516,0.628,267,6.377,0.704,6.3943,0.06860582338292574,Viral
C04950,2026-03-31,Instagram,Burnout,Short,Text,Confession,31,138737,59185,10583,815,940,1295,0.39,195,9.827,1.378,8.5947,0.0457303603220482,Non-Viral
C02587,2026-03-31,YouTube,Self-Doubt,Short,Text,List,32,121665,139207,5943,433,279,774,0.55,192,6.106,2.774,4.9365,0.05847429416841327,Non-Viral
C04947,2026-03-31,Instagram,Self-Doubt,Short,Text,Story,25,30303,43684,1935,175,248,108,0.49,32,8.138,0.435,7.227,0.05461825561825562,Non-Viral
C03108,2026-03-31,Instagram,Family Pressure,Short,Visual,Question,41,81896,25417,2637,367,381,556,0.646,133,4.812,1.459,5.0357,0.06940243235322849,Viral
C04093,2026-03-31,Instagram,Career Stress,Long,Visual,Story,48,91712,218331,6287,574,648,873,0.548,216,9.139,1.347,8.3899,0.06177400558269366,Non-Viral
C04478,2026-03-31,Instagram,Self-Doubt,Long,Visual,List,34,90755,36194,2728,230,188,300,0.437,136,3.797,1.596,3.1657,0.0460040052889648,Non-Viral
C00063,2026-03-31,YouTube,Family Pressure,Long,Visual,Advice,40,123409,133835,7658,414,835,1508,0.461,253,8.439,1.806,8.0796,0.053313817468742156,Non-Viral
C04676,2026-03-31,Instagram,Friendship,Short,Visual,Story,20,104037,73732,7060,594,487,1569,0.503,701,9.333,3.222,8.67,0.05778724011649702,Non-Viral
C02767,2026-03-31,Instagram,Social Anxiety,Short,Visual,Advice,26,72055,99195,4800,421,965,364,0.628,142,9.09,0.377,9.2353,0.07121856914856707,Viral
C03948,2026-03-31,Instagram,Social Anxiety,Short,Visual,Question,31,24107,137005,3688,176,566,390,0.562,126,19.994,0.689,19.0235,0.07271387563778156,Viral
C00628,2026-03-31,Instagram,Career Stress,Short,Text,Story,43,91239,36198,3560,465,590,681,0.449,243,5.805,1.154,6.1481,0.05081358958340184,Non-Viral
C02279,2026-03-31,Instagram,Dating,Short,Visual,List,33,79391,214212,3765,215,499,316,0.603,183,6.04,0.633,5.4591,0.06472871358214408,Non-Viral
C03011,2026-03-31,Instagram,Family Pressure,Short,Text,Question,19,83238,68794,7304,599,790,561,0.683,114,11.118,0.71,9.6621,0.07567223383550783,Viral
C04738,2026-03-31,Instagram,Dating,Short,Text,List,32,3363,18141,166,7,14,11,0.559,9,5.888,0.786,4.6833,0.05906681534344336,Non-Viral
C03677,2026-03-31,YouTube,Social Anxiety,Short,Text,Story,42,6285,235874,347,37,23,11,0.565,13,6.651,0.478,5.0915,0.05955489260143198,Non-Viral
C00201,2026-03-31,YouTube,Social Anxiety,Short,Visual,Story,33,12102,147606,1606,64,239,207,0.54,80,17.485,0.866,16.7741,0.0688116013882003,Viral
C01271,2026-03-31,YouTube,Social Anxiety,Short,Text,Confession,49,72023,141890,3980,302,330,391,0.438,213,6.946,1.185,5.8523,0.0481194535079072,Non-Viral
C00498,2026-04-01,Instagram,Career Stress,Long,Visual,Question,47,54512,135442,4191,145,431,249,0.389,85,9.202,0.578,7.5286,0.04422726739066628,Non-Viral
C00576,2026-04-01,YouTube,Family Pressure,Short,Visual,Confession,51,69966,145105,3100,109,509,261,0.547,89,5.687,0.513,5.3776,0.05932653288740246,Non-Viral
C02654,2026-04-01,Instagram,Burnout,Short,Text,Confession,29,143966,35685,8003,685,1228,257,0.37,347,7.066,0.209,6.4092,0.04208765958629121,Non-Viral
C03493,2026-04-01,YouTube,Friendship,Long,Visual,List,15,124830,223936,6010,882,305,1062,0.379,461,6.616,3.482,5.9016,0.04261160778658977,Non-Viral
C00022,2026-04-01,Instagram,Self-Doubt,Short,Text,List,14,40212,136434,2044,199,281,232,0.414,137,6.854,0.826,6.5341,0.0470177260519248,Non-Viral
C00374,2026-04-01,Instagram,Friendship,Short,Visual,Question,48,106351,33167,11097,770,706,474,0.618,310,12.268,0.671,9.1861,0.06721038636214047,Viral
C03025,2026-04-01,Instagram,Social Anxiety,Short,Text,Question,26,43578,65323,1748,160,378,197,0.467,143,5.698,0.521,6.0627,0.052510271237780536,Non-Viral
C01864,2026-04-01,YouTube,Social Anxiety,Long,Visual,Advice,35,107538,238603,4461,310,291,320,0.486,297,5.005,1.1,3.9135,0.05114282207219774,Non-Viral
C01937,2026-04-01,YouTube,Burnout,Long,Text,List,37,54149,51329,1653,54,71,224,0.378,62,3.697,3.155,2.8966,0.03978064599530924,Non-Viral
C04958,2026-04-01,YouTube,Social Anxiety,Short,Visual,List,31,116390,49754,8704,834,1438,1200,0.582,299,10.461,0.834,10.5825,0.06792763983160066,Viral
C00909,2026-04-01,Instagram,Self-Doubt,Long,Visual,Story,21,126484,17070,3966,230,360,954,0.476,336,4.356,2.65,4.2029,0.051416292969861804,Non-Viral
C03254,2026-04-01,YouTube,Career Stress,Short,Visual,List,41,28411,62424,2176,84,248,180,0.535,141,9.461,0.726,8.1588,0.059772218506916344,Non-Viral
C02415,2026-04-01,Instagram,Self-Doubt,Short,Text,Confession,21,97099,169898,5987,433,499,373,0.458,141,7.51,0.747,6.0619,0.04993392516915726,Non-Viral
C04171,2026-04-01,Instagram,Career Stress,Long,Text,Story,47,166306,135449,8817,332,680,524,0.444,331,6.225,0.771,4.8071,0.04748467523721333,Non-Viral
C01044,2026-04-01,Instagram,Career Stress,Short,Visual,Question,41,94819,26751,5505,304,1094,700,0.605,335,8.018,0.64,8.3216,0.06838765964627343,Viral
C00332,2026-04-01,Instagram,Friendship,Long,Text,Confession,38,151743,235881,11692,1155,743,1454,0.48,261,9.914,1.957,8.3796,0.054219726774875944,Non-Viral
C02407,2026-04-01,YouTube,Burnout,Short,Visual,Advice,35,115126,65305,11458,768,1446,1018,0.445,289,12.76,0.704,11.5135,0.053805456630126994,Non-Viral
C01967,2026-04-01,Instagram,Family Pressure,Long,Visual,List,46,5745,95210,268,39,76,62,0.284,13,7.746,0.816,9.4778,0.0386088772845953,Non-Viral
C04040,2026-04-01,YouTube,Dating,Short,Text,List,58,30607,35682,1982,195,155,172,0.569,89,8.181,1.11,6.8367,0.061820443035906815,Non-Viral
C03006,2026-04-01,Instagram,Friendship,Short,Text,Confession,34,89381,109681,3871,221,555,530,0.396,175,5.792,0.955,5.5851,0.0445440037591882,Non-Viral
C04345,2026-04-01,Instagram,Self-Doubt,Short,Text,Question,58,173568,147895,11123,1001,2730,1072,0.456,719,9.176,0.393,10.0232,0.05539587251106195,Non-Viral
C01268,2026-04-01,Instagram,Family Pressure,Long,Visual,Advice,34,77472,169391,4331,198,181,140,0.452,117,6.26,0.773,4.2409,0.04717684324659232,Non-Viral
C02680,2026-04-01,Instagram,Burnout,Short,Visual,Story,26,148372,159214,10761,309,1619,645,0.657,153,8.987,0.398,8.0817,0.07222683794786079,Viral
C00068,2026-04-01,Instagram,Social Anxiety,Long,Text,Story,49,25216,35066,916,111,164,126,0.434,57,5.223,0.768,5.4271,0.04848605647208122,Non-Viral
C03964,2026-04-02,Instagram,Career Stress,Short,Visual,Story,51,76040,147992,9325,768,830,776,0.554,526,15.385,0.935,12.9623,0.06488842714360864,Non-Viral
C04664,2026-04-02,YouTube,Dating,Short,Visual,Story,31,36082,237914,3546,220,493,295,0.69,191,12.621,0.598,11.5626,0.07851582506512941,Viral
C01772,2026-04-02,Instagram,Friendship,Short,Text,Story,57,61791,205270,4301,249,839,729,0.436,275,9.901,0.869,10.5177,0.05385392047385541,Non-Viral
C02920,2026-04-02,Instagram,Self-Doubt,Short,Visual,Question,40,23438,43994,1986,188,322,266,0.539,108,11.784,0.826,11.8312,0.06469016980971073,Non-Viral
C03951,2026-04-02,Instagram,Career Stress,Long,Text,Story,10,44611,210997,1022,64,221,43,0.382,31,3.026,0.195,3.0396,0.040933630718880995,Non-Viral
C03228,2026-04-02,Instagram,Friendship,Short,Visual,Question,41,121856,137190,5079,237,678,870,0.608,129,5.633,1.283,5.4729,0.06573738511029412,Non-Viral
C00913,2026-04-02,Instagram,Friendship,Short,Visual,Advice,39,72748,120603,3123,117,367,242,0.609,105,5.291,0.659,4.5664,0.06440937482817398,Non-Viral
C02592,2026-04-02,YouTube,Self-Doubt,Long,Visual,Confession,25,3494,60687,154,15,18,6,0.542,5,5.524,0.333,4.7367,0.057677389811104755,Non-Viral
C04056,2026-04-02,Instagram,Social Anxiety,Short,Visual,Story,24,51657,54382,1861,123,118,119,0.687,134,4.3,1.008,3.3045,0.07077619490098148,Viral
C04955,2026-04-02,YouTube,Career Stress,Long,Text,List,36,87907,14965,3014,353,239,259,0.588,123,4.397,1.084,3.7215,0.0615096818228355,Non-Viral
C01857,2026-04-02,YouTube,Self-Doubt,Short,Visual,Advice,37,160194,242002,9820,1379,736,1557,0.641,393,8.422,2.115,7.6785,0.07037457957226863,Viral
C01748,2026-04-02,Instagram,Friendship,Short,Text,Story,8,32139,220350,3238,107,121,353,0.491,84,11.883,2.917,8.8631,0.05458865863903669,Non-Viral
C02724,2026-04-02,Instagram,Friendship,Long,Visual,Advice,9,73026,136718,3237,168,296,383,0.494,118,5.593,1.294,4.8264,0.05314250267028182,Non-Viral
C00770,2026-04-02,Instagram,Social Anxiety,Long,Text,List,41,64906,105457,3887,300,486,126,0.36,152,7.394,0.259,6.3222,0.04064517918220195,Non-Viral
C00634,2026-04-03,Instagram,Self-Doubt,Short,Text,Advice,32,110614,26543,5663,826,969,392,0.493,280,7.097,0.405,7.0167,0.05542535483754317,Non-Viral
C04961,2026-04-03,Instagram,Friendship,Short,Text,Advice,34,52472,13635,2231,115,353,231,0.522,122,5.584,0.654,5.3533,0.05687677999695076,Non-Viral
C02569,2026-04-03,Instagram,Friendship,Long,Visual,List,43,67352,67548,4976,542,815,731,0.444,234,10.488,0.897,10.702,0.05430839173298492,Non-Viral
C04506,2026-04-03,Instagram,Career Stress,Short,Visual,Confession,52,169427,141342,12835,1489,2362,590,0.671,679,10.197,0.25,9.9848,0.07573646290142658,Viral
C03531,2026-04-03,Instagram,Dating,Long,Text,Story,50,60555,188091,3740,404,443,643,0.48,154,8.637,1.451,8.4072,0.05547832548922467,Non-Viral
C04881,2026-04-03,Instagram,Self-Doubt,Short,Visual,Question,29,102411,147668,3927,465,406,453,0.643,207,5.127,1.116,4.6723,0.06809207311714563,Viral
C01945,2026-04-03,Instagram,Family Pressure,Short,Text,Advice,42,175749,111298,14377,1515,2409,1690,0.381,240,11.375,0.702,11.4186,0.04844600481368315,Non-Viral
C03815,2026-04-03,YouTube,Burnout,Short,Visual,Question,39,42179,46904,3310,170,382,396,0.604,82,10.095,1.037,9.123,0.06789662154152541,Viral
C04250,2026-04-03,YouTube,Family Pressure,Short,Visual,List,43,102879,38928,6454,1100,907,504,0.609,629,8.714,0.556,8.3652,0.06794079549762343,Viral
C04401,2026-04-03,Instagram,Career Stress,Short,Text,Confession,28,97174,117931,3720,435,759,317,0.554,121,5.383,0.418,5.5812,0.06056496182106325,Non-Viral
C00379,2026-04-03,Instagram,Friendship,Short,Visual,Question,43,162440,36638,10995,703,877,1418,0.447,257,8.614,1.617,7.399,0.05039748830337355,Non-Viral
C04935,2026-04-03,Instagram,Burnout,Long,Text,Advice,37,72970,8141,1714,118,306,139,0.43,28,3.12,0.454,3.0561,0.04570111004522407,Non-Viral
C02544,2026-04-03,Instagram,College Life,Short,Visual,Advice,47,5937,204436,513,55,45,68,0.44,23,11.47,1.511,10.2745,0.05223648307225872,Non-Viral
C00188,2026-04-03,YouTube,Family Pressure,Short,Text,Question,27,88868,173554,4363,401,184,454,0.493,220,6.079,2.467,4.7745,0.05244117567628393,Non-Viral
C03737,2026-04-03,Instagram,College Life,Short,Visual,Confession,40,51127,217594,5326,483,762,371,0.402,104,13.578,0.487,12.5482,0.05050081952784244,Non-Viral
C01718,2026-04-03,Instagram,College Life,Long,Visual,Question,15,21295,75422,1112,33,53,93,0.482,55,6.062,1.755,4.4635,0.05086259685372153,Non-Viral
C01285,2026-04-03,Instagram,Career Stress,Long,Text,Question,34,139335,149160,7893,613,1610,1391,0.422,287,8.259,0.864,8.9554,0.051054559155990956,Non-Viral
C03063,2026-04-03,Instagram,Self-Doubt,Short,Text,Advice,22,100951,85597,6521,831,1452,1098,0.503,306,9.809,0.756,10.9548,0.0612701736486018,Non-Viral
C04490,2026-04-04,Instagram,Family Pressure,Short,Text,Advice,27,144557,41201,8396,602,2095,487,0.515,365,8.011,0.232,8.5503,0.05965698997627234,Non-Viral
C04385,2026-04-04,YouTube,Friendship,Short,Visual,Story,47,168137,182552,12296,2146,1996,866,0.492,401,10.292,0.434,10.1625,0.058001750953091825,Non-Viral
C01881,2026-04-04,Instagram,Burnout,Short,Visual,Confession,29,78464,43398,5851,529,1279,916,0.627,218,10.929,0.716,11.9647,0.07454874592169658,Viral
C01017,2026-04-04,Instagram,Friendship,Short,Visual,Story,34,13983,193544,936,145,252,121,0.55,63,10.398,0.48,12.0396,0.06726131731388114,Viral
C03424,2026-04-04,Instagram,Friendship,Short,Visual,Advice,14,84783,166771,5659,382,888,585,0.564,357,8.863,0.659,8.5353,0.06385904249672694,Non-Viral
C04972,2026-04-04,YouTube,College Life,Long,Text,Story,23,124394,234408,3864,271,279,464,0.425,65,3.921,1.663,3.2988,0.04495510233612554,Non-Viral
C00758,2026-04-04,Instagram,College Life,Short,Visual,List,39,37658,117816,3564,216,480,184,0.574,179,11.801,0.383,10.3935,0.06546203197195816,Non-Viral
C01385,2026-04-04,YouTube,Social Anxiety,Short,Visual,Story,63,60982,82728,4983,549,540,1089,0.568,415,11.743,2.017,11.6641,0.06749249942606014,Viral
C04626,2026-04-04,YouTube,Burnout,Short,Visual,Confession,25,173790,140453,10226,1003,583,1122,0.606,451,7.442,1.925,6.1054,0.06491210081132401,Non-Viral
C01159,2026-04-04,YouTube,Burnout,Short,Text,Confession,39,41823,142021,3498,285,600,292,0.429,152,11.178,0.487,10.9043,0.05247248403988236,Non-Viral
C02428,2026-04-04,Instagram,Burnout,Long,Visual,Question,46,88969,98618,6915,765,929,934,0.507,241,10.726,1.005,10.4081,0.05983801436455395,Non-Viral
C01593,2026-04-04,YouTube,Family Pressure,Long,Visual,Confession,43,57317,177937,4895,512,767,272,0.453,212,11.246,0.355,10.5737,0.05408535164087444,Non-Viral
C04252,2026-04-04,Instagram,Burnout,Short,Visual,Question,36,121560,159348,7871,343,1813,642,0.547,563,8.777,0.354,9.1913,0.06341915103652518,Non-Viral
C02405,2026-04-04,YouTube,Friendship,Long,Visual,Story,38,136068,34678,6499,725,1074,606,0.5,359,6.544,0.564,6.446,0.05568722991445454,Non-Viral
C00614,2026-04-04,YouTube,Family Pressure,Short,Visual,Story,44,101875,240483,3323,500,841,238,0.685,134,4.812,0.283,5.3109,0.07365190184049081,Viral
C02875,2026-04-04,YouTube,Family Pressure,Short,Visual,Question,41,25314,174008,2033,145,278,346,0.551,65,11.069,1.245,10.9031,0.06500163545863949,Non-Viral
C01468,2026-04-04,Instagram,Self-Doubt,Short,Text,Advice,38,48629,158297,1483,48,205,201,0.51,84,3.983,0.98,3.7642,0.0542850768060211,Non-Viral
C02581,2026-04-04,Instagram,Family Pressure,Short,Visual,List,22,120065,150987,12167,570,742,795,0.606,434,11.889,1.071,8.9572,0.06607953192020989,Non-Viral
C02848,2026-04-04,YouTube,Career Stress,Long,Visual,Confession,8,62512,130330,4740,198,190,520,0.439,236,9.035,2.737,6.8419,0.048238367033529565,Non-Viral
C01761,2026-04-04,YouTube,Burnout,Short,Text,Confession,24,51969,107163,2409,199,162,208,0.555,109,5.73,1.284,4.6278,0.05867785602955609,Non-Viral
C01066,2026-04-05,YouTube,Self-Doubt,Short,Text,Story,46,71325,187119,2870,380,443,435,0.536,138,5.788,0.982,5.8941,0.059023764458464786,Non-Viral
C04498,2026-04-05,Instagram,Family Pressure,Short,Text,Advice,26,153795,50773,10662,675,1858,1735,0.501,406,9.708,0.934,10.0052,0.05957917682629475,Non-Viral
C02683,2026-04-05,Instagram,Friendship,Short,Visual,List,49,54785,233245,4260,474,945,829,0.536,92,11.879,0.877,13.3869,0.0671995254175413,Viral
C00094,2026-04-05,Instagram,Self-Doubt,Short,Text,Advice,32,148247,53419,4426,568,338,279,0.565,266,3.785,0.825,3.1279,0.058665305200105225,Non-Viral
C03059,2026-04-05,YouTube,Burnout,Short,Text,Question,32,140276,56981,6247,687,599,779,0.546,371,5.925,1.301,5.353,0.05892219339017367,Non-Viral
C04150,2026-04-05,Instagram,Social Anxiety,Long,Visual,Confession,16,42620,31677,2309,134,259,195,0.341,43,6.797,0.753,5.9186,0.038678836227123425,Non-Viral
C02779,2026-04-05,Instagram,Self-Doubt,Short,Visual,Story,39,78233,28225,6324,474,439,677,0.633,323,10.116,1.542,8.3648,0.06933006403947184,Viral
C03023,2026-04-05,Instagram,Family Pressure,Short,Visual,Question,38,127416,31495,3889,693,324,671,0.535,241,4.377,2.071,4.158,0.05703997928046714,Non-Viral
C02835,2026-04-05,Instagram,College Life,Short,Text,List,41,16878,146836,1137,99,84,42,0.562,42,8.07,0.5,6.2389,0.060065979381443306,Non-Viral
C00809,2026-04-05,Instagram,Self-Doubt,Short,Visual,List,36,22500,160832,1601,95,236,127,0.509,124,9.151,0.538,8.4667,0.05794666666666667,Non-Viral
C01629,2026-04-05,YouTube,College Life,Short,Visual,Question,10,153145,188836,9006,459,1088,1027,0.56,481,7.561,0.944,6.8625,0.06165836298932385,Non-Viral
C04833,2026-04-05,Instagram,Friendship,Long,Text,Confession,45,10175,32072,402,38,45,21,0.319,23,4.973,0.467,4.2752,0.03506953316953317,Non-Viral
C04809,2026-04-05,Instagram,Self-Doubt,Short,Visual,Question,32,78595,141992,6439,671,820,692,0.597,129,10.97,0.844,10.2678,0.06831696036643553,Viral
C02600,2026-04-05,YouTube,Friendship,Short,Visual,Story,36,151089,141421,7084,341,1141,354,0.526,384,5.904,0.31,5.417,0.0570397672894784,Non-Viral
C02216,2026-04-05,Instagram,Burnout,Short,Visual,List,20,69165,18253,3890,186,534,266,0.558,171,7.05,0.498,6.3009,0.06083144654088051,Non-Viral
C01283,2026-04-06,YouTube,Career Stress,Short,Visual,Question,46,21682,80616,1221,173,224,80,0.461,82,7.831,0.357,7.8498,0.053052771884512503,Non-Viral
C04799,2026-04-06,YouTube,Career Stress,Long,Text,Confession,29,43487,12635,1510,87,261,140,0.393,56,4.594,0.536,4.4806,0.04326670269275876,Non-Viral
C01352,2026-04-06,Instagram,College Life,Short,Visual,Confession,58,175654,9982,14643,1216,1771,542,0.485,810,10.345,0.306,8.8484,0.055001132909014316,Non-Viral
C04326,2026-04-06,Instagram,Career Stress,Short,Visual,Question,14,110701,87642,3833,207,435,165,0.689,59,4.191,0.379,3.4887,0.07139591241271534,Viral
C04162,2026-04-06,YouTube,Burnout,Short,Text,Confession,29,144306,48637,10557,1083,1052,1643,0.322,669,9.934,1.562,9.2477,0.04002192008648289,Non-Viral
C04625,2026-04-06,Instagram,Burnout,Long,Visual,Story,44,174526,90687,11054,1043,1355,962,0.511,497,8.259,0.71,7.4949,0.0571437986317225,Non-Viral
C03329,2026-04-06,Instagram,Friendship,Short,Visual,Confession,31,132590,109729,12089,969,918,1524,0.574,742,11.69,1.66,10.0309,0.06506007994569726,Non-Viral
C02384,2026-04-06,Instagram,Career Stress,Short,Text,Confession,33,63883,152412,4604,260,924,624,0.403,222,10.037,0.675,10.5067,0.05034962196515505,Non-Viral
C02574,2026-04-06,Instagram,Self-Doubt,Short,Text,Confession,36,111696,212416,8539,417,1663,557,0.578,616,10.006,0.335,9.8464,0.0665559088955737,Viral
C01478,2026-04-06,Instagram,Burnout,Long,Visual,Confession,48,97961,85747,3740,543,639,633,0.385,209,5.671,0.991,5.9896,0.04420533171364115,Non-Viral
C01173,2026-04-06,Instagram,College Life,Long,Visual,Story,38,80783,46951,3134,152,194,110,0.451,130,4.444,0.567,3.2148,0.04687141230209326,Non-Viral
C02622,2026-04-06,Instagram,Family Pressure,Long,Visual,Advice,20,69875,153722,2779,350,458,131,0.535,176,5.321,0.286,5.0812,0.057763327370304124,Non-Viral
C02342,2026-04-06,Instagram,Social Anxiety,Long,Visual,List,39,41104,116012,1659,159,158,65,0.429,36,4.965,0.411,4.0677,0.045684400544959126,Non-Viral
C00552,2026-04-06,Instagram,Friendship,Short,Visual,Question,53,121776,123988,6948,916,1286,959,0.562,291,8.301,0.746,8.7242,0.06444300354749705,Non-Viral
C02059,2026-04-06,Instagram,Burnout,Short,Visual,Confession,19,54591,119195,1349,174,244,226,0.568,53,3.651,0.926,3.8825,0.060531384294114414,Non-Viral
C03092,2026-04-06,YouTube,Social Anxiety,Long,Text,Question,34,71796,174934,3402,403,682,157,0.422,224,6.468,0.23,6.4983,0.04797260571619589,Non-Viral
C02852,2026-04-06,YouTube,Friendship,Long,Text,List,24,160651,49362,5911,325,909,702,0.398,370,4.885,0.772,4.7146,0.04396057167400141,Non-Viral
C02012,2026-04-06,Instagram,Career Stress,Short,Visual,Story,40,132324,104166,10381,555,1608,911,0.485,207,10.168,0.567,9.5742,0.0566629182914664,Non-Viral
C04052,2026-04-06,Instagram,Self-Doubt,Long,Visual,Question,37,61134,195619,5179,667,381,663,0.318,155,11.27,1.74,9.911,0.03949457257827069,Non-Viral
C01921,2026-04-06,Instagram,Social Anxiety,Long,Visual,Story,43,66319,202290,2697,252,407,371,0.501,95,5.62,0.912,5.5633,0.055109876505978685,Non-Viral
C01774,2026-04-06,YouTube,College Life,Short,Visual,List,25,63095,174976,2325,415,320,523,0.523,182,5.679,1.634,6.0084,0.058055606624930665,Non-Viral
C01694,2026-04-06,YouTube,Burnout,Short,Visual,Confession,27,30291,72275,2448,263,449,333,0.535,202,11.531,0.742,11.9887,0.06477067445775973,Non-Viral
C01094,2026-04-06,Instagram,Burnout,Short,Visual,Confession,12,147360,138545,6820,762,376,343,0.529,224,5.633,0.912,4.3207,0.05552214983713355,Non-Viral
C03405,2026-04-06,Instagram,Burnout,Short,Visual,Confession,38,45080,236210,4020,474,649,446,0.492,78,12.398,0.687,12.3336,0.060223735581189,Non-Viral
C01754,2026-04-06,Instagram,Burnout,Short,Text,Advice,45,48118,79312,3911,430,589,352,0.434,195,10.977,0.598,10.5397,0.05244339332474334,Non-Viral
C02291,2026-04-06,Instagram,College Life,Long,Text,Story,40,12893,170385,429,28,81,36,0.507,24,4.452,0.444,4.4326,0.05469053750096952,Non-Viral
C01320,2026-04-07,YouTube,Career Stress,Short,Visual,Confession,37,171792,26462,4684,290,1092,841,0.696,171,4.021,0.77,4.5025,0.0741822855546242,Viral
C02546,2026-04-07,YouTube,Burnout,Long,Visual,Advice,39,175171,151367,6922,633,555,1089,0.43,360,5.251,1.962,4.7117,0.04683282620981784,Non-Viral
C00440,2026-04-07,Instagram,Friendship,Short,Text,Advice,58,106524,202633,5783,684,1026,237,0.619,101,7.257,0.231,7.012,0.0678648529908753,Viral
C03041,2026-04-07,YouTube,Self-Doubt,Long,Visual,Question,50,80812,23646,3539,394,427,244,0.484,119,5.697,0.571,5.11,0.052414874028609615,Non-Viral
C03250,2026-04-07,YouTube,Family Pressure,Short,Visual,Advice,8,56497,14999,3170,361,348,338,0.578,89,7.464,0.971,6.8083,0.06332507212772359,Non-Viral
C02003,2026-04-07,Instagram,Family Pressure,Short,Visual,Advice,34,176950,206759,20591,1555,3145,1746,0.683,421,15.279,0.555,14.4419,0.08057634925120091,Viral
C03695,2026-04-07,Instagram,Career Stress,Short,Visual,Confession,51,153476,57819,8303,496,1293,762,0.657,119,7.072,0.589,6.7102,0.07146539654408508,Viral
C01168,2026-04-07,Instagram,Self-Doubt,Long,Text,Question,33,165670,232936,10720,790,647,1673,0.473,513,8.348,2.586,7.1419,0.05280220317498642,Non-Viral
C02374,2026-04-07,Instagram,Family Pressure,Short,Visual,Confession,48,20164,189300,1484,77,69,109,0.657,76,8.624,1.58,6.3603,0.06943437809958343,Viral
C04927,2026-04-07,YouTube,Social Anxiety,Short,Text,Story,41,57512,177315,7675,532,789,823,0.549,140,17.073,1.043,15.0377,0.06675404785088329,Viral
C03460,2026-04-07,Instagram,Friendship,Short,Visual,List,41,89057,128747,4144,683,677,230,0.543,380,6.439,0.34,6.2741,0.05964601435035989,Non-Viral
C02800,2026-04-07,Instagram,Dating,Short,Text,Question,40,59750,225358,1936,257,352,90,0.655,118,4.41,0.256,4.3339,0.06924811715481172,Viral
C01666,2026-04-07,Instagram,Social Anxiety,Short,Visual,Question,38,94309,105946,11085,490,1250,1764,0.559,159,15.469,1.411,14.3735,0.06825513047535231,Viral
C03380,2026-04-07,Instagram,Burnout,Long,Text,List,33,152866,122122,5145,254,462,541,0.452,159,4.188,1.171,3.5466,0.047870966729030656,Non-Viral
C04795,2026-04-07,Instagram,College Life,Short,Text,Advice,21,12470,145660,783,35,53,44,0.623,42,7.338,0.83,5.5413,0.06569214113873297,Non-Viral
C04651,2026-04-07,Instagram,Friendship,Short,Visual,Question,18,37018,233622,4317,130,216,304,0.62,165,13.418,1.407,9.7507,0.06761618671997406,Viral
C02140,2026-04-08,Instagram,Family Pressure,Long,Visual,Confession,36,77530,110611,4292,730,684,866,0.455,186,8.477,1.266,9.061,0.05423339352508707,Non-Viral
C03312,2026-04-08,Instagram,College Life,Long,Visual,Story,9,22524,5824,1623,204,145,249,0.439,68,9.861,1.717,9.1036,0.05147192328183271,Non-Viral
C03315,2026-04-08,Instagram,Dating,Short,Visual,Question,23,90662,247524,7544,392,870,674,0.574,271,10.456,0.775,9.1747,0.0645970616134654,Non-Viral
C03188,2026-04-08,Instagram,Dating,Short,Visual,List,51,86780,50532,5887,285,787,747,0.463,224,8.88,0.949,8.3268,0.05345602673427058,Non-Viral
C03318,2026-04-08,Instagram,Dating,Short,Text,Confession,25,151958,111441,5684,679,784,407,0.506,102,4.971,0.519,4.624,0.05439545663933456,Non-Viral
C04646,2026-04-08,YouTube,Self-Doubt,Long,Text,Confession,32,132358,133295,9357,319,648,831,0.536,507,8.428,1.282,6.6207,0.05804816331464665,Non-Viral
C00027,2026-04-08,YouTube,Burnout,Long,Visual,Confession,59,131042,55872,2992,543,647,191,0.488,166,3.337,0.295,3.5359,0.05208062758504907,Non-Viral
C04719,2026-04-08,Instagram,Dating,Short,Text,Confession,34,61181,110997,5350,400,371,453,0.566,147,10.745,1.221,8.653,0.06253076281852209,Non-Viral
C02225,2026-04-08,Instagram,Burnout,Short,Text,Story,47,63424,185783,4247,438,259,574,0.481,319,8.7,2.216,7.4191,0.053688578456104946,Non-Viral
C00957,2026-04-08,YouTube,Friendship,Long,Text,Story,46,127835,21493,5047,506,511,459,0.396,195,5.103,0.898,4.4851,0.04306970704423672,Non-Viral
C01847,2026-04-08,YouTube,Burnout,Long,Visual,List,36,156403,29957,9883,998,499,953,0.565,570,7.885,1.91,6.2924,0.06072082696623465,Non-Viral
C03691,2026-04-08,YouTube,Social Anxiety,Short,Visual,Story,10,47959,61895,6709,204,784,540,0.445,122,17.175,0.689,14.7887,0.05587221376592506,Non-Viral
C02060,2026-04-08,YouTube,Career Stress,Short,Visual,Confession,23,88827,49203,8297,968,723,1166,0.615,522,12.557,1.613,11.3721,0.0707353676247087,Viral
C03166,2026-04-08,YouTube,Social Anxiety,Short,Visual,Advice,9,150257,220668,4634,548,580,515,0.586,221,4.178,0.888,3.9326,0.061912324883366496,Non-Viral
C01302,2026-04-08,Instagram,Self-Doubt,Long,Text,Story,43,50757,100555,2280,176,456,122,0.298,114,5.978,0.268,5.942,0.035084000236420596,Non-Viral
C04471,2026-04-08,YouTube,Burnout,Short,Visual,Advice,33,70914,88185,2003,139,219,92,0.553,73,3.459,0.42,2.8922,0.057372933412302235,Non-Viral
C04175,2026-04-08,YouTube,Dating,Short,Text,Question,22,71442,208211,5412,296,781,205,0.531,105,9.37,0.262,8.2626,0.05950169648106157,Non-Viral
C04984,2026-04-08,YouTube,Career Stress,Short,Visual,Question,38,1686,99971,100,12,12,11,0.467,3,8.007,0.917,7.4733,0.052927758007117444,Non-Viral
C03733,2026-04-08,YouTube,Friendship,Short,Text,Story,48,164177,112656,11423,1633,1129,2278,0.513,798,10.028,2.018,9.8089,0.06004909396565902,Non-Viral
C02134,2026-04-08,Instagram,College Life,Long,Visual,Question,30,52074,102278,2280,231,142,326,0.577,153,5.721,2.296,4.9247,0.06147059569074778,Non-Viral
C04161,2026-04-08,Instagram,Dating,Short,Visual,Question,23,103843,196069,13715,393,1513,891,0.638,757,15.901,0.589,13.2585,0.07349829454079718,Viral
C02524,2026-04-08,Instagram,Social Anxiety,Short,Visual,Story,44,176303,167989,11849,1111,1654,2129,0.527,1019,9.497,1.287,9.5353,0.0614896972825193,Non-Viral
C04403,2026-04-08,YouTube,Self-Doubt,Long,Text,Confession,43,168358,223103,13232,321,2001,1194,0.362,196,9.948,0.597,9.1997,0.04396203091032205,Non-Viral
C02163,2026-04-08,Instagram,Social Anxiety,Short,Visual,Advice,37,95123,63493,5536,640,869,678,0.592,454,8.119,0.78,8.0853,0.0664584968934958,Viral
C01956,2026-04-08,Instagram,Friendship,Short,Visual,Confession,46,123818,55379,16786,1455,1100,1764,0.587,352,17.045,1.604,14.0557,0.06873448610056697,Viral
C02073,2026-04-08,Instagram,Family Pressure,Short,Visual,List,40,161659,77488,6502,965,1144,415,0.647,345,5.583,0.363,5.5428,0.0695500238155624,Viral
C02509,2026-04-09,YouTube,Career Stress,Long,Text,Story,46,162282,98821,12246,1233,1326,874,0.364,344,9.662,0.659,8.4412,0.04283232151440086,Non-Viral
C02915,2026-04-09,YouTube,Family Pressure,Short,Visual,Story,38,176715,75741,19473,2342,1238,1975,0.54,563,14.163,1.595,11.8346,0.062493336728630854,Non-Viral
C00164,2026-04-09,Instagram,Family Pressure,Short,Visual,Confession,40,148630,92223,6706,597,844,289,0.576,417,5.676,0.342,4.9509,0.06134116934669986,Non-Viral
C03274,2026-04-09,Instagram,Friendship,Short,Visual,Question,52,146100,5250,17021,985,778,669,0.534,463,13.315,0.86,9.3498,0.05818131416837782,Non-Viral
C01131,2026-04-09,Instagram,Career Stress,Short,Visual,Confession,23,147938,230108,9653,1243,834,1125,0.574,421,8.689,1.349,7.735,0.06347855993727101,Non-Viral
C00942,2026-04-09,Instagram,Burnout,Long,Text,Confession,30,168515,118292,7409,875,626,1146,0.45,437,5.967,1.831,5.4517,0.049490698157434065,Non-Viral
C03142,2026-04-09,YouTube,Dating,Short,Visual,List,32,92201,189852,3194,180,503,411,0.543,102,4.651,0.817,4.5531,0.058385096690925266,Non-Viral
C00687,2026-04-09,YouTube,Friendship,Long,Text,Confession,27,68967,100460,2610,489,291,405,0.402,171,5.503,1.392,5.3961,0.04492399843403368,Non-Viral
C00585,2026-04-09,YouTube,Family Pressure,Short,Text,List,50,100029,238554,4882,341,467,560,0.415,109,6.248,1.199,5.4719,0.045791755390936634,Non-Viral
C03291,2026-04-09,YouTube,College Life,Long,Visual,List,48,23345,188720,1113,99,167,118,0.496,17,6.413,0.707,6.1769,0.05497159991432855,Non-Viral
C04896,2026-04-09,YouTube,Dating,Long,Text,Advice,45,130015,23244,7369,359,951,284,0.354,126,6.894,0.299,5.8793,0.03976103526516171,Non-Viral
C01866,2026-04-09,Instagram,College Life,Short,Visual,Advice,49,30952,103070,1775,82,382,98,0.603,92,7.55,0.257,7.6005,0.0672010080124063,Viral
C02746,2026-04-09,YouTube,Social Anxiety,Short,Text,Advice,36,77426,159174,3447,378,155,523,0.575,192,5.816,3.374,4.9098,0.06115962338232635,Non-Viral
C00962,2026-04-10,YouTube,Friendship,Short,Visual,List,35,29487,41839,3387,299,145,303,0.519,158,14.02,2.09,10.7946,0.05871656323125445,Non-Viral
C03260,2026-04-10,Instagram,Burnout,Long,Text,Question,36,123781,24130,10951,543,856,1345,0.373,230,11.064,1.571,9.3294,0.04432975416259361,Non-Viral
C03653,2026-04-10,Instagram,Friendship,Short,Text,Confession,42,109260,236736,7682,492,1093,1169,0.579,286,9.552,1.07,9.3319,0.066286875343218,Non-Viral
C03479,2026-04-10,Instagram,Burnout,Long,Text,List,50,124364,224735,2888,350,562,686,0.432,248,3.607,1.221,4.0422,0.047310514296741824,Non-Viral
C02564,2026-04-10,Instagram,Dating,Long,Text,List,19,47357,12877,3588,390,414,389,0.532,121,10.096,0.94,9.289,0.06083350719006694,Non-Viral
C03766,2026-04-10,YouTube,Friendship,Short,Visual,Confession,26,178319,177463,10222,1754,2332,1656,0.669,225,8.952,0.71,10.1223,0.07704642298352951,Viral
C00373,2026-04-10,Instagram,Burnout,Short,Text,Advice,51,172251,148171,8865,721,1312,1060,0.474,186,6.942,0.808,6.7169,0.053301562255081245,Non-Viral
C02076,2026-04-10,Instagram,College Life,Long,Visual,Confession,33,34293,133786,1979,99,226,297,0.4,103,7.585,1.314,7.0277,0.04599685066923279,Non-Viral
C00144,2026-04-10,YouTube,College Life,Short,Visual,Advice,34,61679,54356,4138,272,572,175,0.729,279,8.361,0.306,7.3656,0.07858588984905722,Viral
C01875,2026-04-10,Instagram,Friendship,Short,Text,Advice,13,90084,147346,4037,412,518,331,0.594,235,5.881,0.639,5.3866,0.06377591581190889,Non-Viral
C02192,2026-04-10,Instagram,Family Pressure,Short,Visual,Question,50,95601,191418,5512,593,882,626,0.591,267,7.963,0.71,7.8906,0.0661464744092635,Non-Viral
C01340,2026-04-10,Instagram,Friendship,Short,Visual,Story,21,163094,247218,15620,1511,2825,624,0.58,1033,12.618,0.221,12.1399,0.06833207843329614,Viral
C00163,2026-04-10,Instagram,Burnout,Short,Text,Advice,32,147250,169895,9723,383,785,1901,0.412,552,8.687,2.422,7.873,0.04786213921901528,Non-Viral
C01688,2026-04-10,Instagram,Career Stress,Short,Visual,Confession,35,32060,247051,2024,116,113,334,0.461,138,8.069,2.956,6.8403,0.05135421085464754,Non-Viral
C00065,2026-04-10,Instagram,Dating,Short,Visual,Story,18,36373,93154,1249,68,124,147,0.623,115,4.366,1.185,3.8284,0.06532697055508206,Non-Viral
C01495,2026-04-10,Instagram,Family Pressure,Long,Visual,Confession,66,28155,45925,1619,122,216,73,0.544,92,7.21,0.338,6.3452,0.05928012786361215,Non-Viral
C01835,2026-04-10,YouTube,College Life,Short,Text,Confession,21,45789,26282,4353,235,238,215,0.473,223,11.009,0.903,8.0216,0.05181746052545371,Non-Viral
C03547,2026-04-10,Instagram,Social Anxiety,Long,Visual,Advice,52,165581,68251,7445,1097,966,1199,0.599,350,6.466,1.241,6.4404,0.06569142534469535,Non-Viral
C03485,2026-04-10,YouTube,Self-Doubt,Short,Text,Advice,25,146838,11073,6168,1022,708,761,0.482,404,5.897,1.075,5.6273,0.05296852041024803,Non-Viral
C01762,2026-04-10,YouTube,Friendship,Short,Text,List,63,45273,171043,1397,178,323,266,0.477,105,4.78,0.824,5.4481,0.053262918295672916,Non-Viral
C03618,2026-04-10,Instagram,Career Stress,Long,Text,List,40,46489,130843,2149,276,136,337,0.341,144,6.234,2.478,5.5293,0.038481681688141284,Non-Viral
C04147,2026-04-11,Instagram,Career Stress,Short,Text,Story,38,140478,229177,4766,207,462,901,0.705,252,4.51,1.95,4.1868,0.07412512279502839,Viral
C01719,2026-04-11,YouTube,Social Anxiety,Short,Text,Confession,53,138033,236831,19521,1411,1872,2294,0.35,268,18.183,1.225,15.9969,0.04762198170002825,Non-Viral
C03272,2026-04-11,YouTube,Burnout,Short,Text,Question,20,18729,43755,1295,99,122,126,0.494,68,8.767,1.033,7.5498,0.0551424315233061,Non-Viral
C04354,2026-04-11,Instagram,Self-Doubt,Short,Visual,Advice,46,106915,59572,7489,350,1055,1023,0.541,160,9.276,0.97,8.8673,0.061901992236823654,Non-Viral
C03285,2026-04-11,Instagram,Burnout,Long,Text,Story,26,54393,138510,3886,561,686,270,0.423,136,9.933,0.394,9.8956,0.05101159891897855,Non-Viral
C00960,2026-04-11,YouTube,Friendship,Long,Visual,Confession,19,124046,56581,12574,674,1920,1212,0.631,445,13.205,0.631,12.4809,0.07381134901568773,Viral
C01485,2026-04-11,Instagram,Dating,Short,Text,Story,39,9009,11865,239,27,39,23,0.393,22,3.641,0.59,3.5853,0.04246350316350317,Non-Viral
C04318,2026-04-11,Instagram,College Life,Long,Visual,Question,18,27747,236778,1068,133,168,196,0.408,71,5.64,1.167,5.8727,0.04636276354200454,Non-Viral
C02749,2026-04-11,Instagram,Friendship,Short,Visual,Advice,27,109710,98360,6070,532,782,459,0.659,101,7.149,0.587,6.4689,0.07109004648619087,Viral
C01309,2026-04-11,YouTube,Dating,Short,Text,Advice,46,34170,15431,1185,87,255,246,0.462,34,5.189,0.965,5.7946,0.05209991220368745,Non-Viral
C01635,2026-04-11,Instagram,Social Anxiety,Short,Visual,List,29,78767,13915,7307,416,255,359,0.665,259,10.584,1.408,7.3133,0.07011636218213212,Viral
C00907,2026-04-11,Instagram,Social Anxiety,Short,Visual,Confession,34,94661,88934,4699,866,695,332,0.625,155,6.964,0.478,6.7583,0.06822833585108967,Viral
C03416,2026-04-11,Instagram,Friendship,Short,Visual,Advice,52,141433,169359,4259,576,767,478,0.568,334,4.299,0.623,4.4194,0.060865175736921365,Non-Viral
C03555,2026-04-11,Instagram,Dating,Long,Text,List,39,91031,6445,4872,335,694,719,0.403,244,7.272,1.036,7.0948,0.0466522316573475,Non-Viral
C04045,2026-04-11,Instagram,Family Pressure,Long,Visual,Question,41,30642,59603,2706,282,222,332,0.476,100,11.559,1.495,10.1364,0.0554911298218132,Non-Viral
C03989,2026-04-11,Instagram,Burnout,Long,Visual,Confession,48,16301,46064,673,113,71,141,0.378,18,6.122,1.986,6.1407,0.04339474878841789,Non-Viral
C01888,2026-04-11,Instagram,Friendship,Short,Text,Confession,41,7598,192096,314,23,21,32,0.494,20,5.133,1.524,4.1919,0.052361305606738615,Non-Viral
C01043,2026-04-11,YouTube,Self-Doubt,Long,Visual,Advice,21,95860,60789,7603,428,1133,354,0.408,398,9.929,0.312,8.9198,0.04789628625078239,Non-Viral
C01252,2026-04-11,Instagram,Career Stress,Long,Text,Question,38,57610,26052,5250,474,798,698,0.297,97,12.533,0.875,12.3694,0.040802239194584276,Non-Viral
C02357,2026-04-11,Instagram,Family Pressure,Long,Text,List,38,5602,88851,266,10,61,53,0.453,7,6.962,0.869,7.8008,0.05330606926097823,Non-Viral
C01191,2026-04-11,Instagram,Social Anxiety,Short,Visual,Confession,27,71761,188795,3486,255,314,556,0.6,97,6.425,1.771,5.8242,0.06482643775867114,Non-Viral
C03698,2026-04-11,Instagram,Burnout,Short,Text,Story,33,158137,137573,10780,1395,1951,710,0.634,384,9.382,0.364,9.3308,0.07162198473475531,Viral
C03886,2026-04-11,YouTube,Burnout,Short,Text,List,45,138685,200733,4755,464,342,601,0.475,122,4.443,1.757,3.8227,0.05041163427912175,Non-Viral
C03765,2026-04-11,Instagram,College Life,Short,Visual,Question,51,46695,125394,3511,93,308,183,0.496,144,8.77,0.594,6.8209,0.05404265981368456,Non-Viral
C00496,2026-04-11,Instagram,Burnout,Long,Text,List,20,51827,178712,4008,213,301,168,0.476,179,9.049,0.558,6.8738,0.051802442742200014,Non-Viral
C02473,2026-04-11,Instagram,Family Pressure,Short,Text,Confession,41,126159,214842,3577,315,351,191,0.471,170,3.515,0.544,2.9296,0.04918070767840582,Non-Viral
C02017,2026-04-11,Instagram,Dating,Long,Text,Question,38,37991,138314,1503,157,282,288,0.32,98,5.87,1.021,6.341,0.03823437129846542,Non-Viral
C04030,2026-04-11,Instagram,Dating,Long,Text,Story,32,157271,78314,9517,1440,2400,1167,0.497,699,9.235,0.486,10.4612,0.06016664674351915,Non-Viral
C01584,2026-04-11,Instagram,College Life,Short,Text,List,57,128827,86244,6820,400,944,491,0.477,231,6.718,0.52,6.0733,0.05260658014236146,Non-Viral
C04877,2026-04-11,Instagram,Burnout,Long,Text,Story,40,83589,42864,3346,128,600,447,0.404,168,5.409,0.745,5.4541,0.0454640634533252,Non-Viral
C02698,2026-04-12,Instagram,Family Pressure,Long,Text,List,48,125966,116412,3872,234,378,409,0.337,195,3.884,1.082,3.3652,0.03630308337170347,Non-Viral
C00165,2026-04-12,Instagram,Self-Doubt,Short,Visual,Question,8,153701,233807,15530,1936,1914,2107,0.646,412,13.98,1.101,13.4189,0.07620564993070963,Viral
C00624,2026-04-12,Instagram,Self-Doubt,Short,Text,Story,41,81469,57942,3028,153,630,294,0.665,254,5.039,0.467,5.1817,0.07134417385754091,Viral
C04342,2026-04-12,YouTube,Career Stress,Short,Visual,Advice,28,170768,193662,6264,336,918,213,0.491,202,4.527,0.232,3.9914,0.05218840063712171,Non-Viral
C00464,2026-04-12,Instagram,Friendship,Long,Visual,Advice,29,119812,80484,2672,384,343,532,0.503,136,3.281,1.551,3.3427,0.05340110840316496,Non-Viral
C04826,2026-04-12,Instagram,College Life,Long,Text,Advice,61,173830,28817,9523,630,1277,786,0.308,135,7.028,0.616,6.391,0.03600594834033251,Non-Viral
C00248,2026-04-12,Instagram,Dating,Short,Visual,Confession,26,111744,242020,9974,1007,978,1314,0.603,597,11.878,1.344,10.7921,0.06911792310996563,Viral
C02290,2026-04-12,YouTube,Career Stress,Short,Visual,Advice,51,173097,68182,9031,358,1458,1135,0.716,291,6.922,0.778,6.7572,0.07766769614724692,Viral
C02495,2026-04-12,Instagram,Family Pressure,Short,Visual,Advice,47,20721,117474,879,146,108,189,0.429,45,6.38,1.75,6.5658,0.04903869986969741,Non-Viral
C03461,2026-04-12,Instagram,College Life,Short,Visual,Advice,9,128850,192011,5161,874,859,902,0.473,190,6.05,1.05,6.4203,0.05341757857974389,Non-Viral
C01079,2026-04-12,YouTube,Dating,Short,Visual,Story,46,37785,74237,1338,225,294,202,0.371,58,5.449,0.687,6.0672,0.043098412068281064,Non-Viral
C03924,2026-04-12,YouTube,Social Anxiety,Long,Visual,Advice,28,141064,25019,5465,630,467,776,0.51,343,5.202,1.662,4.7003,0.05480997277831339,Non-Viral
C00275,2026-04-12,YouTube,Family Pressure,Short,Text,Confession,35,64667,8052,2364,215,270,312,0.523,92,4.888,1.156,4.544,0.05612498028360679,Non-Viral
C01225,2026-04-12,YouTube,College Life,Short,Visual,Question,24,154130,117611,10304,1080,1386,680,0.615,274,8.726,0.491,7.9738,0.06792120288068514,Viral
C01678,2026-04-12,YouTube,Friendship,Long,Visual,Advice,62,28086,102216,1171,122,177,128,0.432,64,5.69,0.723,5.5383,0.04805473189489426,Non-Viral
C00572,2026-04-12,YouTube,College Life,Short,Text,Story,43,41019,189340,1848,236,181,207,0.458,123,6.026,1.144,5.4487,0.05016261244789001,Non-Viral
C04213,2026-04-12,Instagram,Friendship,Short,Text,Advice,27,166358,107295,11682,1044,1867,488,0.516,507,9.065,0.261,8.406,0.05847162625181838,Non-Viral
C00732,2026-04-12,Instagram,Friendship,Short,Visual,Advice,8,7632,228315,393,29,84,35,0.732,27,7.089,0.417,7.3637,0.08009858490566038,Viral
C04251,2026-04-12,Instagram,Dating,Long,Visual,List,41,144310,246817,9315,633,855,623,0.597,123,7.918,0.729,6.5262,0.06431922250710277,Non-Viral
C04446,2026-04-12,YouTube,Friendship,Short,Visual,Question,53,41115,11678,2472,325,454,443,0.454,67,8.985,0.976,9.6595,0.054787085005472455,Non-Viral
C02070,2026-04-12,Instagram,Burnout,Short,Visual,Confession,32,56271,167620,6474,510,1010,269,0.539,159,14.684,0.266,13.4528,0.06477060830623234,Non-Viral
C01480,2026-04-12,YouTube,Career Stress,Long,Visual,Story,29,52629,123926,2636,320,172,312,0.5,132,6.536,1.814,5.5825,0.05416120389899105,Non-Viral
C04736,2026-04-12,YouTube,Family Pressure,Short,Text,Question,41,146658,19949,5002,319,375,574,0.453,233,4.275,1.531,3.5815,0.04795106574479402,Non-Viral
C00972,2026-04-12,Instagram,Dating,Long,Text,Advice,42,165522,126340,9449,922,1246,1664,0.37,243,8.024,1.335,7.9588,0.044238916881139664,Non-Viral
C00425,2026-04-12,Instagram,Burnout,Short,Visual,Advice,42,55534,34372,4180,280,515,444,0.414,107,9.758,0.862,8.9009,0.048727943241977885,Non-Viral
C00929,2026-04-12,YouTube,Friendship,Long,Visual,List,39,154411,244364,7232,1114,1270,942,0.325,502,6.838,0.742,7.1115,0.0391135184669486,Non-Viral
C02420,2026-04-12,Instagram,Career Stress,Short,Visual,Question,36,68516,179061,2956,126,439,511,0.522,192,5.885,1.164,5.8468,0.05759654971101641,Non-Viral
C04562,2026-04-13,Instagram,Dating,Long,Text,Confession,33,58371,99683,1735,226,80,148,0.329,72,3.75,1.85,2.9852,0.03485816415685872,Non-Viral
C04130,2026-04-13,YouTube,Burnout,Short,Text,Confession,44,106018,147514,7598,830,661,1554,0.561,302,10.039,2.351,9.5597,0.06447735101586524,Non-Viral
C04068,2026-04-13,Instagram,Friendship,Long,Text,List,36,62590,28507,1318,118,282,186,0.323,86,3.042,0.66,3.2817,0.035501789423230554,Non-Viral
C02476,2026-04-13,Instagram,Career Stress,Long,Text,List,24,51671,207068,1251,151,182,48,0.523,29,3.158,0.264,2.8914,0.054602064988097776,Non-Viral
C02224,2026-04-13,Instagram,Burnout,Long,Visual,List,39,122073,147924,5967,455,1100,1026,0.556,519,7.002,0.933,7.3874,0.06273548450517315,Non-Viral
C02250,2026-04-13,Instagram,Career Stress,Short,Text,Advice,48,116199,194665,2499,230,434,287,0.664,82,2.969,0.661,2.9867,0.06911861203624817,Viral
C01374,2026-04-13,Instagram,Career Stress,Long,Text,Advice,26,98569,57585,6243,229,447,688,0.553,231,7.717,1.539,6.2717,0.05978315393277806,Non-Viral
C03563,2026-04-13,Instagram,Dating,Long,Visual,Question,47,101318,124373,9753,572,1709,800,0.514,406,12.667,0.468,12.2994,0.06220607591938254,Non-Viral
C03567,2026-04-13,Instagram,Social Anxiety,Short,Text,Confession,59,86824,60123,6526,808,397,381,0.563,205,9.343,0.96,7.4035,0.06106999447157468,Non-Viral
C01185,2026-04-13,Instagram,Social Anxiety,Short,Visual,Question,38,50352,239517,3956,582,318,441,0.582,203,10.52,1.387,9.3085,0.0654032888465205,Non-Viral
C03369,2026-04-13,Instagram,Dating,Short,Visual,List,52,93203,9380,6272,475,529,567,0.626,226,8.415,1.072,7.0486,0.06774361125714838,Viral
C04659,2026-04-13,Instagram,Burnout,Short,Visual,Story,54,67399,30450,2892,106,245,181,0.566,78,5.08,0.739,4.009,0.05927733942640098,Non-Viral
C02962,2026-04-13,Instagram,Self-Doubt,Short,Text,Confession,27,25649,33571,1992,129,324,112,0.516,71,9.969,0.346,9.3006,0.05934884011072557,Non-Viral
C00777,2026-04-13,Instagram,Career Stress,Long,Visual,Advice,25,137227,233497,11744,715,1307,819,0.486,268,10.628,0.627,9.1115,0.055457979843616785,Non-Viral
C02341,2026-04-13,YouTube,Social Anxiety,Short,Visual,Confession,11,52212,11048,2419,299,143,212,0.636,41,5.886,1.483,4.8092,0.06690958400367732,Viral
C02925,2026-04-13,YouTube,Career Stress,Long,Text,Question,44,134114,129597,8879,589,1581,1210,0.408,154,9.141,0.765,9.31,0.049470235769569174,Non-Viral
C03209,2026-04-13,Instagram,Self-Doubt,Short,Visual,List,20,125827,136556,9070,564,868,1866,0.477,503,9.829,2.15,9.312,0.05592557956559403,Non-Viral
C03071,2026-04-13,Instagram,Social Anxiety,Short,Text,List,50,116657,188197,8863,752,1622,904,0.48,611,10.407,0.557,10.4867,0.05754850544759423,Non-Viral
C02694,2026-04-14,YouTube,Family Pressure,Short,Visual,Confession,8,61610,47951,4300,519,723,421,0.567,178,9.679,0.582,9.6405,0.0652943840285668,Non-Viral
C01059,2026-04-14,Instagram,Family Pressure,Long,Text,Question,33,109302,59430,5620,300,609,459,0.439,81,6.393,0.754,5.494,0.048078789043201405,Non-Viral
C00500,2026-04-14,Instagram,Family Pressure,Long,Visual,List,23,14177,109380,892,43,122,41,0.352,43,7.745,0.336,6.761,0.04039503421034069,Non-Viral
C00954,2026-04-14,Instagram,Family Pressure,Long,Visual,Advice,28,22035,156204,650,46,81,77,0.425,24,3.876,0.951,3.5897,0.04551565690946222,Non-Viral
C03771,2026-04-14,Instagram,Burnout,Long,Visual,Advice,29,93027,215551,7972,728,1289,885,0.48,426,11.689,0.687,11.5182,0.05826314940823632,Non-Viral
C04743,2026-04-14,YouTube,College Life,Long,Visual,Advice,55,29034,217696,671,47,142,32,0.488,18,3.072,0.225,3.086,0.0515743335399876,Non-Viral
C03669,2026-04-14,Instagram,Friendship,Short,Text,Confession,46,13426,114698,590,60,77,83,0.531,12,6.033,1.078,5.8245,0.05820576493371072,Non-Viral
C03008,2026-04-14,Instagram,Social Anxiety,Short,Visual,Confession,33,5673,39491,236,8,38,13,0.658,12,5.2,0.342,4.7594,0.0697132734003173,Viral
C04710,2026-04-14,Instagram,Social Anxiety,Long,Text,Advice,44,144170,111982,14183,1370,1510,925,0.44,347,12.477,0.613,10.7696,0.05206339737809531,Non-Viral
C02276,2026-04-14,Instagram,Friendship,Short,Text,Advice,24,41716,69182,3888,312,301,228,0.501,215,11.336,0.757,9.0397,0.05610848595263209,Non-Viral
C01841,2026-04-14,Instagram,Dating,Long,Visual,List,51,3518,97264,279,10,16,29,0.513,12,9.494,1.812,7.4048,0.056245992040932356,Non-Viral
C01333,2026-04-14,Instagram,Family Pressure,Short,Text,Advice,17,162735,217869,6083,569,976,966,0.63,204,5.281,0.99,5.3799,0.0680041478477279,Viral
C04328,2026-04-14,YouTube,Family Pressure,Short,Visual,Confession,34,113377,133713,11865,1004,889,1208,0.627,238,13.2,1.359,11.0441,0.07075322067085918,Viral
C04336,2026-04-14,Instagram,College Life,Short,Visual,Advice,36,173569,66195,16708,1723,2352,580,0.534,392,12.308,0.247,11.0357,0.06198937943987694,Non-Viral
C04035,2026-04-14,Instagram,Friendship,Short,Text,Confession,32,55486,162610,3122,362,336,478,0.567,141,7.746,1.423,7.3316,0.06298807266697906,Non-Viral
C01437,2026-04-14,Instagram,Social Anxiety,Short,Visual,Advice,18,170005,25390,6213,992,778,1437,0.602,182,5.541,1.847,5.766,0.06567042734037234,Non-Viral
C01153,2026-04-15,Instagram,Family Pressure,Short,Visual,Advice,40,16055,188237,944,169,141,189,0.564,72,8.988,1.34,9.5079,0.06546259732170663,Non-Viral
C00994,2026-04-15,Instagram,Dating,Short,Text,Advice,43,72596,183861,6731,701,462,713,0.529,105,11.856,1.543,9.9578,0.06015866438922255,Non-Viral
C01741,2026-04-15,YouTube,Career Stress,Short,Text,Confession,21,21404,27508,993,64,204,148,0.481,75,6.583,0.725,7.0104,0.05491181087647169,Non-Viral
C02760,2026-04-15,Instagram,Friendship,Short,Visual,Advice,23,2043,28316,110,6,17,14,0.622,4,7.195,0.824,6.9995,0.06844082232011749,Viral
C01687,2026-04-15,Instagram,College Life,Short,Text,Question,24,14704,204686,1072,107,181,111,0.495,34,10.004,0.613,9.9395,0.058395538628944504,Non-Viral
C01496,2026-04-15,Instagram,Social Anxiety,Short,Visual,Question,39,173135,89951,21606,1714,1032,3350,0.702,475,16.0,3.246,13.3826,0.08017198717763595,Viral
C00238,2026-04-15,Instagram,Burnout,Short,Text,List,29,70956,196790,2239,335,147,470,0.483,121,4.497,3.197,4.2322,0.051927600202942674,Non-Viral
C03676,2026-04-15,YouTube,Self-Doubt,Long,Visual,Advice,15,142157,82092,13199,1242,718,592,0.547,393,11.08,0.825,8.301,0.05953268498913174,Non-Viral
C03173,2026-04-15,Instagram,Self-Doubt,Long,Text,List,32,80900,117025,3494,153,270,391,0.493,64,5.325,1.448,4.411,0.05253547589616811,Non-Viral
C03775,2026-04-15,Instagram,Career Stress,Long,Text,Advice,21,117524,115640,7322,438,594,309,0.435,137,7.371,0.52,5.7163,0.0471222388618495,Non-Viral
C00547,2026-04-15,Instagram,Burnout,Short,Visual,Story,25,90143,193548,7881,421,462,711,0.542,115,10.511,1.539,8.187,0.059573129361126215,Non-Viral
C04191,2026-04-15,Instagram,Dating,Short,Text,Question,43,34432,235663,2226,249,385,240,0.609,146,9.003,0.623,9.0657,0.06910748141263941,Viral
C03218,2026-04-15,YouTube,Family Pressure,Short,Visual,List,40,2605,218121,236,10,17,13,0.693,6,10.595,0.765,8.0614,0.07430959692898273,Viral
C00473,2026-04-15,Instagram,Self-Doubt,Long,Text,Advice,30,168794,148025,7516,538,1101,505,0.408,362,5.723,0.459,5.2597,0.045110875979004,Non-Viral
C02566,2026-04-15,Instagram,College Life,Short,Visual,Advice,39,95658,182333,3196,477,771,563,0.521,275,5.234,0.73,6.0136,0.05824062598005395,Non-Viral
C04670,2026-04-15,Instagram,Family Pressure,Short,Visual,List,44,31120,152281,1516,156,218,115,0.609,31,6.443,0.528,6.0283,0.06591285347043702,Non-Viral
C02990,2026-04-15,YouTube,Friendship,Short,Text,Question,27,12156,127602,759,44,143,124,0.506,58,8.802,0.867,9.2341,0.059496841066140185,Non-Viral
C00795,2026-04-15,Instagram,Dating,Short,Visual,Story,48,124235,138267,8591,889,716,1046,0.562,460,9.049,1.461,7.9438,0.062392699319837416,Non-Viral
C04520,2026-04-15,Instagram,Dating,Short,Visual,Question,13,156094,204994,11239,546,1374,1209,0.498,411,9.205,0.88,8.3145,0.05660935846348995,Non-Viral
C04616,2026-04-15,YouTube,Social Anxiety,Short,Visual,Advice,36,15726,113117,1928,74,158,142,0.479,58,14.638,0.899,11.6559,0.05583590232735597,Non-Viral
C02762,2026-04-15,Instagram,Burnout,Short,Visual,Confession,36,95957,134664,10156,966,1614,1185,0.544,332,14.508,0.734,14.3179,0.06718385109997187,Viral
C04284,2026-04-16,Instagram,Dating,Long,Visual,Advice,30,120951,209137,7490,532,789,1087,0.632,218,8.183,1.378,7.5105,0.06949139072847682,Viral
C00155,2026-04-16,Instagram,Burnout,Short,Text,List,34,65633,62301,1498,197,316,234,0.523,71,3.421,0.741,3.7489,0.055986407752197834,Non-Viral
C02661,2026-04-16,YouTube,Social Anxiety,Long,Visual,Advice,37,84026,37244,6072,291,932,835,0.476,314,9.676,0.896,9.4477,0.05609201437650252,Non-Viral
C00354,2026-04-16,Instagram,Career Stress,Long,Text,Confession,43,37749,235328,1072,92,139,198,0.473,67,3.976,1.424,3.9392,0.05089612175156958,Non-Viral
C04610,2026-04-16,Instagram,Dating,Long,Visual,Confession,28,29342,29758,2414,301,373,216,0.477,87,11.26,0.579,10.9382,0.057167657283075456,Non-Viral
C03893,2026-04-16,Instagram,Dating,Long,Text,Confession,17,16110,65799,543,24,81,72,0.529,24,4.469,0.889,4.311,0.0567268156424581,Non-Viral
C03325,2026-04-16,Instagram,Social Anxiety,Short,Visual,Story,28,78107,200024,7591,1050,533,781,0.619,446,12.745,1.465,10.9228,0.06998698324093872,Viral
C03619,2026-04-16,YouTube,College Life,Short,Visual,Confession,46,126084,62818,13033,1250,1973,1515,0.512,346,14.095,0.768,13.7531,0.06333357761492339,Non-Viral
C01924,2026-04-16,Instagram,Burnout,Long,Text,Story,37,19940,116095,682,71,56,109,0.463,43,4.604,1.946,4.18,0.04973781344032097,Non-Viral
C01444,2026-04-16,Instagram,Family Pressure,Short,Text,List,11,105014,200811,7675,538,1041,458,0.59,253,9.248,0.44,8.2689,0.06553769973527339,Non-Viral
C03261,2026-04-16,Instagram,Social Anxiety,Short,Text,Confession,26,95176,215883,3511,390,435,383,0.507,174,4.958,0.88,4.6351,0.054578603849710014,Non-Viral
C01100,2026-04-16,Instagram,Burnout,Short,Text,Advice,36,49533,100291,2737,366,277,497,0.45,103,7.827,1.794,7.5556,0.05163497062564352,Non-Viral
C03220,2026-04-16,Instagram,Friendship,Short,Visual,List,44,52136,180164,2315,236,119,90,0.7,132,5.294,0.756,3.9291,0.07222399110019947,Viral
C02007,2026-04-16,Instagram,College Life,Short,Text,List,30,34541,192115,2131,99,248,285,0.486,44,7.999,1.149,7.3188,0.054736185981876614,Non-Viral
C00633,2026-04-16,Instagram,Social Anxiety,Long,Visual,Advice,33,171765,25769,13555,1667,1564,2190,0.442,737,11.048,1.4,10.6832,0.05357822024277356,Non-Viral
C02934,2026-04-16,Instagram,Self-Doubt,Long,Text,Confession,45,172249,53429,3595,420,875,635,0.408,90,3.208,0.726,3.6706,0.04455764155379712,Non-Viral
C00621,2026-04-16,Instagram,Family Pressure,Short,Text,Advice,50,97864,237957,4794,477,381,414,0.582,141,6.198,1.087,5.1945,0.06195214583503638,Non-Viral
C00435,2026-04-16,YouTube,Dating,Short,Visual,Confession,44,75763,217525,5092,632,427,635,0.533,311,8.957,1.487,7.9788,0.05960188878476302,Non-Viral
C00005,2026-04-16,Instagram,Self-Doubt,Short,Visual,Advice,33,110052,5226,6623,469,1188,877,0.596,151,8.321,0.738,8.4805,0.06748763493621197,Viral
C02717,2026-04-16,Instagram,College Life,Short,Visual,Story,42,34802,66753,1584,110,225,160,0.602,56,5.974,0.711,5.6089,0.06496265731854492,Non-Viral
C02999,2026-04-16,Instagram,Family Pressure,Long,Text,Confession,41,49984,237184,1306,127,218,304,0.348,94,3.911,1.394,4.2123,0.03896833386683739,Non-Viral
C00407,2026-04-16,YouTube,College Life,Long,Visual,Question,16,100075,60700,4618,322,327,375,0.52,246,5.638,1.147,4.5196,0.05507719210592056,Non-Viral
C00091,2026-04-16,YouTube,College Life,Short,Visual,Advice,46,87763,14079,4247,518,708,249,0.582,166,6.52,0.352,6.2925,0.06356672629695885,Non-Viral
C00756,2026-04-17,YouTube,Family Pressure,Short,Visual,Confession,51,18267,220118,2262,164,299,79,0.623,74,15.35,0.264,13.3136,0.07230985383478404,Viral
C03860,2026-04-17,Instagram,Family Pressure,Long,Text,Confession,31,119182,37995,2939,235,573,246,0.446,219,3.35,0.429,3.3839,0.047678485006125086,Non-Viral
C02954,2026-04-17,Instagram,Social Anxiety,Short,Visual,Confession,41,73616,215738,11027,1217,1033,1256,0.42,449,19.742,1.216,17.5913,0.05591273636166051,Non-Viral
C01418,2026-04-17,Instagram,Burnout,Short,Text,Advice,45,95335,215139,7899,215,416,985,0.511,190,9.981,2.368,7.8565,0.05650147899512247,Non-Viral
C00140,2026-04-17,Instagram,College Life,Short,Visual,Question,17,172281,135503,11619,1146,1547,1716,0.583,604,9.303,1.109,9.0558,0.06632671217371619,Non-Viral
C00298,2026-04-17,Instagram,Career Stress,Short,Visual,Question,54,75574,154370,5122,736,997,769,0.54,320,10.088,0.771,10.8424,0.06445002249450871,Non-Viral
C03551,2026-04-17,Instagram,Social Anxiety,Short,Text,Advice,59,179216,202507,13213,681,683,1033,0.521,729,8.71,1.512,6.5524,0.05611415052227481,Non-Viral
C00082,2026-04-17,YouTube,College Life,Short,Visual,Advice,19,80440,237296,3545,409,768,791,0.527,312,6.854,1.03,7.7971,0.060709075087021384,Non-Viral
C04765,2026-04-17,Instagram,College Life,Short,Visual,Confession,32,42477,234040,1881,111,343,121,0.494,70,5.782,0.353,5.5983,0.05428028815594321,Non-Viral
C02078,2026-04-17,Instagram,Social Anxiety,Long,Text,Question,40,11752,11755,735,38,94,90,0.51,25,8.143,0.957,7.5434,0.05738189244383935,Non-Viral
C02841,2026-04-17,Instagram,Friendship,Short,Visual,Story,55,99860,220931,8413,946,493,1674,0.638,654,11.542,3.396,10.4672,0.072471640296415,Viral
C02916,2026-04-17,Instagram,Burnout,Long,Visual,Advice,20,157479,231471,4366,565,432,190,0.535,241,3.526,0.44,2.9887,0.05563457032366221,Non-Viral
C02318,2026-04-17,Instagram,Self-Doubt,Short,Visual,Advice,30,90810,67257,6896,781,438,370,0.54,361,9.344,0.845,7.3489,0.05868285431119921,Non-Viral
C03081,2026-04-17,YouTube,College Life,Short,Text,Question,23,146616,90006,5612,377,544,1129,0.513,376,5.226,2.075,4.9527,0.05566548534948437,Non-Viral
C01220,2026-04-17,Instagram,Self-Doubt,Long,Visual,Advice,37,142821,106032,3172,470,474,561,0.467,82,3.275,1.184,3.3854,0.04986550087172055,Non-Viral
C01992,2026-04-17,YouTube,Self-Doubt,Short,Visual,Confession,62,65444,108252,5159,488,299,452,0.562,261,9.776,1.512,7.812,0.06144647026465376,Non-Viral
C03744,2026-04-17,YouTube,Social Anxiety,Long,Text,Advice,37,172423,47308,4357,492,580,238,0.576,266,3.287,0.41,2.9767,0.0599558341984538,Non-Viral
C02565,2026-04-17,YouTube,Self-Doubt,Short,Text,Story,11,51508,13599,2813,125,503,258,0.579,116,7.181,0.513,7.0261,0.0641611633144366,Non-Viral
C04878,2026-04-17,YouTube,Family Pressure,Short,Text,Question,29,10357,240644,851,30,99,91,0.613,45,10.341,0.919,9.1677,0.06867182581828715,Viral
C01039,2026-04-17,Instagram,Self-Doubt,Short,Visual,Confession,47,11824,26343,446,40,69,63,0.522,13,5.227,0.913,5.2097,0.05693190121786198,Non-Viral
C00004,2026-04-17,YouTube,Burnout,Short,Text,Advice,13,178678,75985,18351,528,2589,937,0.597,593,12.539,0.362,10.9742,0.06823686519884933,Viral
C03104,2026-04-17,YouTube,Self-Doubt,Long,Visual,Confession,20,99877,184006,4881,154,536,320,0.496,166,5.898,0.597,4.9256,0.05320743714769167,Non-Viral
C00121,2026-04-17,YouTube,College Life,Short,Visual,List,35,155661,233122,4552,773,867,310,0.534,426,4.177,0.358,4.2763,0.057248748241370676,Non-Viral
C02135,2026-04-18,Instagram,College Life,Long,Visual,Advice,52,18846,109291,1508,140,237,192,0.413,79,11.021,0.81,10.9254,0.05112967207895575,Non-Viral
C03624,2026-04-18,Instagram,Self-Doubt,Long,Text,Question,36,105395,99041,5116,652,1078,935,0.613,126,7.383,0.867,8.1977,0.06949203947056312,Viral
C04416,2026-04-18,YouTube,College Life,Short,Text,Confession,40,140028,54284,5766,220,907,858,0.674,340,5.535,0.946,5.4632,0.07238864512811724,Viral
C00030,2026-04-18,Instagram,Burnout,Short,Text,Question,47,178171,117627,7923,592,1426,703,0.605,578,5.974,0.493,5.912,0.06578368814229027,Non-Viral
C03356,2026-04-18,YouTube,Friendship,Short,Visual,Question,33,28591,88220,3127,206,462,149,0.563,153,13.795,0.323,12.4392,0.06621570774019796,Non-Viral
C02157,2026-04-18,YouTube,Career Stress,Long,Visual,Story,8,19714,21835,1144,154,165,193,0.589,25,8.4,1.17,8.5422,0.06677511413208888,Viral
C01293,2026-04-18,Instagram,College Life,Short,Visual,Story,41,36799,103682,2326,219,152,123,0.496,47,7.663,0.809,5.9608,0.053354178102665836,Non-Viral
C03814,2026-04-18,Instagram,Friendship,Short,Visual,Question,9,129824,57851,10924,777,794,1417,0.635,568,10.716,1.785,9.1227,0.07042437453783584,Viral
C04529,2026-04-18,Instagram,College Life,Short,Text,Story,27,60701,70509,3020,88,185,186,0.53,149,5.731,1.005,4.2322,0.05550819591110526,Non-Viral
C00935,2026-04-18,Instagram,Self-Doubt,Short,Visual,Story,31,179550,43838,7247,812,1557,1091,0.527,409,5.963,0.701,6.5132,0.059103508771929825,Non-Viral
C01729,2026-04-18,Instagram,Friendship,Long,Text,List,37,58535,175741,1661,80,203,323,0.531,102,3.873,1.591,3.7678,0.056521030152899984,Non-Viral
C02146,2026-04-18,YouTube,Family Pressure,Short,Text,Advice,28,123163,28510,9910,353,1776,1522,0.624,249,11.011,0.857,11.2505,0.07302616207789678,Viral
C03489,2026-04-18,YouTube,College Life,Short,Visual,Question,29,44391,188542,958,107,266,134,0.523,62,3.3,0.504,3.842,0.05626364127863757,Non-Viral
C02521,2026-04-18,YouTube,College Life,Short,Visual,Question,31,153005,73140,13100,844,1722,590,0.53,385,10.624,0.343,9.2559,0.0600487892552531,Non-Viral
C04028,2026-04-18,Instagram,Family Pressure,Long,Visual,Story,46,126521,238149,3505,509,430,565,0.518,320,3.959,1.314,3.9013,0.055272546059547435,Non-Viral
C00285,2026-04-18,Instagram,Social Anxiety,Short,Visual,Advice,35,20365,81037,891,53,151,142,0.645,41,6.074,0.94,6.1969,0.07031880677633194,Viral
C00800,2026-04-18,Instagram,Career Stress,Long,Text,List,24,92302,196782,1846,306,106,193,0.41,129,2.655,1.821,2.26,0.04264135121665836,Non-Viral
C03125,2026-04-18,Instagram,Friendship,Long,Visual,List,15,139959,224341,2502,382,334,469,0.536,78,2.634,1.404,2.6894,0.05608858594302618,Non-Viral
C02735,2026-04-19,YouTube,Family Pressure,Long,Text,Question,21,113079,99534,5031,430,366,490,0.36,126,5.586,1.339,4.6326,0.03932687766959382,Non-Viral
C00186,2026-04-19,YouTube,Family Pressure,Short,Visual,List,19,154815,225781,6213,959,961,920,0.558,269,5.848,0.957,5.9865,0.06130528049607597,Non-Viral
C04322,2026-04-19,YouTube,Career Stress,Long,Visual,Question,34,82556,13613,7148,490,1020,255,0.508,155,10.796,0.25,9.5438,0.05817681089200059,Non-Viral
C04465,2026-04-19,Instagram,Family Pressure,Long,Visual,Question,57,143243,45159,8514,700,1035,1132,0.487,290,7.945,1.094,7.4531,0.055055284376897995,Non-Viral
C01643,2026-04-19,Instagram,Social Anxiety,Short,Visual,List,39,179421,207501,15160,1405,1175,1970,0.695,428,10.985,1.677,9.5599,0.0769155199224171,Viral
C00689,2026-04-19,Instagram,Burnout,Short,Visual,Story,23,156850,222584,6552,875,410,481,0.69,244,5.303,1.173,4.3229,0.0719330570608862,Viral
C00047,2026-04-19,YouTube,College Life,Short,Visual,Story,27,5698,249136,221,19,25,21,0.529,15,5.019,0.84,4.4928,0.056480203580203586,Non-Viral
C04297,2026-04-19,YouTube,Dating,Short,Visual,Story,44,170606,26635,8280,1503,1088,1972,0.625,278,7.528,1.812,7.973,0.0701588748344138,Viral
C04942,2026-04-19,YouTube,Burnout,Long,Text,Question,30,155408,230501,8772,313,830,857,0.5,220,6.931,1.033,5.8295,0.05435981416658087,Non-Viral
C00869,2026-04-19,Instagram,Career Stress,Long,Visual,Confession,38,178405,105234,14839,1106,1021,1120,0.416,716,10.138,1.097,8.0612,0.04698858215857179,Non-Viral
C03080,2026-04-19,YouTube,Social Anxiety,Long,Text,Question,22,157868,47330,15731,776,1677,2314,0.435,856,12.984,1.38,11.8381,0.053414928927965136,Non-Viral
C04545,2026-04-19,YouTube,Social Anxiety,Short,Visual,Confession,48,97261,89757,12971,415,1977,445,0.682,170,16.253,0.225,14.3213,0.07935966317434533,Viral
C02860,2026-04-19,YouTube,Career Stress,Short,Text,Question,46,107915,212284,7572,697,1520,563,0.44,184,9.593,0.37,9.7461,0.05287226057545291,Non-Viral
C00923,2026-04-19,YouTube,Career Stress,Long,Visual,List,43,34914,192940,1613,162,79,162,0.442,27,5.774,2.051,4.6128,0.04730620381508851,Non-Viral
C00219,2026-04-19,Instagram,Family Pressure,Short,Visual,Advice,48,161223,187414,9078,422,755,1713,0.564,412,7.423,2.269,6.7379,0.06208746394745167,Non-Viral
C03812,2026-04-19,YouTube,Self-Doubt,Long,Text,List,21,157380,81095,4079,362,319,619,0.424,207,3.418,1.94,3.0356,0.04483709492947007,Non-Viral
C00267,2026-04-19,Instagram,Burnout,Short,Visual,Question,31,84062,215187,6805,639,559,515,0.6,136,10.133,0.921,8.4081,0.06597059313363945,Non-Viral
C01184,2026-04-19,Instagram,Social Anxiety,Long,Visual,Story,24,69610,222772,3631,566,485,278,0.505,291,7.125,0.573,6.7167,0.05605308145381411,Non-Viral
C04094,2026-04-19,YouTube,Burnout,Short,Text,Story,21,2805,237360,143,14,15,5,0.626,2,6.31,0.333,5.2585,0.06628983957219252,Non-Viral
C01092,2026-04-19,Instagram,Dating,Short,Text,List,25,14281,227391,670,92,162,133,0.526,25,7.401,0.821,8.5778,0.061464925425390386,Non-Viral
C04144,2026-04-19,Instagram,Burnout,Long,Text,Question,50,92339,185841,4189,289,704,615,0.35,114,6.278,0.874,6.357,0.04089837446799294,Non-Viral
C03616,2026-04-19,YouTube,College Life,Short,Visual,List,61,79627,62389,3676,207,232,145,0.55,95,5.35,0.625,3.9365,0.05724735328468988,Non-Viral
C01263,2026-04-19,Instagram,College Life,Short,Text,Confession,38,35873,70850,2212,158,235,271,0.493,63,8.017,1.153,7.2199,0.055174891980040705,Non-Viral
C03601,2026-04-19,Instagram,Career Stress,Short,Text,Question,33,109823,38817,3281,441,779,511,0.518,178,4.564,0.656,5.1547,0.056990169636597074,Non-Viral
C02802,2026-04-19,Instagram,Dating,Short,Text,List,23,43192,168292,2265,190,195,323,0.484,45,6.883,1.656,6.1319,0.053334941655862195,Non-Viral
C04004,2026-04-19,YouTube,Burnout,Short,Visual,Story,31,37223,100375,2161,340,248,153,0.505,80,7.796,0.617,7.0937,0.056101375493646403,Non-Viral
C03556,2026-04-19,Instagram,Social Anxiety,Short,Text,List,51,161820,28034,11153,1126,562,456,0.523,560,8.217,0.811,6.0954,0.05575198368557657,Non-Viral
C03780,2026-04-19,Instagram,Social Anxiety,Short,Visual,Advice,20,145565,184785,17045,568,1019,1833,0.5,291,14.059,1.799,11.0586,0.057513138460481575,Non-Viral
C04759,2026-04-20,YouTube,Career Stress,Short,Text,Confession,30,109696,155458,2811,301,363,466,0.562,163,3.593,1.284,3.5352,0.0593751385647608,Non-Viral
C04106,2026-04-20,Instagram,Burnout,Short,Visual,List,26,69270,79911,6847,254,479,676,0.597,243,11.919,1.411,9.5186,0.06628943265482894,Non-Viral
C01319,2026-04-20,YouTube,Career Stress,Long,Visual,Advice,43,141513,230550,13710,533,1496,1828,0.415,552,12.414,1.222,11.164,0.05069738822581671,Non-Viral
C02578,2026-04-20,Instagram,Career Stress,Long,Visual,Story,57,68460,35479,3568,173,280,400,0.41,183,6.458,1.429,5.3805,0.04497239263803681,Non-Viral
C00031,2026-04-20,Instagram,Family Pressure,Short,Text,Question,31,58549,62832,2340,179,125,162,0.429,39,4.793,1.296,3.6508,0.04514939794018685,Non-Viral
C02382,2026-04-20,Instagram,Self-Doubt,Short,Visual,Advice,19,75844,115128,4488,217,462,157,0.571,92,7.02,0.34,5.6293,0.06089133484520858,Non-Viral
C01331,2026-04-20,Instagram,Friendship,Short,Visual,Advice,58,84931,178253,5902,519,337,278,0.606,255,8.284,0.825,6.2362,0.06428416714744911,Non-Viral
C03666,2026-04-20,YouTube,Friendship,Short,Visual,Confession,26,143286,130684,7149,1181,504,613,0.57,370,6.593,1.216,5.6419,0.06110263389305305,Non-Viral
C03500,2026-04-20,YouTube,Family Pressure,Long,Visual,List,24,56987,237700,1620,92,255,78,0.467,58,3.589,0.306,3.2797,0.049366397599452515,Non-Viral
C04047,2026-04-20,Instagram,Family Pressure,Long,Visual,Question,15,24415,202961,621,35,45,63,0.54,11,3.129,1.4,2.5558,0.055818554167519976,Non-Viral
C01919,2026-04-20,Instagram,Burnout,Long,Visual,List,31,111013,241960,1965,382,538,198,0.502,55,2.777,0.368,3.2118,0.05343205390359688,Non-Viral
C00883,2026-04-20,YouTube,Burnout,Long,Visual,Confession,32,82657,34966,4273,252,405,275,0.506,67,6.297,0.679,5.1774,0.054260307052034315,Non-Viral
C02040,2026-04-20,Instagram,Social Anxiety,Short,Text,Story,18,86323,86345,3554,470,936,323,0.631,222,6.12,0.345,6.8765,0.06991857674084544,Viral
C01373,2026-04-20,Instagram,College Life,Short,Text,Question,43,27892,87275,1248,79,101,211,0.581,69,5.876,2.089,5.2614,0.06242382045030833,Non-Viral
C02243,2026-04-20,YouTube,Dating,Short,Visual,Story,31,59304,209904,6098,393,423,276,0.506,241,12.124,0.652,9.206,0.056199959530554434,Non-Viral
C03587,2026-04-20,Instagram,Social Anxiety,Short,Visual,List,28,171431,83905,9053,735,1538,598,0.601,508,6.956,0.389,6.6727,0.06582679387042017,Non-Viral
C02435,2026-04-20,Instagram,Self-Doubt,Long,Visual,List,24,95977,15931,4473,749,649,539,0.448,257,6.679,0.831,6.6526,0.05069828813153152,Non-Viral
C03981,2026-04-20,YouTube,Self-Doubt,Short,Visual,Confession,17,139276,211823,15882,1211,1563,669,0.409,531,13.875,0.428,11.3333,0.04869531290387432,Non-Viral
C02217,2026-04-20,Instagram,Burnout,Short,Visual,Question,16,9113,53948,747,28,105,62,0.547,28,10.337,0.59,9.3767,0.06238682102490947,Non-Viral
C04227,2026-04-20,Instagram,Friendship,Short,Visual,Advice,18,150250,180198,6483,784,1142,997,0.552,94,6.26,0.873,6.5474,0.06139367720465891,Non-Viral
C03143,2026-04-20,YouTube,Social Anxiety,Short,Text,Question,46,168024,74114,10558,821,535,1212,0.563,459,7.812,2.265,6.2726,0.060629738608770176,Non-Viral
C03747,2026-04-20,YouTube,Dating,Long,Visual,Question,13,89780,51601,3615,200,610,608,0.382,276,5.606,0.997,5.7401,0.04362325685007797,Non-Viral
C00214,2026-04-20,Instagram,Family Pressure,Short,Text,List,39,139955,85458,5695,592,833,409,0.442,262,5.38,0.491,5.0391,0.04838956093029903,Non-Viral
C04444,2026-04-20,Instagram,College Life,Short,Visual,Confession,45,78569,10983,3200,386,382,569,0.649,141,5.775,1.49,5.6804,0.06999743028420878,Viral
C01473,2026-04-20,Instagram,College Life,Short,Visual,Story,25,82824,225044,6114,288,352,756,0.526,200,9.067,2.148,7.3131,0.05777241379310345,Non-Viral
C01890,2026-04-20,Instagram,Family Pressure,Short,Text,Advice,52,79368,166817,4886,465,1199,707,0.479,422,9.143,0.59,10.2705,0.05824925914726338,Non-Viral
C01057,2026-04-20,Instagram,Career Stress,Short,Text,List,18,48663,45619,2331,92,306,455,0.564,138,6.543,1.487,6.4351,0.06231825411503606,Non-Viral
C03453,2026-04-20,Instagram,College Life,Short,Text,Story,35,50825,175461,2973,207,415,303,0.494,133,7.669,0.73,7.1776,0.055473782587309395,Non-Viral
C02645,2026-04-20,Instagram,Family Pressure,Short,Visual,Story,42,5483,191729,267,30,26,25,0.473,15,6.347,0.962,5.59,0.05162245121283969,Non-Viral
C00020,2026-04-20,Instagram,Self-Doubt,Long,Visual,Question,35,101513,27141,3677,500,745,670,0.483,150,5.509,0.899,6.0716,0.0543213962743688,Non-Viral
C03817,2026-04-20,Instagram,Friendship,Short,Text,Story,31,162856,140296,13220,1277,1000,709,0.584,458,9.951,0.709,7.9478,0.06364543154688805,Non-Viral
C00506,2026-04-21,YouTube,College Life,Long,Text,Story,41,109487,25937,3876,334,562,327,0.344,84,4.657,0.582,4.3649,0.03806344862860431,Non-Viral
C02047,2026-04-21,YouTube,Friendship,Short,Visual,Story,32,25038,20929,2012,135,166,104,0.572,118,9.653,0.627,7.6464,0.06223834172058471,Non-Viral
C04025,2026-04-21,Instagram,Dating,Short,Text,List,58,74530,234535,2009,220,204,311,0.441,58,3.682,1.525,3.4463,0.04702633838722662,Non-Viral
C02337,2026-04-21,Instagram,Career Stress,Short,Text,Advice,45,46467,155161,1950,107,316,306,0.529,50,5.765,0.968,5.8009,0.058281238298147076,Non-Viral
C01803,2026-04-21,YouTube,Self-Doubt,Long,Visual,List,40,60815,243107,4472,590,836,416,0.495,209,10.382,0.498,10.624,0.05919333223711255,Non-Viral
C01743,2026-04-21,Instagram,Friendship,Long,Text,Story,49,155205,168387,10835,1043,1871,1760,0.384,274,9.993,0.941,10.383,0.0482347347057118,Non-Viral
C04050,2026-04-21,Instagram,Social Anxiety,Short,Visual,Confession,44,105990,177479,15713,1136,1523,1757,0.508,192,18.991,1.154,16.6464,0.06384698556467591,Non-Viral
C01566,2026-04-21,YouTube,Friendship,Short,Text,Advice,26,73238,125338,5091,520,932,341,0.517,85,9.399,0.366,9.2896,0.05988837215653077,Non-Viral
C02991,2026-04-21,Instagram,Family Pressure,Short,Visual,Advice,28,77736,147139,5708,728,312,1050,0.594,326,10.031,3.365,8.9817,0.06666304414942884,Viral
C00871,2026-04-21,YouTube,Social Anxiety,Short,Visual,Question,16,71680,193191,6932,388,676,289,0.615,222,11.558,0.428,9.2829,0.06776534598214286,Viral
C03443,2026-04-21,Instagram,College Life,Short,Visual,Story,37,64740,74644,4846,152,831,355,0.582,147,9.552,0.427,9.0423,0.06597340129749768,Non-Viral
C03397,2026-04-21,Instagram,Career Stress,Short,Visual,List,39,40354,92503,2708,234,400,96,0.567,69,8.52,0.24,7.6746,0.06274401050701293,Non-Viral
C02180,2026-04-21,YouTube,Burnout,Short,Visual,List,20,42957,219248,1368,44,132,143,0.653,87,3.927,1.083,3.3336,0.06783509323276767,Viral
C00833,2026-04-21,Instagram,Burnout,Short,Text,Question,55,38716,106001,1625,155,231,209,0.6,99,5.734,0.905,5.5688,0.06490494885835313,Non-Viral
C02845,2026-04-21,Instagram,Career Stress,Short,Text,Question,13,56738,35893,1135,108,143,259,0.474,96,2.899,1.811,2.9548,0.05018913602876379,Non-Viral
C01368,2026-04-21,Instagram,Social Anxiety,Long,Visual,Confession,33,31136,60420,2282,349,320,138,0.491,133,9.921,0.431,9.3156,0.0567358556012333,Non-Viral
C01458,2026-04-21,YouTube,College Life,Short,Text,Advice,21,115455,205863,6393,378,797,504,0.519,259,6.991,0.632,6.2037,0.056807106664934395,Non-Viral
C02205,2026-04-21,Instagram,Dating,Short,Visual,List,41,26631,205519,1854,142,300,345,0.715,41,9.917,1.15,10.2512,0.08125554804551087,Viral
C04424,2026-04-21,Instagram,Friendship,Long,Text,Advice,48,70392,24252,4065,265,388,278,0.493,181,7.097,0.716,5.8956,0.05352988407773611,Non-Viral
C02846,2026-04-21,Instagram,Social Anxiety,Short,Visual,Story,42,147023,209984,9635,327,1387,1294,0.657,380,8.599,0.933,8.2008,0.07291927861627093,Viral
C03884,2026-04-21,YouTube,College Life,Short,Text,List,51,97355,198860,2410,211,432,335,0.677,163,3.48,0.775,3.5823,0.07105421909506446,Viral
C00792,2026-04-21,YouTube,Burnout,Long,Text,Advice,25,127441,197536,4784,422,769,446,0.387,249,5.038,0.58,4.8838,0.042961972206746656,Non-Viral
C01853,2026-04-21,YouTube,Self-Doubt,Short,Visual,Confession,20,102212,155815,7271,1123,587,1456,0.612,362,10.211,2.48,9.7767,0.06970585058505852,Viral
C00537,2026-04-21,Instagram,Career Stress,Long,Visual,Question,29,117251,168185,4873,774,337,997,0.427,235,5.954,2.958,5.6311,0.04753450034541283,Non-Viral
C00222,2026-04-21,YouTube,Family Pressure,Long,Text,Advice,9,84165,240949,6485,224,345,804,0.348,169,9.336,2.33,7.392,0.03990960613081447,Non-Viral
C02391,2026-04-21,Instagram,Self-Doubt,Short,Visual,Advice,54,47114,44499,1906,78,347,334,0.486,32,5.656,0.963,5.8985,0.054289391688245536,Non-Viral
C04179,2026-04-22,Instagram,College Life,Short,Text,Story,40,79417,97093,5062,433,586,754,0.516,203,8.606,1.287,8.1173,0.05858653940592065,Non-Viral
C00114,2026-04-22,YouTube,Career Stress,Long,Text,Advice,37,169623,93049,4068,470,724,264,0.543,169,3.258,0.365,3.2065,0.057103275499195284,Non-Viral
C00205,2026-04-22,YouTube,Social Anxiety,Long,Visual,Story,28,72217,79593,5586,563,393,815,0.494,432,10.187,2.074,8.9266,0.05640389105058366,Non-Viral
C03016,2026-04-22,YouTube,Self-Doubt,Short,Text,Confession,37,124337,246409,5184,663,765,381,0.476,106,5.624,0.498,5.3431,0.05208780330874961,Non-Viral
C02004,2026-04-22,Instagram,Family Pressure,Long,Text,Confession,46,162622,185476,4436,819,983,594,0.5,343,4.201,0.604,4.6633,0.054571337211447406,Non-Viral
C00798,2026-04-22,Instagram,College Life,Short,Text,Question,21,125075,9484,7637,342,407,730,0.538,415,7.288,1.794,5.6066,0.057425424745152914,Non-Viral
C01555,2026-04-22,YouTube,Family Pressure,Long,Text,List,20,38964,33139,1983,194,139,163,0.439,54,6.362,1.173,5.1984,0.04750717585463505,Non-Viral
C00647,2026-04-22,YouTube,Friendship,Short,Visual,Confession,30,101032,238481,6522,380,1216,428,0.624,189,8.459,0.352,8.2499,0.06965116794678913,Viral
C00905,2026-04-22,YouTube,Career Stress,Short,Text,Confession,36,166798,26525,10743,948,2711,1293,0.641,670,9.41,0.477,10.4992,0.0745920322785645,Viral
C01213,2026-04-22,YouTube,Family Pressure,Short,Visual,Advice,27,100728,171850,7224,416,626,250,0.703,351,8.454,0.399,6.5662,0.07446071003097451,Viral
C00916,2026-04-22,Instagram,Career Stress,Long,Visual,Confession,31,102681,67587,4018,388,975,874,0.599,286,6.092,0.896,7.0743,0.06729328600227891,Viral
C00335,2026-04-22,YouTube,Friendship,Short,Visual,List,24,48688,169322,5463,546,854,664,0.544,77,15.46,0.778,15.282,0.06806661189615511,Viral
C01520,2026-04-22,YouTube,Self-Doubt,Short,Text,Question,34,3200,216410,119,4,9,15,0.548,4,4.594,1.667,3.8281,0.057659375000000006,Non-Viral
C02507,2026-04-22,YouTube,Dating,Long,Text,Question,49,18600,36594,967,124,127,78,0.402,42,6.968,0.614,6.4866,0.04553064516129033,Non-Viral
C04526,2026-04-22,Instagram,Burnout,Short,Text,Confession,37,114375,36539,8548,923,562,1096,0.575,143,9.73,1.95,8.3379,0.06379639344262295,Non-Viral
C00485,2026-04-23,Instagram,Self-Doubt,Short,Visual,List,23,153012,158808,9256,873,771,1427,0.669,167,8.056,1.851,7.2573,0.07282110422711945,Viral
C03132,2026-04-23,Instagram,Self-Doubt,Long,Visual,Confession,8,113731,137296,9405,1262,1840,1101,0.481,290,11.965,0.598,12.5889,0.05994901214268757,Non-Viral
C02354,2026-04-23,Instagram,Family Pressure,Short,Visual,Question,51,117720,69331,2820,367,469,494,0.572,148,3.525,1.053,3.6999,0.06071936799184506,Non-Viral
C00176,2026-04-23,Instagram,College Life,Long,Text,Question,48,118429,10814,3304,319,195,408,0.328,76,3.568,2.092,2.982,0.03497852046373777,Non-Viral
C03954,2026-04-23,Instagram,Self-Doubt,Long,Visual,Question,8,56358,16510,2717,428,288,184,0.537,57,6.418,0.639,5.7357,0.058118183753859264,Non-Viral
C04742,2026-04-23,Instagram,Social Anxiety,Short,Text,Question,48,178038,23791,13961,1490,859,2278,0.521,316,10.44,2.652,9.1826,0.05936502207393928,Non-Viral
C00612,2026-04-23,Instagram,Burnout,Short,Visual,List,17,129001,231335,7406,412,616,833,0.554,576,7.184,1.352,6.0736,0.05996508089084581,Non-Viral
C01248,2026-04-23,YouTube,Dating,Short,Visual,Confession,29,119247,30386,11179,965,703,1714,0.519,441,12.211,2.438,10.5445,0.0600788221087323,Non-Viral
C02465,2026-04-23,Instagram,Self-Doubt,Long,Text,Advice,26,66835,28500,1303,208,132,273,0.423,103,2.867,2.068,2.8511,0.04488098301787986,Non-Viral
C01954,2026-04-23,YouTube,Family Pressure,Long,Text,Question,24,55481,126017,2007,166,78,269,0.323,67,4.542,3.449,3.649,0.034836003316450675,Non-Viral
C02409,2026-04-23,YouTube,Career Stress,Short,Text,List,9,60818,164807,1440,161,148,68,0.487,49,2.988,0.459,2.5346,0.05052758393896544,Non-Viral
C04167,2026-04-23,YouTube,Self-Doubt,Short,Text,Advice,45,78213,85433,3336,265,294,189,0.485,154,5.222,0.643,4.2519,0.0514247056115991,Non-Viral
C02730,2026-04-23,Instagram,Social Anxiety,Short,Visual,Confession,38,71585,60730,4047,310,581,482,0.609,243,7.571,0.83,7.2578,0.06722185513724943,Viral
C02582,2026-04-23,Instagram,College Life,Short,Text,Advice,41,10005,49415,431,29,22,21,0.485,6,5.027,0.955,3.6682,0.05055397301349326,Non-Viral
C00939,2026-04-23,Instagram,Friendship,Short,Text,Advice,18,34537,176356,1455,83,364,172,0.452,51,6.005,0.473,6.6248,0.05179727249037265,Non-Viral
C02077,2026-04-23,YouTube,Burnout,Short,Visual,Story,39,71727,231827,2827,250,199,485,0.638,193,5.243,2.437,4.6782,0.06759982433393284,Viral
C04323,2026-04-23,Instagram,Career Stress,Long,Text,Story,28,108377,76840,3220,224,455,293,0.523,82,3.868,0.644,3.5958,0.0553103250689722,Non-Viral
C03292,2026-04-23,YouTube,Burnout,Short,Visual,List,43,101154,134739,8268,414,1618,1482,0.566,440,11.648,0.916,12.4296,0.06880712972299662,Viral
C00073,2026-04-23,YouTube,Self-Doubt,Short,Visual,Story,35,85808,73598,6389,782,1142,236,0.503,369,9.963,0.207,9.6326,0.05848105537945181,Non-Viral
C03631,2026-04-23,Instagram,Dating,Short,Visual,List,36,68454,43236,4979,649,676,654,0.676,263,10.164,0.967,9.9322,0.07633214129196249,Viral
C02716,2026-04-23,Instagram,College Life,Short,Text,Confession,26,14659,88274,1134,82,85,197,0.618,23,10.219,2.318,9.1343,0.06928004638788458,Viral
C02189,2026-04-23,YouTube,Dating,Short,Visual,Question,35,146377,118562,15783,987,2755,637,0.589,786,13.774,0.231,12.9194,0.0696865306708021,Viral
C02274,2026-04-23,Instagram,Career Stress,Short,Text,Question,42,53677,220844,2921,358,405,384,0.598,57,7.579,0.948,7.4157,0.06634190807981072,Non-Viral
C02020,2026-04-23,Instagram,Family Pressure,Short,Visual,Confession,39,105522,141496,4242,154,679,361,0.612,221,5.152,0.532,4.8435,0.06534084266787969,Non-Viral
C00231,2026-04-23,Instagram,Family Pressure,Short,Text,Question,36,154750,6554,8141,1466,2029,568,0.581,690,7.886,0.28,8.7189,0.06652229402261713,Viral
C04807,2026-04-24,Instagram,College Life,Short,Visual,Advice,39,56909,36973,2090,127,332,223,0.516,145,4.871,0.672,4.7049,0.055735549737299904,Non-Viral
C03286,2026-04-24,YouTube,Dating,Short,Visual,List,36,179540,107510,9225,847,329,395,0.507,187,6.013,1.201,4.2665,0.052892269132226805,Non-Viral
C04180,2026-04-24,Instagram,Dating,Short,Visual,Advice,20,121942,176668,8489,304,1089,889,0.498,480,8.833,0.816,7.9919,0.05637976743041774,Non-Viral
C04485,2026-04-24,Instagram,Dating,Short,Visual,Confession,43,174402,17335,10832,1303,1319,1494,0.564,348,8.571,1.133,8.2083,0.0634939553445488,Non-Viral
C04867,2026-04-24,Instagram,Social Anxiety,Short,Text,List,29,98895,45099,10543,500,919,1371,0.622,429,13.482,1.492,11.6492,0.07129904444107388,Viral
C02644,2026-04-24,YouTube,Friendship,Short,Text,List,21,159827,210697,15998,1626,2038,1662,0.466,335,13.342,0.816,12.4359,0.05698372740525694,Non-Viral
C03662,2026-04-24,Instagram,Self-Doubt,Short,Visual,Question,19,115796,90155,6185,617,1157,631,0.529,482,7.418,0.545,7.5573,0.05983029120176863,Non-Viral
C00710,2026-04-24,Instagram,Career Stress,Short,Visual,Question,35,32378,120187,2315,90,456,176,0.519,123,9.38,0.386,9.3042,0.06028532336771882,Non-Viral
C03139,2026-04-24,Instagram,Dating,Short,Visual,Story,15,59350,80726,5773,585,1032,486,0.553,119,13.27,0.471,13.1963,0.06705989890480203,Viral
C01697,2026-04-24,Instagram,Dating,Long,Visual,Question,25,11123,22044,581,70,98,91,0.556,23,7.552,0.929,7.8351,0.06296312146003777,Non-Viral
C03560,2026-04-24,YouTube,College Life,Long,Text,List,42,131764,171796,7999,275,606,1145,0.407,478,7.608,1.889,6.4661,0.045689602622871195,Non-Viral
C00054,2026-04-24,YouTube,Family Pressure,Short,Visual,Story,39,5821,80382,334,36,26,29,0.649,14,7.301,1.115,6.133,0.06933222813949493,Viral
C01768,2026-04-24,YouTube,Career Stress,Long,Text,Question,38,4551,161269,254,24,37,32,0.361,9,7.625,0.865,7.4269,0.04265899802241266,Non-Viral
C00277,2026-04-24,Instagram,Self-Doubt,Long,Visual,Advice,28,141233,55628,13800,1193,1730,635,0.438,558,12.29,0.367,10.7266,0.05192805789015316,Non-Viral
C00474,2026-04-24,YouTube,Burnout,Long,Text,List,37,12622,231307,525,29,65,18,0.34,16,5.047,0.277,4.2545,0.03708984313104104,Non-Viral
C04481,2026-04-24,YouTube,Career Stress,Long,Text,List,20,14480,15479,613,99,108,49,0.451,36,6.001,0.454,6.0566,0.050497099447513814,Non-Viral
C01499,2026-04-24,Instagram,Social Anxiety,Short,Text,Advice,42,26623,74689,1658,169,88,102,0.498,42,7.576,1.159,5.8239,0.053389001990759875,Non-Viral
C01968,2026-04-24,YouTube,Self-Doubt,Short,Visual,List,39,116357,179274,11388,909,443,520,0.495,250,11.396,1.174,8.1014,0.05372578787696486,Non-Viral
C02976,2026-04-24,Instagram,College Life,Short,Text,List,37,43611,21532,2500,280,255,125,0.661,199,7.246,0.49,6.1567,0.07055415147554517,Viral
C01802,2026-04-24,YouTube,Self-Doubt,Short,Visual,List,47,130547,106333,4780,311,321,454,0.779,186,4.493,1.414,3.6213,0.08040714302128736,Viral
C01075,2026-04-24,Instagram,Social Anxiety,Long,Text,Confession,48,159159,114184,6628,534,608,599,0.422,217,5.258,0.985,4.4842,0.04555136561551656,Non-Viral
C02527,2026-04-24,Instagram,Dating,Long,Text,Story,39,31897,196802,1066,64,163,220,0.473,60,4.743,1.35,4.8845,0.051969718155312414,Non-Viral
C03090,2026-04-24,Instagram,Career Stress,Long,Visual,Question,24,38070,112409,2074,142,274,145,0.564,102,6.921,0.529,6.2044,0.06134089834515366,Non-Viral
C04343,2026-04-24,YouTube,Dating,Short,Visual,Advice,23,174784,190493,18885,853,871,2347,0.534,960,13.134,2.695,10.315,0.06040292932991578,Non-Viral
C01789,2026-04-25,YouTube,Friendship,Long,Text,Question,33,164431,68930,3870,218,603,806,0.386,92,3.343,1.337,3.4562,0.0419196295102505,Non-Viral
C01431,2026-04-25,Instagram,Social Anxiety,Short,Text,List,22,88905,225948,4457,519,908,219,0.608,79,6.865,0.241,6.9389,0.06701056183566728,Viral
C02026,2026-04-25,Instagram,Self-Doubt,Short,Visual,Advice,33,115172,177576,3828,418,588,260,0.675,294,4.423,0.442,4.1894,0.07101908449970479,Viral
C02549,2026-04-25,Instagram,Social Anxiety,Short,Visual,Advice,56,9342,245033,509,47,69,23,0.503,20,6.936,0.333,6.1871,0.055116955684007714,Non-Viral
C02395,2026-04-25,YouTube,Friendship,Short,Visual,Advice,28,62889,168443,4184,409,717,592,0.563,288,9.385,0.826,9.605,0.06523001955826932,Non-Viral
C04707,2026-04-25,Instagram,Family Pressure,Short,Text,Confession,24,57877,125961,5363,442,713,417,0.622,263,11.982,0.585,10.9154,0.07105066606769529,Viral
C00070,2026-04-25,YouTube,Career Stress,Short,Visual,Confession,20,29579,149639,1790,194,285,302,0.538,37,8.692,1.06,8.9422,0.0621826363298286,Non-Viral
C03938,2026-04-25,Instagram,Self-Doubt,Short,Text,List,28,108874,23239,5044,224,465,876,0.465,160,6.07,1.884,5.5156,0.051144359534875186,Non-Viral
C00367,2026-04-25,Instagram,Self-Doubt,Long,Text,Confession,14,55857,160763,1769,65,133,129,0.396,115,3.752,0.97,2.9343,0.04153887963907836,Non-Viral
C03123,2026-04-25,Instagram,Self-Doubt,Short,Visual,Advice,19,116408,239438,12091,1102,719,1689,0.607,567,13.402,2.349,11.3682,0.06925224726822898,Viral
C04606,2026-04-25,Instagram,Burnout,Long,Visual,Question,42,2431,91821,110,10,18,14,0.484,6,6.253,0.778,6.2526,0.054076676264911555,Non-Viral
C01102,2026-04-25,Instagram,Friendship,Short,Visual,Question,30,128155,171340,11459,823,571,869,0.649,658,10.707,1.522,8.1269,0.0699025359915727,Viral
C03636,2026-04-25,Instagram,Career Stress,Short,Text,Advice,32,171194,107001,11799,1055,1384,1574,0.484,194,9.236,1.137,8.6346,0.05572064207857752,Non-Viral
C01712,2026-04-25,Instagram,Family Pressure,Short,Visual,List,35,20210,242940,1229,36,52,63,0.608,31,6.828,1.212,4.7031,0.06316021771400297,Non-Viral
C02454,2026-04-25,YouTube,College Life,Long,Visual,List,17,163480,162931,9592,864,528,1020,0.499,282,7.343,1.932,5.9432,0.054017934915586006,Non-Viral
C00124,2026-04-25,YouTube,Career Stress,Short,Text,Question,35,88048,117201,4525,559,694,772,0.508,359,7.439,1.112,7.6402,0.057929633836089414,Non-Viral
C02913,2026-04-25,Instagram,Dating,Short,Visual,Confession,43,162148,82506,6837,895,1301,991,0.52,175,6.182,0.762,6.5656,0.05827204775883761,Non-Viral
C00109,2026-04-25,YouTube,Burnout,Long,Visual,Story,8,136031,98335,12450,1117,541,500,0.431,787,10.739,0.924,7.7361,0.04722405995692158,Non-Viral
C04417,2026-04-25,Instagram,Burnout,Long,Visual,Advice,33,95707,61134,4414,313,600,195,0.529,145,5.77,0.325,5.0848,0.056822910549907533,Non-Viral
C02463,2026-04-26,Instagram,Social Anxiety,Short,Text,Advice,37,161249,159652,10274,465,2216,766,0.56,767,8.509,0.346,8.6912,0.06404191033742845,Non-Viral
C02459,2026-04-26,Instagram,College Life,Long,Text,Advice,36,176368,135167,8888,1166,1564,1427,0.487,538,7.396,0.912,7.79,0.0561095073936315,Non-Viral
C02456,2026-04-26,Instagram,Career Stress,Long,Text,Story,36,12526,174861,984,100,173,139,0.467,40,11.145,0.803,11.4881,0.05744165735270638,Non-Viral
C00519,2026-04-26,Instagram,Friendship,Short,Visual,Story,24,136808,195575,14598,912,1163,520,0.608,487,12.567,0.447,9.6456,0.06676565990292965,Viral
C01541,2026-04-26,Instagram,Family Pressure,Long,Text,Story,59,135958,38330,5898,419,1104,801,0.449,377,6.047,0.726,6.2457,0.050783802350725965,Non-Viral
C00944,2026-04-26,Instagram,Dating,Short,Text,Advice,47,69849,106680,2807,86,196,385,0.508,151,4.974,1.964,4.1382,0.05390097496027145,Non-Viral
C00974,2026-04-26,Instagram,College Life,Short,Visual,Advice,17,158576,100348,11648,1238,1091,784,0.58,247,9.308,0.719,7.8965,0.0637502396327313,Non-Viral
C03138,2026-04-26,YouTube,Burnout,Short,Text,Confession,33,7947,204918,688,92,97,105,0.491,40,12.357,1.082,12.3694,0.06029290298225746,Non-Viral
C04116,2026-04-26,Instagram,Burnout,Short,Visual,Advice,18,76382,155358,4225,476,701,226,0.595,170,7.368,0.322,7.0455,0.06545231860909638,Non-Viral
C00076,2026-04-26,Instagram,Family Pressure,Long,Text,Story,56,130886,52260,3953,367,388,497,0.422,190,3.977,1.281,3.5795,0.04509373959017771,Non-Viral
C00290,2026-04-26,Instagram,Burnout,Short,Visual,Question,48,22950,151952,1199,79,155,200,0.567,48,7.115,1.29,6.8976,0.06286993464052287,Non-Viral
C03990,2026-04-26,YouTube,Social Anxiety,Short,Visual,Advice,48,82460,35507,6650,743,654,910,0.498,364,10.862,1.391,9.9703,0.05803126364297842,Non-Viral
C01420,2026-04-26,Instagram,College Life,Long,Visual,Confession,50,117479,226553,9161,1124,772,1096,0.406,421,10.345,1.42,9.1714,0.04779107244699053,Non-Viral
C02239,2026-04-26,Instagram,Family Pressure,Long,Visual,Confession,37,101320,214980,5470,843,1054,432,0.449,350,7.697,0.41,7.9209,0.05210834978286617,Non-Viral
C02980,2026-04-26,YouTube,Friendship,Long,Visual,Advice,28,172832,43205,8730,889,1010,1607,0.497,337,7.08,1.591,6.9099,0.05589069385299019,Non-Viral
C03410,2026-04-26,Instagram,Social Anxiety,Short,Text,Question,43,121928,157858,6925,637,1360,766,0.569,270,7.946,0.563,8.2262,0.06458773374450495,Non-Viral
C00709,2026-04-26,Instagram,Social Anxiety,Short,Visual,Question,15,152950,185266,16433,1078,1269,964,0.591,740,12.909,0.76,10.1788,0.06578159529257928,Non-Viral
C00973,2026-04-26,Instagram,Family Pressure,Long,Text,Confession,39,141290,90517,7469,633,532,629,0.457,409,6.556,1.182,5.3351,0.04940196050675915,Non-Viral
C03451,2026-04-26,Instagram,College Life,Short,Visual,Question,21,95161,32634,4084,409,243,350,0.601,324,5.345,1.44,4.2922,0.06299719527957882,Non-Viral
C03874,2026-04-26,YouTube,Career Stress,Long,Visual,Question,32,153732,201821,8940,788,1109,378,0.401,179,7.295,0.341,6.3324,0.04485275154164391,Non-Viral
C03498,2026-04-26,YouTube,Self-Doubt,Short,Text,Confession,59,151873,15770,10785,1289,1934,493,0.545,867,9.548,0.255,9.2933,0.06247738900265354,Non-Viral
C03846,2026-04-26,Instagram,Self-Doubt,Short,Visual,Advice,27,118977,119913,5580,305,843,759,0.571,282,6.293,0.9,6.131,0.06258677475478454,Non-Viral
C01799,2026-04-27,Instagram,College Life,Short,Visual,List,27,5574,98507,210,9,31,12,0.615,7,4.7,0.387,4.225,0.06489074273412271,Non-Viral
C03262,2026-04-27,YouTube,Social Anxiety,Short,Text,Question,71,113117,65101,9042,1077,1558,365,0.621,235,10.646,0.234,10.2023,0.07069419892677493,Viral
C02960,2026-04-27,Instagram,Burnout,Long,Text,Question,29,9003,142629,435,57,92,78,0.356,18,7.353,0.848,8.1639,0.043747284238587134,Non-Viral
C04453,2026-04-27,Instagram,Social Anxiety,Short,Text,Question,28,104616,165866,10309,398,559,631,0.495,274,11.372,1.129,8.307,0.054284640972700166,Non-Viral
C04890,2026-04-27,Instagram,Career Stress,Short,Visual,List,33,176057,99630,4101,258,349,862,0.593,277,3.164,2.47,2.9584,0.0618806982965744,Non-Viral
C01795,2026-04-27,YouTube,Burnout,Short,Text,Advice,38,171713,43281,14324,1423,2651,2389,0.586,715,12.106,0.901,12.8281,0.07096423567231369,Viral
C04112,2026-04-27,Instagram,Social Anxiety,Short,Visual,Question,30,84093,81399,5763,399,657,545,0.743,101,8.757,0.83,7.7783,0.0804717384324498,Viral
C04726,2026-04-27,Instagram,Social Anxiety,Long,Visual,Story,35,38728,189171,2718,329,142,482,0.575,93,9.479,3.394,8.3725,0.06415797355918199,Non-Viral
C02178,2026-04-27,Instagram,Friendship,Long,Text,Advice,14,101208,50027,2790,336,338,529,0.51,147,3.945,1.565,3.9236,0.05456888783495376,Non-Viral
C03056,2026-04-27,YouTube,Family Pressure,Short,Visual,Advice,24,23060,21811,2666,253,146,136,0.652,87,13.881,0.932,10.5052,0.07146409366869039,Viral
C01508,2026-04-27,Instagram,Family Pressure,Short,Visual,Confession,41,170811,152244,18102,1299,2813,1124,0.664,389,13.663,0.4,12.6962,0.07692566872156946,Viral
C02769,2026-04-27,YouTube,Dating,Short,Visual,List,31,72811,53024,4452,590,660,539,0.567,117,8.572,0.817,8.4726,0.06421534795566604,Non-Viral
C03072,2026-04-27,Instagram,Career Stress,Short,Text,Story,60,158590,71733,10623,1329,2430,1277,0.428,819,9.874,0.526,10.8134,0.05336781638186519,Non-Viral
C00785,2026-04-27,Instagram,Friendship,Long,Visual,Story,46,104399,63443,3556,247,396,236,0.544,83,4.248,0.596,3.648,0.057139968773647264,Non-Viral
C00768,2026-04-27,YouTube,Burnout,Short,Text,Advice,31,59939,14693,2934,140,217,567,0.562,160,6.437,2.613,5.7759,0.06101739768764912,Non-Viral
C00644,2026-04-27,Instagram,Self-Doubt,Long,Visual,Advice,36,128755,75845,4142,374,641,393,0.453,72,4.311,0.613,4.1482,0.048891705176498004,Non-Viral
C03971,2026-04-27,Instagram,College Life,Long,Visual,Story,27,173544,125060,8964,1196,2053,1756,0.303,649,8.049,0.855,9.189,0.03969271884939843,Non-Viral
C01101,2026-04-27,Instagram,College Life,Long,Text,Advice,27,115140,104411,5517,447,945,751,0.557,250,6.653,0.795,6.7448,0.06193241271495571,Non-Viral
C04281,2026-04-27,Instagram,Family Pressure,Short,Visual,Advice,29,125575,212024,10037,416,1467,448,0.494,606,9.849,0.305,8.7115,0.056224208640254826,Non-Viral
C01202,2026-04-27,Instagram,Dating,Short,Visual,Confession,30,156121,118355,7791,475,1019,722,0.457,355,6.41,0.709,5.8346,0.05048090711691573,Non-Viral
C03923,2026-04-27,YouTube,Career Stress,Short,Text,List,21,36741,43356,2046,136,249,103,0.433,31,6.897,0.414,5.9334,0.047745986772270765,Non-Viral
C03427,2026-04-27,YouTube,Friendship,Long,Text,Confession,24,120125,157446,7408,365,704,419,0.292,551,7.406,0.595,5.995,0.033339438085327786,Non-Viral
C00622,2026-04-27,Instagram,Dating,Short,Visual,Question,37,72224,30775,5460,547,683,838,0.702,172,10.423,1.227,10.0735,0.07907239698715109,Viral
C03855,2026-04-28,Instagram,Dating,Short,Text,Question,46,115907,22865,7393,675,733,482,0.338,387,8.009,0.658,6.7917,0.03876691312862899,Non-Viral
C00276,2026-04-28,Instagram,College Life,Short,Text,Question,8,169007,126709,5931,889,410,395,0.559,325,4.512,0.963,3.7389,0.05848184572236653,Non-Viral
C01808,2026-04-28,Instagram,Family Pressure,Short,Visual,Confession,32,104114,162866,2800,306,610,396,0.568,241,3.95,0.649,4.3039,0.06101845284976083,Non-Viral
C01932,2026-04-28,YouTube,Self-Doubt,Short,Visual,Confession,40,92166,231700,12406,560,901,1492,0.648,528,16.664,1.656,13.812,0.07496698131632056,Viral
C01146,2026-04-28,YouTube,Dating,Long,Visual,List,51,75358,184229,4571,265,328,418,0.472,217,7.407,1.274,5.9755,0.051350189760874757,Non-Viral
C04428,2026-04-28,YouTube,Family Pressure,Short,Text,Confession,30,89266,122865,7918,286,650,706,0.495,143,10.71,1.086,8.6819,0.05562999350256537,Non-Viral
C01517,2026-04-28,Instagram,Burnout,Long,Text,List,60,148309,157828,2978,207,618,196,0.37,159,2.696,0.317,2.7278,0.039480968788138275,Non-Viral
C02686,2026-04-28,YouTube,Dating,Short,Visual,Advice,63,68423,212303,6699,750,511,660,0.626,309,12.598,1.292,10.7091,0.07049865980737471,Viral
C04355,2026-04-28,Instagram,Dating,Long,Text,Question,22,123152,101156,9863,1178,809,1019,0.49,356,10.45,1.26,9.0648,0.05587321358971028,Non-Viral
C02844,2026-04-28,Instagram,Burnout,Short,Visual,List,10,130199,133336,6181,952,1217,354,0.586,452,6.685,0.291,6.8184,0.06471871058917503,Non-Viral
C03656,2026-04-28,Instagram,Social Anxiety,Short,Text,Question,32,149835,6870,8038,1137,1722,1390,0.514,251,8.2,0.807,9.1237,0.06049300230253279,Non-Viral
C04895,2026-04-28,YouTube,Burnout,Short,Text,Advice,30,155764,136031,7941,472,306,402,0.451,195,5.856,1.314,4.1091,0.04721281168947895,Non-Viral
C02958,2026-04-29,Instagram,Burnout,Short,Text,Advice,9,28931,92400,2363,127,179,178,0.511,108,9.841,0.994,7.829,0.05638844492067333,Non-Viral
C04608,2026-04-29,Instagram,Burnout,Short,Text,List,35,40831,118047,1517,200,168,191,0.571,97,5.084,1.137,4.7623,0.061089615733143934,Non-Viral
C02416,2026-04-29,YouTube,Social Anxiety,Long,Visual,Confession,27,12056,68035,679,92,90,91,0.562,21,7.896,1.011,7.7099,0.06296841406768415,Non-Viral
C00651,2026-04-29,Instagram,Self-Doubt,Long,Text,Story,31,29746,189151,746,47,93,84,0.464,42,3.261,0.903,2.9937,0.04889109123915821,Non-Viral
C01492,2026-04-29,Instagram,Dating,Short,Visual,Advice,59,113096,27999,5745,953,509,740,0.553,141,7.027,1.454,6.4627,0.06055217514324115,Non-Viral
C00444,2026-04-29,Instagram,Family Pressure,Short,Visual,Confession,8,46422,240592,2876,311,273,397,0.526,63,8.309,1.454,7.5772,0.05881687992762053,Non-Viral
C04473,2026-04-29,Instagram,Burnout,Short,Visual,Question,18,171663,180087,11103,271,954,587,0.657,357,7.523,0.615,5.8219,0.0694634784432289,Viral
C01244,2026-04-29,Instagram,Self-Doubt,Short,Visual,Confession,39,90590,135645,10784,796,1623,932,0.565,329,15.603,0.574,14.7025,0.06896660779335467,Viral
C00729,2026-04-29,Instagram,Social Anxiety,Long,Text,List,43,13738,68525,838,67,96,44,0.499,33,7.607,0.458,6.5184,0.05473694860969573,Non-Viral
C04217,2026-04-29,YouTube,Self-Doubt,Long,Text,Advice,45,104701,100255,6719,810,712,615,0.4,395,8.458,0.864,7.584,0.04598275088108042,Non-Viral
C04714,2026-04-29,Instagram,Burnout,Short,Visual,Confession,36,123562,221562,11471,307,1346,851,0.448,162,11.31,0.632,9.6599,0.05214084912837281,Non-Viral
C01031,2026-04-29,Instagram,Self-Doubt,Short,Text,List,33,41442,238767,962,137,79,166,0.563,23,3.243,2.101,3.0295,0.058855378601418845,Non-Viral
C04561,2026-04-29,Instagram,Friendship,Short,Visual,Question,47,24316,66666,706,38,58,50,0.598,53,3.504,0.862,2.813,0.06172465866096397,Non-Viral
C04014,2026-04-29,YouTube,Self-Doubt,Long,Text,Confession,39,66780,100819,3937,361,322,447,0.431,137,7.588,1.388,6.5439,0.04808876909254268,Non-Viral
C04830,2026-04-29,Instagram,Career Stress,Long,Text,Story,16,69389,37668,2746,158,412,94,0.389,42,4.914,0.228,4.3725,0.0423198504085662,Non-Viral
C00282,2026-04-29,Instagram,Social Anxiety,Long,Visual,Story,9,109406,87465,12661,388,919,1624,0.445,636,14.252,1.767,11.8069,0.05326505858910846,Non-Viral
C03644,2026-04-30,Instagram,Career Stress,Short,Visual,List,32,29706,84967,1171,72,151,109,0.531,60,5.06,0.722,4.5933,0.0568517673197334,Non-Viral
C02540,2026-04-30,YouTube,Social Anxiety,Short,Text,Story,50,154935,227367,15067,2001,2743,2091,0.567,248,14.136,0.762,14.8101,0.070652948010456,Viral
C03660,2026-04-30,YouTube,Self-Doubt,Short,Visual,List,38,82174,70651,2867,192,444,564,0.549,208,4.949,1.27,5.0886,0.05974094725825688,Non-Viral
C00235,2026-04-30,Instagram,Self-Doubt,Long,Visual,List,34,36999,35870,1216,141,164,183,0.413,52,4.606,1.116,4.5339,0.04535010946241791,Non-Viral
C03141,2026-04-30,Instagram,Burnout,Long,Text,Advice,54,149741,91001,5810,245,844,734,0.367,213,5.097,0.87,4.8567,0.04095234237783907,Non-Viral
C03709,2026-04-30,Instagram,Dating,Long,Text,Story,17,58241,179344,3286,425,218,251,0.343,95,7.177,1.151,5.9005,0.03837187376590375,Non-Viral
C00563,2026-04-30,Instagram,Dating,Long,Text,Question,41,75949,5233,5003,623,375,758,0.249,248,8.899,2.021,8.0014,0.0313464311577506,Non-Viral
C01477,2026-04-30,Instagram,Self-Doubt,Short,Text,Story,32,83479,45887,7503,862,964,888,0.403,425,12.239,0.921,11.6347,0.050236630769415064,Non-Viral
C02298,2026-04-30,Instagram,Friendship,Short,Visual,Confession,46,59579,12344,4240,251,648,432,0.705,74,9.351,0.667,8.9033,0.07820153913291596,Viral
C01120,2026-04-30,YouTube,College Life,Short,Text,Story,57,72523,65595,2114,295,161,249,0.474,117,3.887,1.547,3.4203,0.05003916274836948,Non-Viral
C01116,2026-04-30,YouTube,Career Stress,Short,Visual,Confession,44,50732,115381,2717,306,387,379,0.565,68,7.469,0.979,7.3652,0.06307868800756919,Non-Viral
C01918,2026-04-30,Instagram,Burnout,Short,Visual,Story,15,178989,42094,6202,568,1231,1185,0.623,293,5.132,0.963,5.5959,0.0678570454050249,Viral
C00718,2026-04-30,Instagram,Family Pressure,Long,Text,Story,38,78500,71667,2025,96,157,91,0.35,37,3.018,0.58,2.3051,0.0364312101910828,Non-Viral
C04415,2026-04-30,YouTube,Self-Doubt,Short,Visual,Story,52,92065,116089,6275,291,1180,1031,0.575,238,9.533,0.874,9.9669,0.06710136859827295,Viral
C02156,2026-04-30,YouTube,Career Stress,Short,Visual,Question,54,158654,101666,11279,1722,1957,1588,0.588,856,10.429,0.811,10.885,0.06898159012694291,Viral
C04293,2026-04-30,YouTube,Self-Doubt,Short,Text,Story,26,105595,144870,5642,621,525,432,0.466,234,6.837,0.823,5.8634,0.050946796723329704,Non-Viral
C00284,2026-04-30,Instagram,College Life,Long,Text,Question,37,140453,152337,6293,509,508,285,0.446,228,5.408,0.561,4.2747,0.047379933500886415,Non-Viral
C03015,2026-04-30,Instagram,Family Pressure,Short,Visual,Confession,29,27731,77699,1357,85,64,197,0.664,65,6.141,3.078,5.0197,0.07002951209837366,Viral
C02739,2026-04-30,Instagram,Friendship,Short,Visual,List,40,21091,201051,1349,147,235,119,0.612,62,8.772,0.506,8.7146,0.06895212175809587,Viral
C00203,2026-05-01,Instagram,Social Anxiety,Short,Text,Advice,27,68191,220136,1720,279,410,307,0.504,34,3.983,0.749,4.5791,0.055069971110557114,Non-Viral
C04573,2026-05-01,Instagram,Friendship,Short,Text,Story,44,130173,12004,6807,1062,811,730,0.529,181,7.229,0.9,6.829,0.058609709386739185,Non-Viral
C00185,2026-05-01,Instagram,College Life,Short,Text,Story,34,63902,6475,2383,203,372,87,0.508,85,4.765,0.234,4.3598,0.05430458514600482,Non-Viral
C04638,2026-05-01,Instagram,Friendship,Short,Text,Story,37,138573,12390,10150,708,2213,1305,0.516,690,10.374,0.59,11.1032,0.062378073650711185,Non-Viral
C03116,2026-05-01,Instagram,College Life,Long,Visual,Question,34,63648,58694,2177,139,370,140,0.493,82,4.44,0.378,4.2217,0.0529034125188537,Non-Viral
C00055,2026-05-01,Instagram,Burnout,Long,Text,Question,29,106017,47746,7848,816,807,859,0.414,307,9.744,1.064,8.7599,0.04841066810039899,Non-Viral
C03450,2026-05-01,YouTube,Social Anxiety,Short,Visual,Story,9,28202,68204,2426,251,249,111,0.526,76,10.769,0.446,9.0721,0.05908890149634778,Non-Viral
C04363,2026-05-01,Instagram,Career Stress,Long,Text,Question,34,163954,155633,4929,377,222,380,0.366,165,3.603,1.712,2.7178,0.03824954804396355,Non-Viral
C01519,2026-05-01,Instagram,Social Anxiety,Short,Visual,List,46,113795,69121,10278,1167,567,1976,0.521,833,12.292,3.485,11.022,0.06108985016916385,Non-Viral
C02664,2026-05-01,Instagram,Self-Doubt,Long,Text,Question,35,14830,150544,407,54,103,39,0.391,35,4.066,0.379,4.528,0.04356055293324343,Non-Viral
C01549,2026-05-01,Instagram,College Life,Short,Visual,Advice,8,23765,247312,1321,156,84,53,0.665,84,6.792,0.631,5.2704,0.0697442667788765,Viral
C00183,2026-05-01,Instagram,Self-Doubt,Short,Text,List,36,109159,244822,3433,313,857,332,0.605,163,4.521,0.387,4.9662,0.0653754569023168,Non-Viral
C04196,2026-05-01,Instagram,Career Stress,Long,Visual,Advice,50,95720,246054,2927,221,419,218,0.502,57,3.954,0.52,3.644,0.05319937317175094,Non-Viral
C01353,2026-05-01,Instagram,Burnout,Short,Visual,List,38,114373,249543,4946,592,1320,524,0.545,264,6.454,0.397,7.3173,0.061844390721586394,Non-Viral
C01356,2026-05-01,Instagram,Self-Doubt,Short,Visual,Confession,27,146577,39547,7692,619,507,1205,0.507,679,6.838,2.377,5.9392,0.05535625575636014,Non-Viral
C03842,2026-05-01,YouTube,Social Anxiety,Short,Visual,Story,35,103190,136439,7463,591,957,821,0.564,151,9.528,0.858,8.8487,0.06381932357786607,Non-Viral
C00252,2026-05-01,YouTube,Social Anxiety,Long,Visual,Advice,42,58758,92073,4383,214,791,398,0.521,167,9.847,0.503,9.6693,0.060736270805677534,Non-Viral
C01814,2026-05-01,YouTube,Dating,Long,Visual,Advice,33,60108,25291,3595,645,520,305,0.524,280,8.426,0.587,8.2102,0.05942485526053105,Non-Viral
C02642,2026-05-01,Instagram,Friendship,Short,Text,Confession,41,120999,100283,8641,272,613,887,0.49,139,8.606,1.447,6.8939,0.0538161555054174,Non-Viral
C01018,2026-05-01,Instagram,Family Pressure,Short,Text,Advice,33,85680,97035,6487,806,426,734,0.541,366,9.866,1.723,8.4016,0.060318487394957994,Non-Viral
C02977,2026-05-01,Instagram,Social Anxiety,Short,Text,List,44,70732,136415,2355,107,311,475,0.603,185,4.592,1.527,4.5538,0.06452015495108296,Non-Viral
C02011,2026-05-01,Instagram,Career Stress,Long,Visual,Story,48,64051,61357,2431,149,375,231,0.414,149,4.974,0.616,4.7244,0.04546551029648249,Non-Viral
C03140,2026-05-01,Instagram,Career Stress,Long,Visual,Advice,27,66925,174067,2245,161,235,140,0.418,157,4.155,0.596,3.5099,0.04436854688083676,Non-Viral
C02948,2026-05-01,Instagram,Social Anxiety,Short,Visual,Story,8,5602,229562,647,34,102,91,0.595,37,15.602,0.892,15.3963,0.07347715101749375,Viral
C03706,2026-05-02,YouTube,Career Stress,Long,Visual,Question,36,90561,113538,5463,429,672,522,0.591,278,7.825,0.777,7.1057,0.06487897770563487,Non-Viral
C04825,2026-05-02,YouTube,College Life,Short,Visual,Story,28,33458,76474,1504,154,214,223,0.43,107,6.262,1.042,6.1898,0.04856817502540499,Non-Viral
C04085,2026-05-02,Instagram,Career Stress,Long,Text,Story,9,148644,21248,9813,563,1359,1054,0.393,407,8.604,0.776,8.0299,0.0461095584080084,Non-Viral
C04660,2026-05-02,Instagram,Self-Doubt,Short,Visual,List,36,17297,105360,1233,118,203,64,0.532,32,9.354,0.315,8.8484,0.06061458056310343,Non-Viral
C03927,2026-05-02,Instagram,Dating,Short,Text,List,8,67250,42088,5748,432,828,613,0.49,138,11.332,0.74,10.7539,0.05823866171003718,Non-Viral
C02597,2026-05-02,YouTube,Career Stress,Long,Visual,List,20,45909,48590,2319,221,284,204,0.308,107,6.596,0.718,5.9923,0.03563892047310985,Non-Viral
C04716,2026-05-02,Instagram,Self-Doubt,Short,Visual,Story,43,95408,20977,7014,765,660,1083,0.623,585,9.98,1.641,9.2241,0.07002105064564816,Viral
C03638,2026-05-02,Instagram,Family Pressure,Short,Text,Question,37,157347,120291,11985,560,989,1678,0.471,174,9.668,1.697,8.3608,0.053661612232835706,Non-Viral
C02538,2026-05-02,Instagram,Self-Doubt,Short,Visual,Advice,17,170659,193177,4387,647,440,547,0.56,210,3.528,1.243,3.2685,0.05869045289143849,Non-Viral
C04883,2026-05-02,YouTube,Family Pressure,Short,Visual,Advice,37,124912,232777,7004,204,672,776,0.461,133,6.93,1.155,5.905,0.0506295888305367,Non-Viral
C05000,2026-05-02,Instagram,Friendship,Long,Visual,Story,8,120766,41635,9439,311,811,483,0.481,600,9.145,0.596,7.1088,0.05270808505705248,Non-Viral
C00406,2026-05-02,Instagram,Self-Doubt,Short,Text,Advice,32,133824,138253,2708,270,483,165,0.593,130,2.71,0.342,2.6438,0.06159667324246772,Non-Viral
C00021,2026-05-02,Instagram,Dating,Short,Text,List,41,163059,139851,11409,992,812,533,0.57,342,8.43,0.656,6.5587,0.06113408643497138,Non-Viral
C02254,2026-05-02,Instagram,Career Stress,Short,Visual,Confession,36,140247,7494,6176,570,629,254,0.58,288,5.44,0.404,4.5192,0.061171190827611285,Non-Viral
C01053,2026-05-02,Instagram,Burnout,Long,Text,Story,25,170779,171114,4201,484,508,679,0.482,244,3.438,1.337,3.3426,0.05115645249123136,Non-Viral
C01162,2026-05-02,YouTube,Dating,Long,Visual,Question,44,29452,14491,581,114,159,132,0.552,14,3.348,0.83,4.0829,0.05955454298519626,Non-Viral
C00453,2026-05-02,Instagram,College Life,Long,Text,List,30,51736,195295,2266,140,190,110,0.474,72,5.23,0.579,4.1229,0.05009638162981289,Non-Viral
C00180,2026-05-02,Instagram,Friendship,Short,Visual,Story,48,112730,179639,8655,1226,1939,798,0.555,587,11.193,0.412,12.046,0.06699516543954583,Viral
C00405,2026-05-02,Instagram,College Life,Short,Visual,Question,37,80291,129049,5137,352,422,506,0.45,338,7.992,1.199,6.6938,0.049913377589019946,Non-Viral
C04797,2026-05-03,YouTube,Friendship,Short,Text,Story,50,135634,175405,7220,326,491,725,0.516,196,6.46,1.477,5.1772,0.055193125617470556,Non-Viral
C00876,2026-05-03,Instagram,Dating,Short,Text,Confession,33,105539,200130,3045,179,852,608,0.452,172,4.438,0.714,5.271,0.05081545968788789,Non-Viral
C04140,2026-05-03,Instagram,Burnout,Long,Text,Story,50,18998,130737,614,100,131,43,0.411,42,4.674,0.328,4.9268,0.045671533845667966,Non-Viral
C03129,2026-05-03,Instagram,Career Stress,Short,Text,Story,20,154514,12872,6030,691,1009,490,0.534,85,5.32,0.486,5.2154,0.05796075177653805,Non-Viral
C03012,2026-05-03,Instagram,Burnout,Short,Text,Question,35,27840,81300,2786,111,156,350,0.572,75,12.223,2.244,9.7971,0.06409116379310345,Non-Viral
C04270,2026-05-03,Instagram,Burnout,Short,Visual,Question,34,93057,24885,9889,837,1256,427,0.612,402,13.335,0.34,11.6294,0.06999944550114447,Viral
C04340,2026-05-03,YouTube,Family Pressure,Short,Text,Story,49,170755,189545,15739,1645,2178,966,0.589,622,12.022,0.444,11.0117,0.0677820239524465,Viral
C00667,2026-05-03,Instagram,Friendship,Short,Text,Story,45,32263,229824,1967,119,321,154,0.509,122,7.938,0.48,7.5411,0.05736251123578093,Non-Viral
C04346,2026-05-03,Instagram,College Life,Short,Visual,Advice,54,13464,156243,955,87,146,130,0.638,35,9.789,0.89,9.6999,0.07254554367201427,Viral
C00629,2026-05-03,YouTube,Family Pressure,Long,Text,List,30,139698,183065,2489,171,253,351,0.422,135,2.336,1.387,2.1203,0.04395235150109522,Non-Viral
C00556,2026-05-03,Instagram,Family Pressure,Long,Visual,Question,31,97287,72433,5030,617,703,492,0.561,134,7.033,0.7,6.7157,0.06182018871997287,Non-Viral
C02350,2026-05-03,YouTube,Dating,Short,Visual,Question,27,92086,161210,4642,433,293,888,0.651,156,6.794,3.031,6.109,0.07013008057685208,Viral
C02685,2026-05-03,Instagram,Career Stress,Short,Text,Advice,57,178861,101212,10397,373,1463,1227,0.473,352,7.525,0.839,7.0451,0.05335162668217219,Non-Viral
C03762,2026-05-03,Instagram,Friendship,Short,Visual,Confession,60,30199,138579,1100,124,134,104,0.573,52,4.841,0.776,4.4571,0.06094581608662538,Non-Viral
C04962,2026-05-03,Instagram,Career Stress,Short,Visual,Advice,41,56128,156228,4275,117,293,303,0.623,88,8.887,1.034,6.7667,0.06658128563283923,Viral
C04126,2026-05-03,YouTube,Social Anxiety,Long,Text,Story,41,86781,131914,2838,118,157,163,0.523,175,3.775,1.038,2.7575,0.05388156739378436,Non-Viral
C01767,2026-05-03,Instagram,Family Pressure,Short,Visual,Confession,43,168036,199151,9044,501,2306,1013,0.507,736,7.656,0.439,8.461,0.059131229022352357,Non-Viral
C04134,2026-05-03,Instagram,Dating,Short,Visual,Advice,32,179311,69592,10495,425,1283,1194,0.732,520,7.471,0.931,6.7603,0.07877299886788876,Viral
C01152,2026-05-03,Instagram,Friendship,Short,Visual,Question,47,75564,164054,3146,129,358,242,0.461,210,5.128,0.676,4.3996,0.04944881689693505,Non-Viral
C00115,2026-05-03,Instagram,Self-Doubt,Short,Visual,List,50,91375,126063,6931,601,430,838,0.611,384,9.631,1.949,8.0252,0.06695554035567716,Viral
C03374,2026-05-03,Instagram,Burnout,Short,Visual,Confession,41,138778,160287,13317,668,877,843,0.715,655,11.317,0.961,8.6307,0.07688810186052544,Viral
C03376,2026-05-03,Instagram,Self-Doubt,Long,Visual,Confession,35,54998,151057,3186,320,142,237,0.51,133,7.064,1.669,5.4057,0.05432739372340813,Non-Viral
C01379,2026-05-03,Instagram,Friendship,Short,Visual,Advice,35,89932,140473,10349,830,1095,565,0.541,202,14.276,0.516,12.0474,0.06284827647555932,Non-Viral
C03377,2026-05-03,Instagram,Friendship,Short,Text,Confession,45,148412,200508,10674,1830,1729,2211,0.512,615,11.08,1.279,11.9202,0.0627613966525618,Non-Viral
C01008,2026-05-03,YouTube,Social Anxiety,Short,Visual,Advice,68,144646,68953,15765,1280,854,2601,0.52,1090,14.173,3.046,12.1445,0.06137875917757837,Non-Viral
C01091,2026-05-03,YouTube,Family Pressure,Short,Visual,Advice,33,77691,135071,6266,627,1080,248,0.585,242,10.582,0.23,10.052,0.06692375564737228,Viral
C00159,2026-05-03,Instagram,Family Pressure,Short,Text,Confession,49,90785,64352,5167,275,207,347,0.569,86,6.605,1.676,4.7486,0.05952708597235226,Non-Viral
C01737,2026-05-03,Instagram,Self-Doubt,Long,Text,Question,46,142188,96582,3556,421,490,195,0.541,182,3.279,0.398,3.0027,0.056506321208540815,Non-Viral
C01490,2026-05-04,YouTube,College Life,Long,Visual,Question,32,138799,184055,9266,1039,1373,520,0.452,537,8.788,0.379,8.1777,0.05189817505889812,Non-Viral
C03903,2026-05-04,Instagram,Career Stress,Short,Visual,Advice,31,168042,85826,6628,1121,460,1347,0.556,189,5.687,2.928,5.3972,0.06023723354875568,Non-Viral
C04536,2026-05-04,Instagram,Burnout,Short,Text,Story,21,71255,42818,6829,467,394,238,0.594,217,11.126,0.604,8.1019,0.06387337028980422,Non-Viral
C02715,2026-05-04,Instagram,Social Anxiety,Short,Text,Story,36,88317,159324,6322,283,764,554,0.457,294,8.971,0.725,7.9096,0.05195530758517613,Non-Viral
C01217,2026-05-04,YouTube,Dating,Long,Text,Advice,9,48283,59445,3125,245,466,406,0.371,151,8.786,0.871,8.5744,0.04472690802145683,Non-Viral
C02313,2026-05-04,Instagram,Dating,Short,Visual,Story,23,81274,199932,8943,857,691,653,0.603,253,13.712,0.945,11.241,0.06811799837586435,Viral
C02251,2026-05-04,Instagram,Family Pressure,Short,Text,Question,39,96366,160406,3764,241,335,201,0.683,187,4.712,0.6,3.7882,0.07086522009837495,Viral
C01241,2026-05-04,Instagram,Career Stress,Long,Visual,Confession,30,133858,190608,9031,459,1767,640,0.24,577,8.888,0.362,8.8041,0.0318889569543845,Non-Viral
C03940,2026-05-04,Instagram,Dating,Long,Text,Question,24,21067,53191,408,44,62,27,0.492,30,2.568,0.435,2.4208,0.05122211990316609,Non-Viral
C01051,2026-05-04,YouTube,Family Pressure,Short,Text,Advice,39,51064,106868,1538,82,203,178,0.481,24,3.919,0.877,3.6366,0.05117555224815918,Non-Viral
C02901,2026-05-04,YouTube,Dating,Short,Visual,Confession,8,130615,142013,5695,283,953,636,0.556,365,5.793,0.667,5.6678,0.06066909619875207,Non-Viral
C02952,2026-05-04,Instagram,Social Anxiety,Short,Text,Question,34,150485,130681,16797,1006,1119,1676,0.371,973,13.688,1.498,11.042,0.04479013522942486,Non-Viral
C02066,2026-05-04,YouTube,Dating,Short,Visual,Question,11,110954,31105,9020,1262,751,503,0.438,366,10.397,0.67,8.7081,0.049911992357193076,Non-Viral
C01618,2026-05-04,YouTube,Career Stress,Short,Text,Question,27,84194,12113,3438,252,257,243,0.489,131,4.977,0.946,3.9837,0.05158843385514407,Non-Viral
C04169,2026-05-04,Instagram,College Life,Short,Text,Question,41,17646,138020,427,24,26,31,0.414,22,2.879,1.192,2.2073,0.0427940836450187,Non-Viral
C00940,2026-05-04,Instagram,Social Anxiety,Long,Visual,Question,26,68464,201646,6598,274,735,493,0.348,288,11.831,0.671,10.0797,0.042391580976863755,Non-Viral
C04395,2026-05-04,Instagram,Dating,Long,Visual,Story,43,147351,31010,11243,983,1886,2063,0.424,264,10.977,1.094,11.4556,0.05336056355233422,Non-Viral
C00897,2026-05-04,Instagram,College Life,Short,Visual,Question,35,115945,171070,4507,507,988,321,0.63,249,5.453,0.325,5.7096,0.06832105739790417,Viral
C04173,2026-05-04,Instagram,Social Anxiety,Short,Visual,Confession,8,75276,77783,4741,334,711,333,0.595,420,8.129,0.468,7.5329,0.06574302566555076,Non-Viral
C00445,2026-05-04,Instagram,Career Stress,Short,Text,Confession,53,143366,200712,6549,1025,1241,647,0.593,623,6.6,0.521,6.8559,0.06562158252305289,Non-Viral
C00420,2026-05-04,YouTube,Burnout,Long,Visual,Confession,44,73297,54032,2925,272,319,138,0.465,140,4.985,0.433,4.2341,0.04957993505873365,Non-Viral
C00017,2026-05-05,Instagram,Burnout,Short,Visual,Story,33,142040,107763,17747,527,2105,1123,0.554,278,15.138,0.533,12.8309,0.064997296536187,Non-Viral
C04396,2026-05-05,Instagram,Friendship,Short,Text,Question,50,150938,122359,8869,1115,1983,1932,0.511,335,9.208,0.974,10.5474,0.061960088248154875,Non-Viral
C01000,2026-05-05,YouTube,College Life,Long,Visual,Story,62,150532,61544,6932,361,398,893,0.554,359,5.702,2.244,4.6419,0.0587291924640608,Non-Viral
C04109,2026-05-05,Instagram,Burnout,Short,Text,Advice,51,59079,206151,2739,345,624,396,0.401,136,6.947,0.635,7.7032,0.047739770476819175,Non-Viral
C03311,2026-05-05,Instagram,Social Anxiety,Short,Visual,Question,19,86264,87340,5223,482,743,309,0.525,85,7.833,0.416,7.1658,0.05828862561439303,Non-Viral
C02811,2026-05-05,Instagram,Burnout,Long,Text,Story,54,77481,159875,4926,472,635,737,0.57,138,8.738,1.161,8.4537,0.06445537615673519,Non-Viral
C00608,2026-05-05,Instagram,Friendship,Long,Visual,Advice,51,16328,222862,608,23,40,59,0.439,16,4.471,1.475,3.5307,0.04629772170504655,Non-Viral
C02959,2026-05-05,Instagram,Career Stress,Long,Text,Confession,45,178243,20645,8144,294,850,703,0.453,231,5.605,0.827,4.7514,0.04887657804233547,Non-Viral
C01442,2026-05-05,Instagram,Career Stress,Short,Text,Story,58,81084,214688,4436,290,443,576,0.473,234,7.085,1.3,6.3317,0.05242616545804351,Non-Viral
C03665,2026-05-05,YouTube,College Life,Long,Visual,Confession,42,125601,169645,11679,1162,1493,1535,0.498,205,12.634,1.028,12.0473,0.06020318150333198,Non-Viral
C02743,2026-05-05,Instagram,Dating,Short,Visual,Question,52,66699,101232,7768,430,1000,615,0.573,466,14.712,0.615,13.1321,0.06777991724013853,Viral
C03995,2026-05-05,YouTube,Self-Doubt,Short,Visual,Confession,56,70419,200743,3050,282,202,202,0.574,93,5.305,1.0,4.2006,0.0601520981553274,Non-Viral
C01916,2026-05-06,YouTube,College Life,Long,Visual,List,31,34009,13921,2610,300,341,188,0.408,117,10.112,0.551,9.274,0.048293604634067455,Non-Viral
C00549,2026-05-06,YouTube,Career Stress,Short,Text,Story,34,92424,151854,4329,486,382,445,0.429,261,6.104,1.165,5.3336,0.046993092703193975,Non-Viral
C01680,2026-05-06,YouTube,Burnout,Short,Visual,Advice,19,107995,241108,9784,822,500,852,0.64,501,11.073,1.704,8.6384,0.0695919255521089,Viral
C03657,2026-05-06,Instagram,Self-Doubt,Long,Text,Confession,23,74805,155462,2690,140,202,354,0.353,51,4.526,1.752,3.8353,0.03821558050932424,Non-Viral
C00803,2026-05-06,Instagram,Burnout,Short,Visual,Question,27,178178,8963,16298,1051,2865,2361,0.604,503,12.67,0.824,12.9323,0.07249576939914018,Viral
C04064,2026-05-06,YouTube,Burnout,Short,Text,Story,42,46571,40398,2119,122,117,271,0.49,129,5.645,2.316,4.5855,0.052269201863820836,Non-Viral
C01720,2026-05-06,YouTube,Dating,Long,Visual,Question,41,175103,135834,7547,553,436,552,0.504,178,5.19,1.266,4.0062,0.052939933639058155,Non-Viral
C01207,2026-05-06,Instagram,Social Anxiety,Short,Text,Advice,43,176606,141341,8145,433,1324,671,0.592,290,5.987,0.507,5.6827,0.0640812044890887,Non-Viral
C03654,2026-05-06,Instagram,Self-Doubt,Short,Visual,Question,28,153643,47384,18480,674,2432,2104,0.626,627,15.419,0.865,14.1594,0.07448924975430056,Viral
C00717,2026-05-06,Instagram,Burnout,Short,Visual,Question,32,154606,111386,16363,1525,1644,1489,0.609,618,13.596,0.906,11.8876,0.07005391381964478,Viral
C00344,2026-05-06,Instagram,Dating,Long,Visual,Advice,14,136987,231630,11080,1303,686,1174,0.658,400,10.397,1.711,8.6873,0.0720513231182521,Viral
C03901,2026-05-06,Instagram,Dating,Short,Text,Confession,28,131706,57811,3727,270,214,406,0.451,70,3.506,1.897,2.8264,0.04706346407908524,Non-Viral
C02876,2026-05-06,YouTube,Social Anxiety,Short,Visual,Question,41,118636,114340,6516,561,718,791,0.611,349,7.237,1.102,6.6047,0.0665330051586365,Viral
C01460,2026-05-06,Instagram,Burnout,Short,Visual,List,29,2032,239330,89,7,15,8,0.577,4,5.856,0.533,5.7087,0.06271968503937007,Non-Viral
C02264,2026-05-06,Instagram,Self-Doubt,Short,Visual,List,31,47220,240235,4128,354,462,393,0.608,220,11.302,0.851,10.0953,0.06882414231257941,Viral
C01165,2026-05-06,Instagram,Career Stress,Long,Visual,Question,41,34284,22216,2139,103,250,406,0.588,156,8.453,1.624,8.1262,0.06608473923696184,Non-Viral
C01583,2026-05-06,YouTube,College Life,Short,Visual,Question,21,93766,30917,9415,771,1280,578,0.521,405,12.845,0.452,11.582,0.06132562549324916,Non-Viral
C04685,2026-05-06,Instagram,College Life,Short,Visual,Advice,49,49862,79838,2211,154,284,177,0.589,90,5.668,0.623,5.0991,0.06299129196582567,Non-Viral
C03421,2026-05-06,Instagram,Social Anxiety,Short,Text,Advice,21,87410,198253,6653,204,628,706,0.613,193,9.371,1.124,7.9264,0.06730617778286237,Viral
C01296,2026-05-06,YouTube,Dating,Long,Visual,Confession,49,165488,73514,10376,736,1665,548,0.489,554,8.052,0.329,7.4827,0.05508806197428212,Non-Viral
C03244,2026-05-07,YouTube,College Life,Short,Visual,Question,8,86346,70559,4546,502,1099,276,0.63,311,7.439,0.251,7.9622,0.07055854353415329,Viral
C04032,2026-05-07,YouTube,College Life,Long,Text,List,33,55005,111190,2052,223,392,156,0.43,63,5.132,0.398,5.1786,0.04766593946004909,Non-Viral
C00366,2026-05-07,Instagram,Friendship,Short,Text,Advice,43,60473,122299,5509,136,592,456,0.493,194,11.068,0.77,9.3372,0.05630477899227755,Non-Viral
C04222,2026-05-07,Instagram,College Life,Short,Visual,List,41,140807,69055,8074,1423,1929,1319,0.455,586,9.051,0.684,10.3663,0.05599095570532715,Non-Viral
C03552,2026-05-07,Instagram,Social Anxiety,Long,Visual,Question,17,46884,7140,2028,266,273,336,0.411,107,6.192,1.231,6.194,0.04672132070642436,Non-Viral
C02133,2026-05-07,Instagram,Burnout,Short,Text,Confession,34,72695,31379,7272,875,1140,467,0.538,423,13.418,0.41,12.7966,0.06458960038517092,Non-Viral
C02714,2026-05-07,YouTube,College Life,Short,Visual,Advice,37,98158,157032,6080,898,1494,845,0.58,434,9.492,0.566,10.7571,0.06880400986165162,Viral
C02732,2026-05-07,YouTube,Friendship,Short,Visual,Advice,37,107625,26489,5314,250,1250,290,0.553,164,6.601,0.232,6.8404,0.061683275261324055,Non-Viral
C03957,2026-05-07,Instagram,Burnout,Short,Visual,Advice,32,45937,70196,1303,210,346,124,0.668,96,4.317,0.358,4.9035,0.07168495112871978,Viral
C04512,2026-05-07,YouTube,Friendship,Long,Visual,Advice,46,151544,196415,3339,290,541,658,0.337,110,3.186,1.216,3.3281,0.03689610146228158,Non-Viral
C00712,2026-05-07,YouTube,Family Pressure,Short,Visual,Question,39,136256,63613,9440,772,1341,487,0.661,496,8.836,0.363,7.9813,0.072450912987318,Viral
C02777,2026-05-07,Instagram,Family Pressure,Short,Visual,Advice,19,72636,212501,2816,355,389,426,0.61,219,5.488,1.095,5.4512,0.06590252767222865,Non-Viral
C04992,2026-05-07,YouTube,Friendship,Short,Visual,Confession,25,88916,46677,3169,256,419,290,0.506,174,4.649,0.692,4.2799,0.05413086058752081,Non-Viral
C02477,2026-05-07,Instagram,Social Anxiety,Short,Text,List,34,144799,178215,8095,577,862,1103,0.413,312,7.346,1.28,6.7024,0.046861847802816325,Non-Viral
C00449,2026-05-07,YouTube,Family Pressure,Short,Text,Advice,13,112103,153594,9266,725,651,558,0.519,417,9.991,0.857,7.8406,0.05697658135821521,Non-Viral
C04740,2026-05-07,YouTube,College Life,Long,Visual,Advice,43,3178,142717,205,14,20,29,0.575,9,8.433,1.45,7.5991,0.06373033354310886,Non-Viral
C00296,2026-05-07,Instagram,Friendship,Short,Visual,List,52,172498,110418,8834,559,545,978,0.633,363,6.328,1.794,5.1285,0.06690873749260862,Viral
C01010,2026-05-07,Instagram,Family Pressure,Long,Text,Confession,38,100462,156896,6533,643,861,940,0.4,177,8.936,1.092,8.654,0.04762377814497024,Non-Viral
C01849,2026-05-07,Instagram,Dating,Short,Visual,Question,28,111755,205081,8426,296,1574,749,0.582,264,9.883,0.476,9.7329,0.06694591740861706,Viral
C01015,2026-05-07,YouTube,Dating,Long,Visual,Question,36,144428,197209,10081,721,1147,333,0.496,148,8.504,0.29,7.0824,0.05461426316226771,Non-Viral
C03867,2026-05-07,Instagram,Burnout,Short,Visual,List,10,103462,198769,6940,869,305,1061,0.538,247,8.868,3.479,7.5491,0.05946294871547042,Non-Viral
C00701,2026-05-07,YouTube,Career Stress,Long,Text,Story,32,60638,55137,2603,361,360,444,0.412,143,6.214,1.233,6.2848,0.046961238827138096,Non-Viral
C04000,2026-05-07,Instagram,Dating,Short,Text,List,44,4893,138420,126,18,21,27,0.446,8,3.924,1.286,4.2305,0.04873856529736358,Non-Viral
C02950,2026-05-07,Instagram,Career Stress,Long,Text,Confession,62,174534,228257,15642,613,2243,534,0.444,522,10.904,0.238,9.4752,0.05162781807556121,Non-Viral
C02432,2026-05-07,Instagram,Social Anxiety,Long,Visual,Confession,48,87359,173055,2962,400,565,582,0.451,213,5.161,1.03,5.6548,0.05069587449490036,Non-Viral
C04614,2026-05-07,Instagram,Burnout,Short,Visual,Question,49,163634,70842,8320,514,676,296,0.555,315,5.993,0.438,4.6146,0.05837287483041422,Non-Viral
C01686,2026-05-07,YouTube,Burnout,Long,Text,Story,33,42955,19605,1464,185,220,243,0.456,40,4.917,1.105,5.018,0.05024788732394366,Non-Viral
C03809,2026-05-07,Instagram,Family Pressure,Short,Text,Story,23,162227,27421,7018,1227,483,1279,0.6,245,6.169,2.648,5.7675,0.0648395150005856,Non-Viral
C04948,2026-05-07,Instagram,Career Stress,Short,Visual,Question,8,114675,90999,7234,560,1471,1305,0.501,147,9.217,0.887,10.0109,0.06001890124264225,Non-Viral
C04311,2026-05-07,Instagram,Friendship,Short,Visual,Confession,38,64507,138029,6129,516,1102,391,0.576,85,12.616,0.355,12.2878,0.0683058148728045,Viral
C00893,2026-05-07,YouTube,Burnout,Long,Visual,Advice,39,36260,201586,2176,144,389,272,0.556,42,8.221,0.699,8.3149,0.06327374517374518,Non-Viral
C01800,2026-05-07,YouTube,Family Pressure,Short,Visual,Question,56,143197,127422,5483,679,869,290,0.594,99,5.113,0.334,4.8514,0.06344966584495486,Non-Viral
C00011,2026-05-08,Instagram,Burnout,Long,Visual,List,41,170622,23146,3112,235,556,594,0.498,132,2.636,1.068,2.7924,0.05251741041600732,Non-Viral
C03337,2026-05-08,YouTube,College Life,Short,Visual,Confession,37,71356,17257,3029,437,268,334,0.542,170,5.701,1.246,5.104,0.058212977184819784,Non-Viral
C04549,2026-05-08,Instagram,Friendship,Short,Visual,Advice,21,162997,194709,18547,608,678,1109,0.681,705,12.848,1.636,8.8575,0.07257247495352676,Viral
C02518,2026-05-08,Instagram,Friendship,Short,Visual,Question,40,22531,17245,1879,99,195,141,0.654,43,10.27,0.723,8.6769,0.07183113931916027,Viral
C01195,2026-05-08,YouTube,Family Pressure,Short,Visual,List,41,175064,146386,11413,1265,1032,800,0.552,462,8.288,0.775,7.026,0.06030756066352877,Non-Viral
C04370,2026-05-08,Instagram,Dating,Long,Text,Advice,47,16906,168096,283,24,32,37,0.396,5,2.224,1.156,2.0555,0.04132128238495209,Non-Viral
C01311,2026-05-08,Instagram,Career Stress,Short,Text,Question,39,153314,111788,4785,323,483,372,0.463,125,3.889,0.77,3.3069,0.04876161472533494,Non-Viral
C03937,2026-05-08,Instagram,College Life,Long,Visual,Question,55,52904,175723,3681,171,492,213,0.488,94,8.614,0.433,7.559,0.05467762740057463,Non-Viral
C03469,2026-05-08,Instagram,Family Pressure,Short,Text,List,45,137331,246868,10451,851,1919,1036,0.419,430,10.381,0.54,10.4354,0.05138074360486707,Non-Viral
C01859,2026-05-08,Instagram,Self-Doubt,Short,Visual,Confession,30,80421,82889,5220,312,940,206,0.415,204,8.304,0.219,7.8462,0.048110213750139894,Non-Viral
C01665,2026-05-08,Instagram,College Life,Long,Text,Story,37,76032,64746,4343,433,240,333,0.612,125,7.035,1.388,5.5332,0.06478862058080809,Non-Viral
C00578,2026-05-08,Instagram,Self-Doubt,Short,Visual,Confession,28,158613,187649,9770,891,1488,1102,0.575,187,8.354,0.741,8.1264,0.0646485313309754,Non-Viral
C03265,2026-05-08,Instagram,Social Anxiety,Short,Visual,List,27,122780,107777,7121,647,728,286,0.642,396,7.153,0.393,5.935,0.06835743606450563,Viral
C01074,2026-05-08,Instagram,Friendship,Short,Visual,List,43,21556,37167,530,90,119,111,0.616,39,3.943,0.933,4.5417,0.06625531638522918,Non-Viral
C00997,2026-05-08,YouTube,Dating,Short,Text,Confession,53,57351,146783,6521,307,967,698,0.466,145,14.809,0.722,13.9806,0.05864163833237433,Non-Viral
C02609,2026-05-08,Instagram,Friendship,Short,Text,Confession,30,167002,14269,4795,582,631,426,0.521,105,3.853,0.675,3.6021,0.055088287565418385,Non-Viral
C02489,2026-05-08,YouTube,Family Pressure,Long,Visual,Advice,41,53042,94352,2094,219,308,267,0.398,113,5.445,0.867,5.342,0.04454246823272124,Non-Viral
C00679,2026-05-08,Instagram,Career Stress,Short,Text,Confession,45,64034,144799,2037,148,280,196,0.485,93,4.156,0.7,3.8612,0.051732657650623105,Non-Viral
C02029,2026-05-08,Instagram,Self-Doubt,Short,Text,List,13,155175,136999,6879,663,456,805,0.559,183,5.673,1.765,4.7765,0.05941957467375544,Non-Viral
C04813,2026-05-08,Instagram,Social Anxiety,Long,Text,Advice,13,174682,101600,9200,972,1002,856,0.437,744,6.887,0.854,6.1689,0.048586021456131716,Non-Viral
C03392,2026-05-08,Instagram,Dating,Long,Visual,Confession,63,45875,64998,4182,318,188,666,0.471,90,11.671,3.543,9.7308,0.05433923705722071,Non-Viral
C04836,2026-05-09,YouTube,Friendship,Short,Text,Question,44,99290,193130,10536,306,1096,537,0.593,207,12.564,0.49,10.1611,0.06635206969483332,Non-Viral
C03728,2026-05-09,Instagram,Self-Doubt,Short,Visual,Story,32,111636,23611,12136,739,956,1803,0.57,490,14.004,1.886,12.2277,0.06669176609695797,Viral
C03646,2026-05-09,YouTube,Dating,Long,Visual,Question,22,9348,118494,368,33,32,82,0.345,35,5.509,2.562,5.2792,0.03920154043645699,Non-Viral
C02539,2026-05-09,YouTube,Self-Doubt,Long,Visual,Advice,8,63643,188784,2007,58,184,200,0.479,97,3.848,1.087,3.2093,0.050280466037113274,Non-Viral
C04058,2026-05-09,Instagram,Family Pressure,Short,Visual,Confession,49,1605,145441,100,16,16,18,0.577,9,9.346,1.125,9.8442,0.06704579439252337,Viral
C03539,2026-05-09,Instagram,Career Stress,Short,Text,Advice,56,85109,234765,2414,245,171,177,0.705,99,3.533,1.035,2.8687,0.07245983973492814,Viral
C03044,2026-05-09,Instagram,College Life,Long,Visual,Advice,34,130776,78441,8080,994,1624,704,0.522,216,8.719,0.433,9.0315,0.060543273995228485,Non-Viral
C00995,2026-05-09,Instagram,Friendship,Long,Visual,List,22,18212,43065,1167,72,90,70,0.561,57,7.682,0.778,6.0482,0.06006990994948387,Non-Viral
C03773,2026-05-09,Instagram,Family Pressure,Short,Visual,List,17,86876,199341,6225,673,394,635,0.718,177,9.124,1.612,7.5671,0.07719562134536581,Viral
C00488,2026-05-09,Instagram,College Life,Short,Text,Confession,33,154653,20009,9042,562,967,523,0.617,633,7.173,0.541,6.0206,0.0660733390234913,Non-Viral
C01392,2026-05-09,YouTube,Self-Doubt,Short,Text,List,59,123157,75487,7359,825,563,707,0.556,272,7.676,1.256,6.512,0.060384137320655756,Non-Viral
C01902,2026-05-09,YouTube,College Life,Short,Visual,Advice,37,38401,134533,2622,261,153,128,0.663,114,8.239,0.837,6.2954,0.07011240071873129,Viral
C02411,2026-05-09,Instagram,Dating,Long,Text,List,45,121102,215112,9921,1187,749,1366,0.291,536,10.919,1.824,9.6778,0.03673736354478043,Non-Viral
C03360,2026-05-09,Instagram,Social Anxiety,Short,Visual,List,38,168079,172167,9385,591,1013,1077,0.716,449,7.179,1.063,6.4089,0.07676185841181825,Viral
C01501,2026-05-09,YouTube,Self-Doubt,Short,Text,Advice,35,113235,213554,5279,465,605,876,0.615,415,6.381,1.448,6.0971,0.06684110478209035,Viral
C01920,2026-05-09,Instagram,Self-Doubt,Short,Visual,Advice,43,65577,54269,1449,97,333,150,0.54,85,3.094,0.45,3.3076,0.057193192735257796,Non-Viral
C01299,2026-05-09,Instagram,College Life,Long,Visual,Question,27,153558,164266,5048,241,203,192,0.427,91,3.702,0.946,2.5258,0.043905407728675815,Non-Viral
C01957,2026-05-09,Instagram,Social Anxiety,Long,Visual,Story,24,74139,85790,2951,121,311,156,0.36,147,4.773,0.502,3.9143,0.03876372759276494,Non-Viral
C04152,2026-05-09,YouTube,Self-Doubt,Short,Text,List,47,167268,176333,5151,292,415,884,0.541,208,4.031,2.13,3.6029,0.0570638065858383,Non-Viral
C04920,2026-05-09,Instagram,Career Stress,Short,Text,Advice,63,67033,172632,2162,91,221,238,0.465,82,4.046,1.077,3.5154,0.04925237569555294,Non-Viral
C03738,2026-05-09,YouTube,Family Pressure,Short,Text,Story,38,152185,121423,11773,1583,2468,2175,0.623,322,11.827,0.881,13.1518,0.07544551368400303,Viral
C04219,2026-05-09,Instagram,Dating,Long,Text,Advice,47,162909,15813,9209,1206,2149,1388,0.372,784,8.564,0.646,9.5983,0.04680260022466531,Non-Viral
C01725,2026-05-10,Instagram,Friendship,Short,Text,Story,47,27010,191900,1263,183,279,153,0.518,33,6.953,0.548,7.5861,0.059163939281747506,Non-Viral
C02310,2026-05-10,Instagram,Career Stress,Short,Text,List,25,68175,234128,6130,445,750,638,0.398,326,11.68,0.851,10.6469,0.04853707370737074,Non-Viral
C03897,2026-05-10,YouTube,Career Stress,Short,Text,Question,30,150810,88675,3957,316,442,616,0.53,242,3.535,1.394,3.3224,0.05585856375571912,Non-Viral
C01991,2026-05-10,Instagram,Burnout,Long,Visual,Question,32,20166,11438,679,112,146,146,0.441,25,5.37,1.0,6.1366,0.050363016959238324,Non-Viral
C04819,2026-05-10,Instagram,Family Pressure,Short,Text,Story,66,71742,106911,5347,356,903,226,0.4,228,9.523,0.25,8.8769,0.047353433135401864,Non-Viral
C03777,2026-05-10,Instagram,Dating,Short,Visual,List,42,28522,184254,1777,52,82,72,0.726,34,6.953,0.878,4.756,0.07492452142206016,Viral
C01147,2026-05-10,Instagram,Career Stress,Short,Visual,Confession,18,24479,203561,1353,72,114,171,0.717,74,6.986,1.5,5.999,0.07633254217901059,Viral
C01341,2026-05-10,YouTube,Family Pressure,Short,Visual,List,26,146870,61788,8670,298,1266,1084,0.728,134,7.706,0.856,7.318,0.0791974943827875,Viral
C01901,2026-05-10,YouTube,College Life,Short,Visual,Advice,49,100322,152666,3613,302,426,499,0.753,123,4.824,1.171,4.5209,0.07915458822591256,Viral
C01335,2026-05-10,Instagram,Self-Doubt,Short,Text,Advice,37,110187,5322,10083,403,1270,1459,0.483,167,11.993,1.149,11.23,0.05800758800947481,Non-Viral
C00656,2026-05-10,Instagram,Dating,Short,Text,Confession,52,160614,18862,6536,1049,922,1330,0.541,483,6.125,1.443,6.3927,0.06014710672793157,Non-Viral
C03496,2026-05-10,Instagram,Career Stress,Short,Text,Confession,24,150590,23483,6724,712,428,249,0.449,387,5.387,0.582,4.1251,0.04738422870044492,Non-Viral
C01553,2026-05-10,Instagram,Family Pressure,Short,Text,Advice,43,176131,219658,8018,1242,1706,734,0.489,760,6.643,0.43,7.0731,0.05556662881605169,Non-Viral
C03478,2026-05-10,Instagram,Family Pressure,Short,Visual,Question,30,86827,49187,6274,289,251,626,0.598,170,8.569,2.494,6.4214,0.06376305296739493,Non-Viral
C02607,2026-05-10,Instagram,College Life,Short,Text,Confession,13,168372,46792,9178,555,823,1827,0.449,493,7.355,2.22,6.8565,0.05084932649134061,Non-Viral
C02949,2026-05-10,Instagram,Dating,Short,Visual,Advice,38,170606,22094,6809,444,696,824,0.48,137,5.142,1.184,4.5757,0.05167513452047408,Non-Viral
C02766,2026-05-10,Instagram,Burnout,Short,Visual,Story,15,77784,28781,4175,538,703,809,0.45,234,8.003,1.151,8.5127,0.053224699166923795,Non-Viral
C00351,2026-05-10,Instagram,Social Anxiety,Short,Visual,Advice,35,37019,200634,2616,194,198,162,0.707,134,8.563,0.818,6.7992,0.07520579432183473,Viral
C02593,2026-05-10,Instagram,Friendship,Long,Visual,Story,47,3013,161820,138,14,21,25,0.389,6,6.572,1.19,6.7375,0.04522260205774976,Non-Viral
C04272,2026-05-10,Instagram,Social Anxiety,Long,Visual,Question,29,114797,169868,8751,356,1341,757,0.4,347,9.761,0.565,9.1,0.04770011411448035,Non-Viral
C02048,2026-05-10,Instagram,Friendship,Short,Text,Confession,33,105804,71201,8380,438,720,774,0.559,525,9.746,1.075,8.0857,0.06177784960871045,Non-Viral
C00507,2026-05-10,Instagram,Self-Doubt,Short,Text,Story,53,47445,127324,4467,151,430,181,0.401,159,11.021,0.421,8.6669,0.04580028453999368,Non-Viral
C01164,2026-05-10,YouTube,Self-Doubt,Long,Visual,List,8,18118,160027,905,57,121,67,0.487,40,6.347,0.554,5.7126,0.05328659896235788,Non-Viral
C04224,2026-05-10,Instagram,Burnout,Long,Text,Confession,69,3559,223431,145,11,32,19,0.458,10,5.816,0.594,6.2658,0.05191126720989043,Non-Viral
C04502,2026-05-10,YouTube,College Life,Long,Visual,List,45,146191,58139,8976,981,1074,547,0.55,327,7.92,0.509,7.0288,0.060435013099301604,Non-Viral
C01669,2026-05-10,Instagram,Dating,Short,Visual,Confession,35,41420,84358,2861,161,442,188,0.617,157,8.817,0.425,8.1458,0.06844674070497345,Viral
C02794,2026-05-10,YouTube,Dating,Short,Visual,Question,49,122876,44802,13160,991,892,983,0.646,388,13.042,1.102,10.3425,0.0714764445457209,Viral
C01958,2026-05-10,Instagram,Career Stress,Short,Visual,List,20,89744,225869,7131,590,823,863,0.679,224,10.482,1.049,9.6335,0.07589774915314673,Viral
C00747,2026-05-10,Instagram,Family Pressure,Short,Visual,Question,46,179442,83156,5878,396,788,998,0.578,220,4.492,1.266,4.3986,0.06177565787273882,Non-Viral
C03017,2026-05-10,Instagram,Family Pressure,Long,Text,Story,13,60526,220580,1506,157,221,122,0.354,60,3.314,0.552,3.1317,0.03803688332286951,Non-Viral
C02336,2026-05-11,YouTube,Burnout,Short,Text,Advice,23,170194,141851,4184,265,682,392,0.413,101,3.245,0.575,3.1256,0.0440277694865859,Non-Viral
C00606,2026-05-11,YouTube,Career Stress,Short,Visual,List,8,65428,215909,2748,143,610,426,0.564,135,6.002,0.698,6.527,0.06287658494834016,Non-Viral
C00561,2026-05-11,Instagram,Social Anxiety,Short,Visual,Question,41,156936,190218,8810,977,905,503,0.63,385,7.133,0.556,6.1117,0.06749036549931182,Viral
C04480,2026-05-11,YouTube,Burnout,Short,Visual,Question,48,43173,243493,2432,153,508,453,0.518,156,8.213,0.892,8.9767,0.06077435897435898,Non-Viral
C04828,2026-05-11,Instagram,Career Stress,Short,Visual,Advice,47,82705,197541,3730,257,206,414,0.586,151,5.57,2.01,4.4695,0.06168868871289523,Non-Viral
C03299,2026-05-11,YouTube,Dating,Short,Text,List,40,114545,21781,6177,237,1146,627,0.488,151,7.147,0.547,7.1029,0.05525466847090663,Non-Viral
C00648,2026-05-11,YouTube,Career Stress,Long,Text,List,41,105290,104159,6766,604,995,379,0.519,294,8.305,0.381,7.6285,0.058092895811568054,Non-Viral
C02896,2026-05-11,Instagram,Burnout,Short,Text,Confession,46,160396,95800,5958,691,480,1294,0.53,534,5.251,2.696,5.0148,0.05741313997855309,Non-Viral
C01636,2026-05-11,Instagram,Family Pressure,Short,Visual,Advice,28,23379,60401,1509,66,92,144,0.399,21,7.746,1.565,6.0631,0.04394208905427949,Non-Viral
C04097,2026-05-11,Instagram,Friendship,Long,Visual,Story,35,33537,72581,2111,206,493,218,0.514,110,9.029,0.442,9.7788,0.06088653725735754,Non-Viral
C04523,2026-05-11,Instagram,Friendship,Short,Visual,Advice,25,110144,244653,11645,1024,1563,1195,0.497,398,14.006,0.765,13.1078,0.060735099506101106,Non-Viral
C04912,2026-05-11,YouTube,Friendship,Short,Visual,Advice,64,15393,28300,1295,117,112,109,0.536,34,10.609,0.973,8.9456,0.06013868641590334,Non-Viral
C03467,2026-05-11,YouTube,Family Pressure,Short,Visual,List,54,84746,146723,5516,814,805,714,0.539,378,9.262,0.887,9.2299,0.06214286691997263,Non-Viral
C00931,2026-05-11,Instagram,Dating,Short,Text,Confession,65,30442,162448,3069,140,288,90,0.462,92,11.783,0.312,9.16,0.05203404506931214,Non-Viral
C01922,2026-05-11,Instagram,College Life,Long,Text,List,27,38182,20040,1994,125,202,216,0.538,114,6.644,1.069,5.8208,0.05836890681472946,Non-Viral
C03679,2026-05-11,Instagram,Burnout,Short,Text,Advice,29,41438,141677,4076,325,681,389,0.42,69,13.203,0.571,12.9024,0.053388097881171874,Non-Viral
C03345,2026-05-11,Instagram,Friendship,Short,Text,Story,48,51123,91009,5223,556,623,696,0.399,177,13.884,1.117,13.1184,0.05109946012557949,Non-Viral
C02351,2026-05-11,Instagram,Friendship,Long,Visual,Confession,40,99863,158565,7001,508,379,505,0.441,376,8.405,1.332,6.4183,0.04808796351000871,Non-Viral
C02666,2026-05-11,YouTube,Social Anxiety,Short,Visual,Advice,40,9807,46685,641,71,112,85,0.666,42,9.269,0.759,9.5136,0.07542532884674213,Viral
C00289,2026-05-12,YouTube,Burnout,Short,Text,Advice,31,68388,214703,2110,211,305,129,0.477,74,4.028,0.423,3.7207,0.050735620284260395,Non-Viral
C04821,2026-05-12,Instagram,Career Stress,Short,Text,Story,30,62974,36106,2171,243,94,257,0.568,46,4.391,2.734,3.5666,0.05927483088258646,Non-Viral
C03637,2026-05-12,YouTube,College Life,Short,Text,List,47,78108,5637,2181,130,235,104,0.632,84,3.393,0.443,2.8147,0.06520299585189739,Non-Viral
C00877,2026-05-12,Instagram,Social Anxiety,Short,Text,Question,32,16163,163262,949,118,103,70,0.561,36,7.672,0.68,6.8088,0.061362018189692516,Non-Viral
C00917,2026-05-12,Instagram,Friendship,Short,Text,Question,31,136701,218485,4795,238,802,591,0.578,333,4.701,0.737,4.6397,0.06199821361950534,Non-Viral
C01140,2026-05-12,Instagram,College Life,Short,Text,Advice,39,45922,198140,2893,268,237,331,0.615,174,8.12,1.397,7.0152,0.0668601759505248,Viral
C01848,2026-05-12,YouTube,College Life,Short,Visual,Story,42,131778,223917,6536,371,383,875,0.454,174,6.196,2.285,5.1021,0.04912216910258162,Non-Viral
C04031,2026-05-12,Instagram,Self-Doubt,Short,Text,Story,35,178134,179236,19721,1490,2050,2592,0.445,877,14.513,1.264,13.1527,0.055298612280642666,Non-Viral
C02139,2026-05-12,Instagram,Dating,Long,Text,Advice,36,5526,188698,385,17,59,40,0.36,22,9.066,0.678,8.5957,0.043437567861020626,Non-Viral
C02924,2026-05-12,Instagram,Friendship,Short,Visual,Advice,21,175410,156670,7608,1035,1287,876,0.491,223,6.16,0.681,6.2536,0.054784966649563886,Non-Viral
C04023,2026-05-12,Instagram,Dating,Long,Text,Question,39,26949,87495,1184,169,200,64,0.574,83,6.0,0.32,5.8388,0.062392764109985524,Non-Viral
C03341,2026-05-12,Instagram,Career Stress,Short,Visual,Question,18,8699,9362,476,50,46,46,0.464,19,7.104,1.0,6.2421,0.05122814116565123,Non-Viral
C04888,2026-05-12,Instagram,Self-Doubt,Long,Text,Advice,8,33566,217720,1732,227,336,140,0.352,78,7.254,0.417,7.4316,0.04197024369898111,Non-Viral
C00539,2026-05-12,Instagram,College Life,Short,Text,Confession,33,53068,76439,4105,303,421,207,0.583,65,9.49,0.492,7.8842,0.06389659305042586,Non-Viral
C03979,2026-05-12,Instagram,Family Pressure,Long,Visual,Question,31,172541,82466,7942,892,1145,708,0.51,255,6.194,0.618,5.8885,0.055992726366486806,Non-Viral
C03111,2026-05-12,Instagram,Career Stress,Short,Text,Question,21,40369,22177,3404,240,609,501,0.547,136,11.776,0.823,12.1157,0.06610355223067206,Non-Viral
C02118,2026-05-12,Instagram,Career Stress,Long,Visual,Confession,24,44572,235430,3245,433,266,523,0.566,149,10.022,1.966,9.2345,0.06426288252714708,Non-Viral
C00927,2026-05-12,Instagram,College Life,Short,Text,List,35,158720,233106,7078,739,537,957,0.463,389,5.866,1.782,5.149,0.05032973790322581,Non-Viral
C02821,2026-05-12,Instagram,Family Pressure,Short,Text,Advice,23,37736,124021,2149,152,147,239,0.513,109,7.121,1.626,5.887,0.05555720797116812,Non-Viral
C01380,2026-05-12,Instagram,Family Pressure,Short,Visual,List,44,42596,30732,2997,223,211,334,0.513,41,8.839,1.583,7.3575,0.05666670109869472,Non-Viral
C00305,2026-05-12,Instagram,Friendship,Long,Visual,Story,27,153880,236508,6882,792,1145,1231,0.388,361,6.531,1.075,6.8404,0.04532034052508448,Non-Viral
C01259,2026-05-12,YouTube,College Life,Short,Text,Question,43,44716,32873,1343,109,214,153,0.482,98,4.068,0.715,3.9874,0.051745710707576706,Non-Viral
C02137,2026-05-13,Instagram,Family Pressure,Short,Text,Advice,53,85179,58809,5867,439,274,447,0.43,172,8.25,1.631,6.2316,0.04679494945937379,Non-Viral
C00331,2026-05-13,Instagram,Self-Doubt,Short,Text,Story,35,112060,223422,7370,840,1196,1660,0.6,405,9.875,1.388,10.5774,0.07037122969837586,Viral
C00057,2026-05-13,Instagram,Burnout,Short,Text,Advice,33,133576,140436,5925,311,583,607,0.505,159,5.559,1.041,4.7853,0.05417655866323292,Non-Viral
C02834,2026-05-13,Instagram,Self-Doubt,Short,Visual,Confession,21,94964,154231,9230,346,859,397,0.572,467,11.406,0.462,8.956,0.06307117223368856,Non-Viral
C02836,2026-05-13,YouTube,Dating,Short,Text,Confession,37,21261,58208,547,83,74,106,0.549,27,3.81,1.432,3.9133,0.05854752363482433,Non-Viral
C02154,2026-05-13,Instagram,Social Anxiety,Short,Visual,Story,14,4330,18297,415,47,62,46,0.572,6,13.164,0.742,12.8406,0.06845866050808314,Viral
C02119,2026-05-13,Instagram,College Life,Short,Text,Question,15,161670,222940,13696,1128,1938,663,0.553,636,10.778,0.342,9.6988,0.06297118203748377,Non-Viral
C00983,2026-05-13,YouTube,Family Pressure,Short,Text,Story,35,116041,13176,3744,240,426,192,0.57,129,3.966,0.451,3.3557,0.05945861376582414,Non-Viral
C00029,2026-05-13,YouTube,Friendship,Long,Text,Story,50,19644,22553,1760,101,115,127,0.516,55,10.706,1.104,8.3002,0.056945143555284065,Non-Viral
C02775,2026-05-13,Instagram,Career Stress,Short,Text,List,39,72957,9421,3760,403,238,333,0.63,249,6.489,1.399,5.297,0.06666585797113368,Viral
C04096,2026-05-13,Instagram,Burnout,Short,Visual,Story,29,141725,162253,10410,1115,1294,1409,0.506,473,10.039,1.089,9.5802,0.05887130005291939,Non-Viral
C03861,2026-05-13,Instagram,Career Stress,Short,Text,List,25,55144,45802,2287,143,341,160,0.57,93,5.315,0.469,4.8981,0.061042144204265195,Non-Viral
C00807,2026-05-13,Instagram,Friendship,Short,Text,Question,13,121518,245769,6011,1084,1455,500,0.526,460,7.447,0.344,8.2264,0.06056054905446108,Non-Viral
C03758,2026-05-13,Instagram,Career Stress,Short,Visual,Confession,48,171268,109493,7274,664,431,804,0.597,320,5.356,1.865,4.399,0.06282229955391551,Non-Viral
C02343,2026-05-13,Instagram,Social Anxiety,Short,Visual,Question,50,79583,134110,10440,605,759,775,0.667,439,15.806,1.021,12.5083,0.07505354284206427,Viral
C03632,2026-05-13,Instagram,College Life,Long,Text,Advice,34,159700,60788,3212,313,386,410,0.327,193,2.706,1.062,2.5382,0.03485184721352536,Non-Viral
C00229,2026-05-13,Instagram,Career Stress,Short,Visual,Story,14,170136,98047,10088,1745,2803,1205,0.504,879,9.311,0.43,10.8622,0.0614770207363521,Non-Viral
C04703,2026-05-13,Instagram,Friendship,Short,Text,List,24,99982,161599,8801,322,820,863,0.515,397,10.808,1.052,9.0711,0.05826321737912825,Non-Viral
C04487,2026-05-13,Instagram,College Life,Short,Text,Confession,15,155990,184008,15424,604,1261,1354,0.44,392,11.951,1.074,9.6859,0.05082255272773896,Non-Viral
C00789,2026-05-13,Instagram,College Life,Short,Visual,Question,38,135838,145771,14813,451,1068,1162,0.675,238,12.879,1.088,10.02,0.074102349857919,Viral
C00295,2026-05-13,YouTube,Career Stress,Short,Text,Confession,42,60184,73644,1776,231,368,229,0.473,74,4.327,0.622,4.6466,0.0517687956932075,Non-Viral
C03941,2026-05-13,Instagram,Self-Doubt,Long,Visual,Advice,8,83850,230322,3991,636,789,886,0.421,298,7.516,1.123,8.4538,0.050642039355992846,Non-Viral
C02404,2026-05-14,YouTube,Self-Doubt,Short,Visual,Question,23,79785,192228,8204,622,1003,563,0.656,298,13.025,0.561,11.4934,0.07454341041549165,Viral
C03066,2026-05-14,Instagram,Friendship,Short,Text,Confession,8,82849,183515,7125,412,343,236,0.508,392,9.796,0.688,6.8577,0.05426353003657256,Non-Viral
C01577,2026-05-14,Instagram,Social Anxiety,Short,Visual,Question,53,73597,242864,8301,422,1327,476,0.674,323,14.302,0.359,13.2023,0.07831416769705288,Viral
C04353,2026-05-14,YouTube,Dating,Short,Text,List,42,168024,244020,8549,697,1604,1247,0.605,500,7.2,0.777,7.5144,0.06764451506927581,Viral
C04708,2026-05-14,Instagram,Dating,Short,Text,Advice,43,146961,153804,5426,231,325,424,0.515,224,4.359,1.305,3.3223,0.05359647457488722,Non-Viral
C03823,2026-05-14,YouTube,Burnout,Short,Text,Question,55,45418,229247,2476,169,294,128,0.637,200,6.753,0.435,5.7896,0.06801657052270026,Viral
C01323,2026-05-14,Instagram,Self-Doubt,Short,Visual,Confession,41,96641,52243,3092,224,143,485,0.612,136,4.081,3.392,3.395,0.0637191171448971,Non-Viral
C04129,2026-05-14,Instagram,Family Pressure,Long,Visual,Advice,48,51893,74191,2536,200,376,254,0.458,133,6.486,0.676,6.1742,0.05110707417185363,Non-Viral
C03914,2026-05-14,YouTube,Dating,Short,Text,List,13,43445,72810,2591,232,244,140,0.598,48,7.382,0.574,6.1123,0.06409508574059156,Non-Viral
C01497,2026-05-14,Instagram,Friendship,Short,Text,Question,44,154915,153985,7121,259,843,1216,0.462,483,6.093,1.442,5.7515,0.05125438466255689,Non-Viral
C00992,2026-05-14,Instagram,Career Stress,Long,Text,Advice,23,96167,85263,5004,209,743,956,0.327,399,7.187,1.287,7.2338,0.03948507180217746,Non-Viral
C04449,2026-05-14,YouTube,Career Stress,Short,Text,Question,41,58471,50151,3013,336,734,431,0.507,175,7.72,0.587,8.6787,0.05942227257956936,Non-Viral
C00879,2026-05-14,Instagram,Social Anxiety,Short,Text,List,38,51647,205308,3265,326,309,195,0.42,111,7.929,0.631,6.6577,0.04677181636881136,Non-Viral
C03828,2026-05-14,Instagram,College Life,Short,Visual,Advice,54,118486,172689,7002,456,1152,347,0.626,452,7.56,0.301,7.0346,0.06843106864946069,Viral
C03477,2026-05-14,YouTube,Social Anxiety,Short,Text,Confession,8,49468,95264,2079,90,384,157,0.51,58,5.478,0.409,5.3378,0.0557182016657233,Non-Viral
C00456,2026-05-15,Instagram,Career Stress,Long,Text,Confession,42,128198,229205,4083,469,153,279,0.5,137,3.888,1.824,2.9345,0.051738716672647005,Non-Viral
C00308,2026-05-15,YouTube,Social Anxiety,Short,Text,Advice,25,66130,29600,3491,498,445,490,0.532,180,7.446,1.101,7.2698,0.059580613942234996,Non-Viral
C03598,2026-05-15,Instagram,Burnout,Long,Visual,Question,19,102586,242760,2869,272,347,408,0.371,159,3.798,1.176,3.6062,0.0402129978749537,Non-Viral
C03146,2026-05-15,Instagram,Burnout,Short,Visual,Confession,17,131358,208967,6626,360,820,553,0.516,369,6.364,0.674,5.6479,0.056083168135933864,Non-Viral
C04197,2026-05-15,Instagram,Burnout,Short,Visual,Question,43,153365,246697,6911,497,1024,584,0.614,305,5.879,0.57,5.5039,0.06603306491050762,Non-Viral
C01664,2026-05-15,Instagram,Burnout,Short,Visual,Question,31,127166,131029,9419,1036,738,321,0.488,352,9.054,0.435,7.1713,0.05339084975543778,Non-Viral
C01222,2026-05-15,Instagram,Career Stress,Short,Visual,Confession,47,143282,234454,10414,554,1787,941,0.535,257,9.559,0.527,9.2691,0.06166257450342681,Non-Viral
C00655,2026-05-15,Instagram,Friendship,Short,Visual,List,58,17400,69242,964,61,161,116,0.591,26,7.483,0.72,7.4052,0.0657896551724138,Non-Viral
C02586,2026-05-15,Instagram,Career Stress,Short,Text,Question,49,69953,144361,4952,228,492,587,0.392,113,8.947,1.193,7.8167,0.04537128643517791,Non-Viral
C04923,2026-05-15,Instagram,Family Pressure,Short,Text,Confession,58,108060,84206,5102,729,1080,979,0.468,140,7.301,0.906,8.183,0.05502737368128818,Non-Viral
C01840,2026-05-15,YouTube,Social Anxiety,Short,Text,List,34,13729,150169,964,28,122,54,0.518,33,8.508,0.443,7.2693,0.057284740330686874,Non-Viral
C01365,2026-05-15,YouTube,College Life,Short,Visual,Story,8,2695,242197,193,14,22,26,0.729,8,9.462,1.182,8.7384,0.08024693877551022,Viral
C01258,2026-05-15,Instagram,Self-Doubt,Short,Visual,Confession,50,174368,183119,5382,291,402,297,0.576,349,3.654,0.739,2.8259,0.05939878188658469,Non-Viral
C02252,2026-05-15,Instagram,Social Anxiety,Short,Text,Advice,29,42992,90511,1489,161,203,173,0.421,119,4.713,0.852,4.5148,0.045993747673985855,Non-Viral
C00330,2026-05-15,YouTube,Dating,Long,Visual,List,39,146217,196852,4559,269,953,950,0.461,398,4.603,0.997,5.0897,0.05125808695295349,Non-Viral
C00762,2026-05-15,YouTube,Career Stress,Long,Text,Confession,10,44026,63586,2924,351,495,495,0.473,182,9.687,1.0,10.1383,0.05692840139917322,Non-Viral
C03786,2026-05-15,Instagram,Self-Doubt,Long,Visual,List,39,39822,198066,2706,117,253,291,0.416,106,8.455,1.15,7.2058,0.0470919391291246,Non-Viral
C04800,2026-05-15,Instagram,College Life,Short,Visual,Story,8,15260,34015,985,100,149,147,0.45,23,9.05,0.987,9.0662,0.05326671035386632,Non-Viral
C00755,2026-05-15,Instagram,Social Anxiety,Short,Visual,Question,47,52161,40843,5456,168,779,443,0.619,228,13.125,0.569,11.892,0.07165153850578018,Viral
C01997,2026-05-15,Instagram,Social Anxiety,Short,Text,Advice,47,163634,102618,11771,759,2053,1595,0.462,462,9.887,0.777,10.0059,0.055465800506007315,Non-Viral
C04994,2026-05-15,Instagram,Career Stress,Short,Visual,List,48,162150,172604,7201,220,658,789,0.571,198,5.469,1.199,4.6146,0.060589361702127656,Non-Viral
C01938,2026-05-15,Instagram,Self-Doubt,Long,Visual,Story,49,101005,122444,7419,442,1107,841,0.386,248,9.711,0.76,9.2822,0.04668623335478442,Non-Viral
C01625,2026-05-15,YouTube,Career Stress,Long,Visual,Question,23,107530,129616,6276,963,1292,771,0.579,450,8.651,0.597,9.3002,0.06680123686413095,Viral
C00132,2026-05-15,Instagram,College Life,Short,Visual,Confession,30,146574,212683,7046,420,753,631,0.611,328,6.038,0.838,5.2356,0.06513311637807524,Non-Viral
C00034,2026-05-15,Instagram,Family Pressure,Short,Visual,List,36,48895,209644,1318,55,88,107,0.627,95,3.207,1.216,2.4941,0.06433513651702628,Non-Viral
C02335,2026-05-15,Instagram,Friendship,Short,Visual,Question,23,17066,128553,1975,178,207,110,0.611,48,14.473,0.531,12.2788,0.07005640454705261,Viral
C03661,2026-05-16,YouTube,Social Anxiety,Short,Visual,Story,22,109729,202795,8227,1174,1598,564,0.624,270,10.538,0.353,10.7506,0.07210026155346354,Viral
C01975,2026-05-16,Instagram,Family Pressure,Short,Text,Advice,24,160917,70583,4818,240,376,490,0.539,201,3.681,1.303,3.0308,0.05608870597885867,Non-Viral
C02031,2026-05-16,YouTube,Social Anxiety,Short,Text,List,44,19664,119313,513,60,73,81,0.536,48,3.697,1.11,3.6997,0.05696401545972336,Non-Viral
C03843,2026-05-16,YouTube,Friendship,Long,Visual,Question,31,2545,129745,268,17,23,17,0.402,14,12.77,0.739,10.3143,0.04727269155206287,Non-Viral
C00113,2026-05-16,Instagram,Social Anxiety,Short,Text,Confession,65,169037,231777,18702,1410,2420,2851,0.468,302,15.016,1.178,14.4513,0.05955342084868994,Non-Viral
C01129,2026-05-16,Instagram,Friendship,Short,Visual,List,46,16328,116230,898,73,45,66,0.646,31,6.627,1.467,5.0557,0.0677234688878001,Viral
C00158,2026-05-16,Instagram,Social Anxiety,Long,Visual,Question,31,36413,21303,4401,128,481,230,0.591,79,14.39,0.478,11.7966,0.06746651745255815,Viral
C04677,2026-05-16,Instagram,Social Anxiety,Short,Text,Confession,39,73417,189847,4307,378,432,170,0.45,239,7.201,0.394,5.9339,0.0491148507838784,Non-Viral
C03611,2026-05-16,Instagram,Family Pressure,Long,Text,Confession,25,73515,226829,3486,148,235,453,0.427,126,5.879,1.928,4.8643,0.04628906345643746,Non-Viral
C03176,2026-05-16,YouTube,Family Pressure,Short,Visual,Question,47,44024,76195,3514,424,380,657,0.45,159,11.301,1.729,11.0099,0.05480601490096312,Non-Viral
C04371,2026-05-16,YouTube,College Life,Short,Text,Story,47,116510,33585,4342,717,1140,717,0.496,412,5.936,0.629,6.9526,0.05677234572139731,Non-Viral
C01003,2026-05-16,Instagram,Social Anxiety,Long,Visual,Question,51,32491,94670,1176,71,292,269,0.547,75,5.565,0.921,6.4895,0.06155574466775415,Non-Viral
C00134,2026-05-16,Instagram,Social Anxiety,Long,Visual,List,32,123985,223277,3755,405,363,574,0.526,117,4.111,1.581,3.8085,0.055796354397709406,Non-Viral
C01565,2026-05-16,Instagram,Friendship,Short,Text,Question,41,115330,107058,10014,644,1454,491,0.463,428,10.928,0.338,9.8127,0.05408808636087749,Non-Viral
C04554,2026-05-16,Instagram,Social Anxiety,Long,Visual,Story,25,147744,221840,9796,1018,1442,1013,0.458,404,8.981,0.702,8.6481,0.053282537361923336,Non-Viral
C04814,2026-05-16,Instagram,Self-Doubt,Short,Visual,Confession,15,23257,169638,955,56,251,56,0.514,45,5.667,0.223,6.1336,0.057340147052500325,Non-Viral
C01084,2026-05-16,YouTube,Friendship,Long,Text,Story,32,147068,9442,6314,560,829,604,0.381,448,5.648,0.729,5.2302,0.04243982919465825,Non-Viral
C04163,2026-05-17,Instagram,Dating,Long,Visual,Story,38,83314,80243,2640,266,295,240,0.429,151,4.13,0.814,3.7017,0.04583648126365317,Non-Viral
C03215,2026-05-17,Instagram,Self-Doubt,Long,Text,Confession,31,24535,18794,1153,115,154,143,0.384,60,6.379,0.929,6.1015,0.04367613613205625,Non-Viral
C02426,2026-05-17,Instagram,Family Pressure,Short,Text,Story,43,145778,220403,10151,426,985,1103,0.525,382,8.688,1.12,7.4603,0.05824880983413135,Non-Viral
C02634,2026-05-17,Instagram,Family Pressure,Short,Text,Story,53,84976,46686,4196,220,252,692,0.47,266,6.308,2.746,5.3756,0.051165882131425346,Non-Viral
C04615,2026-05-17,YouTube,Dating,Long,Visual,Question,27,154701,104400,8948,768,612,1141,0.44,164,7.414,1.864,6.2986,0.04873752593713034,Non-Viral
C04530,2026-05-17,YouTube,Friendship,Short,Text,Confession,11,166273,237504,15472,750,722,1546,0.56,350,11.12,2.141,8.4915,0.0614200020448299,Non-Viral
C02604,2026-05-17,Instagram,Career Stress,Short,Visual,List,32,66605,36512,6140,251,285,387,0.586,179,10.604,1.358,7.6203,0.0628339163726447,Non-Viral
C03448,2026-05-17,YouTube,Burnout,Short,Visual,Advice,40,109169,217460,7407,386,486,616,0.65,339,8.148,1.267,6.3869,0.0692264745486356,Viral
C03033,2026-05-17,Instagram,Dating,Short,Visual,Advice,24,166955,39331,15876,1119,974,1765,0.548,262,11.82,1.812,9.6244,0.0616021323111018,Non-Viral
C01434,2026-05-17,Instagram,Family Pressure,Long,Text,List,10,153818,143760,6040,401,596,777,0.309,476,5.08,1.304,4.5271,0.03455009296701296,Non-Viral
C02062,2026-05-17,Instagram,Burnout,Long,Visual,Advice,13,152267,20480,9628,1046,1403,1102,0.606,367,8.655,0.785,8.4037,0.067947948012373,Viral
C04787,2026-05-17,YouTube,Burnout,Long,Visual,Advice,54,127706,204831,11186,595,769,1422,0.459,417,10.941,1.849,9.1119,0.052649095578907804,Non-Viral
C01412,2026-05-17,Instagram,Career Stress,Short,Text,Advice,53,55146,99806,2893,318,134,428,0.4,84,6.842,3.194,5.7692,0.0442868023066043,Non-Viral
C03760,2026-05-17,Instagram,Dating,Short,Visual,Confession,33,58699,76703,3151,259,200,183,0.567,188,6.462,0.915,4.9916,0.059830377008126205,Non-Viral
C01387,2026-05-17,YouTube,Burnout,Short,Visual,Confession,21,11297,15646,1199,135,215,48,0.62,50,14.136,0.223,13.6585,0.07363140656811543,Viral
C02883,2026-05-17,YouTube,Dating,Short,Visual,Question,32,34507,8738,1523,167,126,209,0.566,96,5.868,1.659,5.2395,0.060786107166661836,Non-Viral
C00437,2026-05-18,Instagram,Family Pressure,Short,Visual,Story,44,122257,12272,14584,730,2248,791,0.698,389,15.012,0.352,13.6704,0.08091102022788062,Viral
C01189,2026-05-18,Instagram,Friendship,Short,Text,Confession,39,153653,96047,12531,736,1430,1219,0.647,719,10.358,0.852,9.1749,0.07198654826134213,Viral
C01672,2026-05-18,YouTube,Burnout,Short,Text,Confession,43,102040,248708,5575,481,276,315,0.455,329,6.514,1.141,4.8677,0.048350352802822426,Non-Viral
C02798,2026-05-18,Instagram,Career Stress,Short,Visual,Advice,28,5740,185751,597,70,63,64,0.591,26,13.833,1.016,12.5523,0.06921324041811847,Viral
C00079,2026-05-18,Instagram,Dating,Long,Text,Question,34,112118,62674,4525,232,636,777,0.385,160,5.503,1.222,5.4162,0.04344211455787653,Non-Viral
C02656,2026-05-18,Instagram,College Life,Short,Text,Confession,43,40892,123872,1773,206,110,140,0.494,52,5.451,1.273,4.4153,0.05239325051354788,Non-Viral
C04678,2026-05-18,YouTube,Family Pressure,Long,Text,Story,22,40078,196080,2590,108,258,186,0.413,79,7.84,0.721,6.4948,0.04599334797145566,Non-Viral
C01029,2026-05-18,YouTube,Dating,Short,Text,Advice,54,87136,190821,3913,712,550,441,0.545,257,6.445,0.802,6.3768,0.060084373852368714,Non-Viral
C04195,2026-05-18,Instagram,Family Pressure,Long,Text,List,42,169554,104436,5170,503,685,422,0.427,115,3.999,0.616,3.6794,0.045709660639088434,Non-Viral
C02436,2026-05-18,Instagram,Social Anxiety,Short,Text,Confession,31,93891,39035,10333,896,1140,1169,0.448,336,14.419,1.025,13.0667,0.05543041186056172,Non-Viral
C00706,2026-05-18,Instagram,Self-Doubt,Short,Visual,Story,28,30506,150709,3633,389,512,323,0.562,116,15.921,0.631,15.02,0.06884177538844818,Viral
C03259,2026-05-18,Instagram,Dating,Short,Visual,List,40,36997,35000,2362,70,270,93,0.658,35,7.555,0.344,6.1681,0.070121972051788,Viral
C02402,2026-05-18,Instagram,Career Stress,Long,Text,Question,8,136905,7663,5816,624,959,304,0.381,234,5.627,0.317,5.3533,0.042602026952996606,Non-Viral
C02647,2026-05-18,YouTube,Family Pressure,Short,Visual,Story,48,144754,72084,16532,1790,833,1276,0.677,392,14.114,1.532,11.0546,0.07478892327673156,Viral
C00131,2026-05-18,Instagram,College Life,Long,Text,Confession,51,25092,138824,992,68,137,77,0.366,21,5.077,0.562,4.6349,0.04038407460545194,Non-Viral
C02688,2026-05-18,Instagram,Self-Doubt,Short,Visual,List,23,78225,190754,3085,275,451,219,0.511,146,5.152,0.486,4.7888,0.05506164908916587,Non-Viral
C03891,2026-05-18,Instagram,Friendship,Long,Visual,Confession,37,131649,145302,14415,1628,1147,2097,0.458,266,14.65,1.828,13.1292,0.05635420094341773,Non-Viral
C00980,2026-05-18,Instagram,Family Pressure,Short,Text,List,14,114410,192287,4358,410,995,830,0.607,339,5.763,0.834,6.5021,0.06732748011537454,Viral
C04384,2026-05-18,YouTube,Dating,Short,Text,Story,41,145663,230720,11525,1390,734,1803,0.521,770,10.608,2.456,9.3747,0.059512314726457655,Non-Viral
C00126,2026-05-18,Instagram,Social Anxiety,Short,Visual,Question,39,144284,237735,16207,1694,1817,692,0.616,336,14.146,0.381,12.1146,0.07046688752737656,Viral
C04352,2026-05-18,Instagram,Social Anxiety,Long,Visual,Question,28,57495,182962,7077,487,440,362,0.526,190,14.551,0.823,10.9801,0.05920318288546831,Non-Viral
C03144,2026-05-19,Instagram,Career Stress,Long,Visual,List,45,171100,56862,6495,662,1031,734,0.567,222,5.214,0.712,5.1441,0.061278901227352425,Non-Viral
C01759,2026-05-19,YouTube,Friendship,Short,Visual,Advice,37,115489,154071,4857,250,396,305,0.439,138,5.029,0.77,3.9844,0.04655999359246335,Non-Viral
C03236,2026-05-19,YouTube,Self-Doubt,Short,Text,List,42,90092,43100,5414,214,841,315,0.546,119,7.53,0.375,6.8608,0.06020593615415354,Non-Viral
C01728,2026-05-19,Instagram,Career Stress,Long,Visual,Question,10,151626,91239,3348,437,354,554,0.453,99,3.095,1.565,2.9675,0.04787904317201536,Non-Viral
C04186,2026-05-19,Instagram,College Life,Short,Text,Advice,38,118217,97897,7431,395,1144,336,0.462,139,7.872,0.294,7.1157,0.051908569833441894,Non-Viral
C03594,2026-05-19,Instagram,Social Anxiety,Short,Visual,Advice,61,58534,58870,7604,363,590,415,0.62,318,15.328,0.703,11.8675,0.06959302285850959,Viral
C01544,2026-05-19,YouTube,Dating,Long,Text,Story,33,84649,183172,3104,270,238,152,0.446,103,4.447,0.639,3.5145,0.046882366005505084,Non-Viral
C02303,2026-05-19,Instagram,Self-Doubt,Long,Visual,Question,16,125702,103376,7575,968,642,861,0.448,159,7.992,1.341,7.0703,0.05030826558049992,Non-Viral
C00288,2026-05-19,Instagram,Burnout,Long,Visual,Advice,46,6630,240188,355,49,47,51,0.357,6,7.572,1.085,7.451,0.04230633484162896,Non-Viral
C00570,2026-05-19,Instagram,Friendship,Long,Visual,Confession,49,98222,172205,3216,352,373,584,0.402,205,4.607,1.566,4.5031,0.04423015617682394,Non-Viral
C04892,2026-05-19,Instagram,Social Anxiety,Short,Text,Story,46,21793,12513,810,87,164,65,0.441,45,5.167,0.396,5.3113,0.048980007341807005,Non-Viral
C00116,2026-05-19,Instagram,Career Stress,Short,Visual,Advice,45,38118,156174,3571,149,502,476,0.608,128,12.325,0.948,11.7189,0.07105893278765937,Viral
C03235,2026-05-19,Instagram,Dating,Long,Text,Story,41,54314,135768,2748,307,516,145,0.382,78,6.842,0.281,6.7616,0.044123887027285785,Non-Viral
C02580,2026-05-19,YouTube,Family Pressure,Short,Visual,List,39,17202,113550,1179,82,90,131,0.516,69,8.615,1.456,7.2346,0.05695402860132544,Non-Viral
C02199,2026-05-19,Instagram,Social Anxiety,Short,Visual,Advice,42,5011,216736,590,57,77,21,0.482,17,14.867,0.273,13.0413,0.05807826781081621,Non-Viral
C02857,2026-05-19,Instagram,Family Pressure,Short,Text,Story,39,2591,206107,227,6,30,14,0.575,4,10.691,0.467,9.2821,0.06467869548436897,Non-Viral
C03926,2026-05-19,Instagram,Career Stress,Short,Visual,Story,27,46333,205863,3005,222,511,110,0.521,53,8.305,0.215,7.745,0.058493930891589156,Non-Viral
C04767,2026-05-19,Instagram,Friendship,Short,Visual,List,16,155204,130215,12896,764,1713,1304,0.545,392,10.745,0.761,9.8844,0.06272562562820547,Non-Viral
C03684,2026-05-19,YouTube,Social Anxiety,Long,Visual,Advice,29,34004,154817,2116,125,458,227,0.465,82,8.605,0.496,9.0386,0.05511516292200919,Non-Viral
C02892,2026-05-19,Instagram,Burnout,Long,Visual,Advice,56,16804,208868,933,77,131,168,0.53,32,7.79,1.282,7.8017,0.06019471554391812,Non-Viral
C01455,2026-05-20,Instagram,Dating,Long,Visual,Confession,52,76246,164289,2496,197,228,241,0.481,82,4.147,1.057,3.5536,0.050781452141751705,Non-Viral
C04721,2026-05-20,Instagram,Social Anxiety,Long,Visual,Confession,29,14519,96320,543,31,43,24,0.496,17,4.415,0.558,3.4093,0.051748908327019776,Non-Viral
C02737,2026-05-20,Instagram,Friendship,Short,Visual,Story,57,108595,138645,5794,642,532,369,0.494,189,6.756,0.694,5.7038,0.053510686495695015,Non-Viral
C01344,2026-05-20,Instagram,Burnout,Short,Visual,Question,30,48789,54278,4676,288,175,453,0.578,165,11.462,2.589,8.6105,0.06308500276701715,Non-Viral
C03763,2026-05-20,Instagram,Career Stress,Short,Text,Advice,46,103080,107277,6895,728,1263,485,0.58,350,9.091,0.384,9.0207,0.06598457508731082,Non-Viral
C04977,2026-05-20,Instagram,Burnout,Short,Text,List,25,121861,249385,6925,207,470,637,0.536,205,6.761,1.355,5.2987,0.05715856262462971,Non-Viral
C04658,2026-05-20,YouTube,Friendship,Short,Visual,Confession,30,44248,167537,2458,119,300,128,0.567,131,6.791,0.427,5.7935,0.06102222925329959,Non-Viral
C00978,2026-05-20,YouTube,Burnout,Short,Text,List,20,156433,233451,13998,1048,1172,474,0.621,648,10.67,0.404,8.3326,0.06738532982171282,Viral
C02247,2026-05-20,Instagram,Burnout,Short,Visual,List,42,116661,65164,8528,742,1569,662,0.504,414,9.858,0.422,9.7788,0.05910856584462674,Non-Viral
C04757,2026-05-20,Instagram,Self-Doubt,Short,Visual,Confession,25,41655,25238,1263,204,221,110,0.573,107,4.316,0.498,4.3704,0.0612142960028808,Non-Viral
C01631,2026-05-20,YouTube,Self-Doubt,Short,Visual,Confession,30,30672,40644,2307,215,189,252,0.484,72,9.66,1.333,8.304,0.05468912363067292,Non-Viral
C00708,2026-05-20,Instagram,Friendship,Short,Text,Question,38,35230,158548,1125,69,82,68,0.374,28,3.815,0.829,2.9747,0.03932023843315356,Non-Viral
C00129,2026-05-20,Instagram,Social Anxiety,Short,Visual,Confession,49,100397,174143,6504,898,740,335,0.572,241,8.443,0.453,7.4594,0.06285953165931253,Non-Viral
C00922,2026-05-20,Instagram,Dating,Short,Text,Confession,19,128728,241358,7120,388,876,1203,0.488,130,7.447,1.373,7.1282,0.055117972779814804,Non-Viral
C01765,2026-05-20,YouTube,Career Stress,Long,Text,Advice,42,121744,72473,5286,451,1271,553,0.416,299,6.211,0.435,6.7671,0.04821634248915757,Non-Viral
C03883,2026-05-20,YouTube,Dating,Short,Visual,List,46,28353,107688,1677,148,244,191,0.655,51,7.971,0.783,7.6694,0.07217654216485028,Viral
C01897,2026-05-20,Instagram,Career Stress,Short,Text,Story,44,176167,10429,9914,1256,1952,430,0.539,576,7.693,0.22,7.6955,0.06068787741177406,Non-Viral
C00535,2026-05-21,YouTube,Social Anxiety,Short,Text,Story,22,165988,6369,14373,369,1562,1200,0.491,717,10.545,0.768,8.932,0.055836932790322195,Non-Viral
C03542,2026-05-21,Instagram,Social Anxiety,Long,Text,Advice,42,34619,204757,1538,117,346,320,0.431,68,6.704,0.925,7.5753,0.05087752101447182,Non-Viral
C02530,2026-05-21,Instagram,Friendship,Short,Visual,List,20,43325,64298,3906,264,639,558,0.62,60,12.388,0.873,12.4224,0.07341488747836122,Viral
C00930,2026-05-21,YouTube,Dating,Short,Visual,Question,41,89613,139832,6078,306,465,621,0.675,416,8.336,1.335,6.8461,0.072426182585116,Viral
C01627,2026-05-21,Instagram,Dating,Short,Visual,Advice,8,175098,62621,8605,1111,1849,1463,0.585,276,7.44,0.791,8.248,0.06671025939759448,Viral
C03227,2026-05-21,YouTube,Family Pressure,Short,Visual,List,23,13488,53564,994,114,53,69,0.577,49,9.119,1.302,7.1545,0.06227072953736655,Non-Viral
C00228,2026-05-21,Instagram,Friendship,Short,Text,List,9,28801,223059,1925,75,408,250,0.518,92,9.229,0.613,9.7184,0.06116946633797438,Non-Viral
C02719,2026-05-21,Instagram,Career Stress,Short,Visual,Question,20,107845,241447,3881,203,899,295,0.609,289,4.894,0.328,5.1296,0.06575418888219203,Non-Viral
C02679,2026-05-21,Instagram,Self-Doubt,Short,Text,Story,26,75875,248168,4607,403,509,465,0.445,185,7.887,0.914,7.0708,0.05015403624382208,Non-Viral
C03512,2026-05-21,YouTube,Dating,Short,Visual,Advice,46,99462,133144,7120,453,998,253,0.548,172,8.872,0.254,7.7814,0.06076157326416119,Non-Viral
C00597,2026-05-21,Instagram,Social Anxiety,Short,Visual,Story,26,84230,220042,5629,285,559,972,0.541,338,8.839,1.739,8.1479,0.06105595393565239,Non-Viral
C02561,2026-05-21,Instagram,Career Stress,Short,Visual,Confession,41,143819,39903,13065,1117,1328,450,0.543,297,11.097,0.339,9.1031,0.06055890876726998,Non-Viral
C04365,2026-05-21,Instagram,College Life,Short,Visual,Advice,8,40916,177644,2139,64,129,288,0.58,54,6.403,2.233,5.2021,0.06176503079479909,Non-Viral
C02626,2026-05-21,Instagram,Self-Doubt,Short,Text,Advice,56,97872,181476,2934,231,259,204,0.589,156,3.707,0.788,3.0637,0.061070181461500735,Non-Viral
C00266,2026-05-22,YouTube,College Life,Short,Visual,Advice,34,66273,83180,2026,256,345,224,0.501,132,4.302,0.649,4.3457,0.0540359920329546,Non-Viral
C02753,2026-05-22,Instagram,College Life,Short,Text,Story,30,75703,86101,5283,574,974,793,0.495,262,10.071,0.814,10.5815,0.05956961415003369,Non-Viral
C03751,2026-05-22,YouTube,Family Pressure,Short,Visual,List,27,134603,95293,4764,458,755,479,0.554,354,4.796,0.634,4.6745,0.0595020631040913,Non-Viral
C01161,2026-05-22,Instagram,Self-Doubt,Short,Visual,List,13,123299,234123,7914,218,587,864,0.489,300,7.772,1.472,6.3042,0.053409768935676685,Non-Viral
C02123,2026-05-22,Instagram,Friendship,Short,Text,Advice,40,20104,245928,1658,105,90,170,0.55,51,10.063,1.889,7.9412,0.06033475925189018,Non-Viral
C03802,2026-05-22,Instagram,Burnout,Long,Visual,Question,15,137451,61182,8869,919,439,1010,0.443,214,8.175,2.301,6.6569,0.04894456424471267,Non-Viral
C04376,2026-05-22,Instagram,Family Pressure,Short,Visual,List,42,75511,143858,5584,332,535,253,0.566,95,8.878,0.473,7.1526,0.06145293533392485,Non-Viral
C03137,2026-05-22,Instagram,Burnout,Short,Visual,Story,41,151892,34335,5344,595,817,624,0.444,239,4.859,0.764,4.782,0.04864051299607616,Non-Viral
C01760,2026-05-22,Instagram,Friendship,Short,Text,Story,23,163522,154286,9288,1190,781,1176,0.588,346,7.604,1.506,6.8028,0.06419835618448894,Non-Viral
C01791,2026-05-22,Instagram,Social Anxiety,Long,Text,Question,22,116318,184276,9643,1198,488,1352,0.426,587,10.902,2.77,9.2733,0.04951982324317818,Non-Viral
C00242,2026-05-22,YouTube,Career Stress,Short,Text,Advice,50,150922,54167,10690,513,408,465,0.471,435,8.001,1.14,5.4787,0.04975070698771551,Non-Viral
C00424,2026-05-22,YouTube,Family Pressure,Short,Visual,Confession,30,179281,74242,11684,1968,1484,1544,0.512,795,9.304,1.04,9.1108,0.05915510957658648,Non-Viral
C04662,2026-05-22,Instagram,Family Pressure,Short,Text,Confession,46,120068,108011,4984,431,521,365,0.52,204,5.248,0.701,4.5237,0.05540307159276411,Non-Viral
C00677,2026-05-22,YouTube,Career Stress,Short,Text,Advice,69,127235,124998,9652,1122,688,764,0.691,461,9.609,1.11,7.9389,0.07465743309623923,Viral
C03378,2026-05-22,Instagram,Family Pressure,Long,Visual,Advice,37,178528,97908,10713,880,2115,1139,0.48,439,8.316,0.539,8.5698,0.0559844618211149,Non-Viral
C04898,2026-05-22,Instagram,Burnout,Short,Visual,Question,31,113834,64387,9117,588,1311,1678,0.579,636,11.151,1.28,11.1825,0.06827958782086195,Viral
C01858,2026-05-22,Instagram,College Life,Short,Text,List,77,90001,189203,1724,112,243,378,0.525,154,2.73,1.556,2.7944,0.0551616370929212,Non-Viral
C03075,2026-05-22,Instagram,Career Stress,Short,Visual,Question,25,175643,60694,9775,1433,744,619,0.61,279,7.157,0.832,5.982,0.06518718650899837,Non-Viral
C03722,2026-05-22,Instagram,Career Stress,Short,Text,Confession,27,67055,216679,1802,149,218,355,0.431,164,3.764,1.628,3.7111,0.0464845350831407,Non-Viral
C02037,2026-05-22,YouTube,College Life,Short,Text,Advice,35,148177,143375,9102,1077,1632,664,0.463,757,8.419,0.407,8.362,0.05369082313719404,Non-Viral
C02729,2026-05-22,Instagram,Social Anxiety,Short,Text,Story,36,100864,110558,4162,527,377,441,0.397,187,5.46,1.17,4.8427,0.043477363578680206,Non-Viral
C02548,2026-05-23,YouTube,Family Pressure,Short,Text,Story,38,3297,78822,201,16,36,16,0.608,11,8.159,0.444,8.0224,0.06789736123748863,Viral
C01118,2026-05-23,Instagram,Burnout,Short,Text,Confession,55,47062,12364,1655,191,146,250,0.532,100,4.764,1.712,4.3602,0.056798444604989166,Non-Viral
C00260,2026-05-23,Instagram,Family Pressure,Long,Visual,Question,44,42643,176894,2812,153,164,245,0.377,91,7.912,1.494,6.1382,0.04169244893651948,Non-Viral
C04412,2026-05-23,Instagram,Dating,Short,Visual,Confession,49,141128,77929,8720,628,1275,1558,0.556,650,8.631,1.222,8.6751,0.06364482455643106,Non-Viral
C04866,2026-05-23,Instagram,Friendship,Short,Visual,Advice,12,85539,247415,8338,833,706,389,0.609,368,12.002,0.551,9.7201,0.0674391225055238,Viral
C04585,2026-05-23,Instagram,Career Stress,Long,Visual,List,47,15356,61141,864,38,138,79,0.445,53,7.287,0.572,6.9094,0.05045858296431363,Non-Viral
C04508,2026-05-23,Instagram,Social Anxiety,Short,Text,Advice,31,42385,175509,3735,383,428,489,0.458,127,11.879,1.143,11.0983,0.05516062286186152,Non-Viral
C00786,2026-05-23,Instagram,Social Anxiety,Long,Visual,Question,34,117085,234527,4621,591,1133,738,0.433,262,6.049,0.651,6.8941,0.05030260494512534,Non-Viral
C00985,2026-05-23,YouTube,Career Stress,Long,Visual,Story,49,54088,78094,3334,405,375,381,0.431,153,8.311,1.016,7.6939,0.04945630823842627,Non-Viral
C02345,2026-05-23,Instagram,Self-Doubt,Long,Visual,Advice,22,126633,120344,6236,441,420,847,0.613,221,6.273,2.017,5.3173,0.06532146359953567,Non-Viral
C04874,2026-05-23,YouTube,Career Stress,Short,Visual,Story,44,109516,106136,7204,793,1266,887,0.72,221,9.268,0.701,9.463,0.0807179042331714,Viral
C03673,2026-05-23,Instagram,Friendship,Short,Visual,List,50,36813,141204,2533,258,306,121,0.591,113,8.741,0.395,7.6427,0.06487785021595632,Non-Viral
C01628,2026-05-23,Instagram,Career Stress,Long,Visual,Story,50,121298,80294,4996,348,996,513,0.429,230,5.65,0.515,5.7989,0.04829415324242774,Non-Viral
C01415,2026-05-23,Instagram,Burnout,Long,Visual,Advice,31,135828,189712,9734,429,1181,1492,0.434,481,9.45,1.263,8.8623,0.051081774008304624,Non-Viral
C04900,2026-05-23,YouTube,Self-Doubt,Short,Visual,Confession,70,62151,18547,5114,331,576,570,0.55,229,10.605,0.99,9.5276,0.06272071245836754,Non-Viral
C00966,2026-05-23,YouTube,College Life,Short,Text,Question,41,101823,179542,5013,559,543,256,0.486,111,6.257,0.471,5.3878,0.05257749035090304,Non-Viral
C04435,2026-05-23,Instagram,Burnout,Short,Text,Question,27,86476,79371,6955,299,1039,412,0.568,99,10.066,0.397,9.0973,0.06415464175031223,Non-Viral
C02464,2026-05-23,Instagram,Self-Doubt,Short,Visual,Story,21,33618,160405,3608,138,300,343,0.556,235,13.056,1.143,10.6996,0.0632923076923077,Non-Viral
C01156,2026-05-23,Instagram,Dating,Short,Text,Confession,44,38319,209822,1317,219,304,164,0.618,106,5.23,0.539,5.8117,0.06751126595161669,Viral
C02190,2026-05-23,YouTube,Social Anxiety,Short,Visual,List,54,154612,68504,16362,711,2798,1160,0.455,1036,13.602,0.415,12.9107,0.056584197863037804,Non-Viral
C04463,2026-05-23,Instagram,Dating,Short,Visual,Story,49,100914,5855,5133,421,333,596,0.551,175,6.424,1.79,5.3402,0.058982513823651835,Non-Viral
C00548,2026-05-24,Instagram,College Life,Short,Visual,Story,25,97838,165234,12493,782,893,885,0.752,352,15.386,0.991,12.1308,0.08321989002228174,Viral
C00270,2026-05-24,YouTube,Social Anxiety,Short,Visual,Confession,39,155699,138584,9551,862,769,828,0.575,150,7.714,1.077,6.4429,0.062148392089865695,Non-Viral
C01423,2026-05-24,Instagram,Dating,Short,Text,List,27,122533,167411,10111,1110,757,898,0.426,605,10.508,1.186,8.8038,0.04893747643491957,Non-Viral
C02065,2026-05-24,Instagram,College Life,Short,Text,Story,41,47688,46406,3932,252,520,194,0.576,112,10.271,0.373,9.0002,0.06451997986914947,Non-Viral
C04928,2026-05-24,Instagram,College Life,Long,Visual,Advice,54,14840,58470,677,34,70,74,0.494,11,5.761,1.057,5.0371,0.053362264150943396,Non-Viral
C01546,2026-05-24,Instagram,College Life,Long,Visual,Advice,35,79385,91701,5748,273,308,654,0.483,309,8.796,2.123,6.9478,0.053033261951250237,Non-Viral
C01833,2026-05-24,Instagram,Burnout,Short,Visual,Confession,52,32468,130375,2089,104,279,136,0.582,136,8.033,0.487,7.1132,0.06380397930269804,Non-Viral
C02560,2026-05-24,Instagram,Dating,Short,Text,Advice,30,124507,55231,6962,994,1457,1424,0.436,451,8.704,0.977,9.7914,0.05349462439862819,Non-Viral
C01318,2026-05-24,Instagram,Dating,Short,Text,Question,32,177879,169621,5709,577,493,773,0.473,323,4.246,1.568,3.7919,0.050337458047324306,Non-Viral
C00981,2026-05-24,Instagram,Dating,Short,Visual,List,42,27315,33287,1950,254,222,177,0.457,75,9.53,0.797,8.6985,0.05269615595826469,Non-Viral
C04938,2026-05-24,Instagram,Dating,Short,Visual,Question,39,174143,245398,15386,1223,2682,1856,0.515,594,12.143,0.692,12.223,0.06268132798906646,Non-Viral
C03969,2026-05-24,YouTube,Self-Doubt,Short,Visual,Story,18,79624,90493,5661,578,1045,290,0.649,358,9.512,0.278,9.3094,0.07298738571285039,Viral
C04782,2026-05-24,Instagram,Self-Doubt,Short,Text,Story,34,72523,135291,2175,124,400,426,0.408,88,4.309,1.065,4.5854,0.04530064117590282,Non-Viral
C02235,2026-05-24,YouTube,Friendship,Long,Visual,List,32,118834,232540,4232,265,528,725,0.671,79,4.839,1.373,4.6683,0.0712642122624838,Viral
C00698,2026-05-24,Instagram,Dating,Short,Visual,Story,44,45109,131382,2920,230,313,325,0.65,139,8.397,1.038,7.524,0.07104868208118115,Viral
C02947,2026-05-24,YouTube,Family Pressure,Short,Visual,List,48,132343,63941,5812,226,352,589,0.6,246,5.273,1.673,4.14,0.06278820942550796,Non-Viral
C01396,2026-05-24,Instagram,Dating,Short,Visual,List,40,123345,48434,12936,996,1984,1138,0.622,714,13.826,0.574,13.1258,0.07341731728079777,Viral
C00915,2026-05-24,Instagram,Friendship,Long,Text,Story,42,131431,50050,8891,1138,1238,1427,0.488,282,9.658,1.153,9.6785,0.05759472879305491,Non-Viral
C04547,2026-05-24,Instagram,Career Stress,Short,Text,Story,34,31798,158704,3002,292,347,437,0.458,135,12.825,1.259,12.1203,0.0562110321403862,Non-Viral
C04457,2026-05-24,Instagram,Career Stress,Short,Visual,List,41,94693,60814,2500,272,451,235,0.604,42,3.652,0.521,3.6761,0.06371861911651337,Non-Viral
C03667,2026-05-24,Instagram,Social Anxiety,Short,Visual,Story,24,105462,127675,12059,1007,1434,998,0.529,632,14.695,0.696,13.1213,0.0632899982932241,Non-Viral
C04936,2026-05-25,Instagram,Self-Doubt,Short,Text,Question,28,24309,43914,2365,107,332,194,0.623,127,12.333,0.584,11.2181,0.07150029618659756,Viral
C04802,2026-05-25,YouTube,Dating,Short,Text,List,44,2879,98187,150,21,15,31,0.563,10,7.537,2.067,7.4158,0.0629689822855158,Non-Viral
C00520,2026-05-25,Instagram,Self-Doubt,Long,Text,Advice,36,64721,194429,2826,472,456,275,0.519,108,6.225,0.603,6.2406,0.05743916039616199,Non-Viral
C01350,2026-05-25,Instagram,Social Anxiety,Long,Visual,List,47,40794,119179,1696,256,405,125,0.43,96,6.084,0.309,6.6113,0.049328136490660396,Non-Viral
C01644,2026-05-25,Instagram,Self-Doubt,Short,Text,Question,60,122273,109292,7060,248,1277,528,0.486,210,7.453,0.413,7.188,0.05489942832841266,Non-Viral
C04790,2026-05-25,Instagram,Self-Doubt,Short,Visual,Confession,8,145668,191279,12166,873,822,440,0.461,700,9.818,0.535,7.3719,0.05044446824285362,Non-Viral
C00468,2026-05-25,Instagram,Dating,Short,Visual,Confession,33,98193,128275,3406,259,279,438,0.526,201,4.463,1.57,3.8745,0.055612434694937526,Non-Viral
C02676,2026-05-25,Instagram,Burnout,Short,Visual,List,22,8318,248302,221,35,39,44,0.715,10,4.075,1.128,4.4241,0.07582796345275306,Viral
C01608,2026-05-25,YouTube,Friendship,Short,Visual,Confession,27,111262,34651,6895,674,1179,387,0.52,339,8.21,0.328,7.8818,0.058720623393431724,Non-Viral
C00688,2026-05-25,YouTube,Self-Doubt,Long,Visual,Story,48,142744,192030,5389,621,272,399,0.367,152,4.68,1.467,3.6709,0.03904861009919857,Non-Viral
C03955,2026-05-25,YouTube,College Life,Long,Text,Confession,8,106465,79023,3545,117,358,196,0.463,203,3.96,0.547,3.2067,0.04853031043065797,Non-Viral
C04060,2026-05-25,Instagram,Career Stress,Short,Visual,List,19,138450,158320,13395,1055,1156,830,0.606,564,11.871,0.718,9.6844,0.0672988082340195,Viral
C02966,2026-05-25,YouTube,Burnout,Long,Text,Story,29,30147,208344,2044,221,126,272,0.495,42,8.833,2.159,7.548,0.05518713304806448,Non-Viral
C01654,2026-05-25,Instagram,Burnout,Short,Visual,Confession,61,50418,5533,3712,379,300,393,0.575,98,9.489,1.31,8.1528,0.06364363917648458,Non-Viral
C03825,2026-05-25,Instagram,Social Anxiety,Short,Visual,List,23,118620,90036,7561,567,1105,1378,0.612,519,8.945,1.247,9.0221,0.06959403136064746,Viral
C02024,2026-05-26,YouTube,Self-Doubt,Short,Text,Advice,29,95979,136394,4179,331,588,472,0.602,57,5.803,0.803,5.5158,0.064949476447973,Non-Viral
C01505,2026-05-26,Instagram,Family Pressure,Long,Visual,List,36,59571,181446,1727,253,112,267,0.499,36,3.96,2.384,3.547,0.05272771818502291,Non-Viral
C01580,2026-05-26,Instagram,Dating,Short,Visual,Story,38,106528,56419,9644,1187,396,522,0.602,454,11.029,1.318,8.2931,0.06501422724541905,Non-Viral
C03019,2026-05-26,Instagram,Burnout,Short,Text,List,15,12567,141126,1249,107,67,168,0.507,20,12.66,2.507,10.5196,0.058386798758653616,Non-Viral
C00531,2026-05-26,YouTube,Career Stress,Long,Text,Question,22,157144,222063,3047,295,582,232,0.403,206,2.645,0.399,2.6574,0.04269111897368019,Non-Viral
C03423,2026-05-26,YouTube,Family Pressure,Long,Text,Advice,19,138416,30613,3635,458,616,624,0.556,73,3.853,1.013,4.0461,0.05945143336030518,Non-Viral
C01188,2026-05-26,YouTube,College Life,Short,Text,Advice,27,127160,191211,3445,502,444,631,0.449,227,3.949,1.421,3.9867,0.0485520918527839,Non-Viral
C03415,2026-05-26,Instagram,College Life,Short,Visual,Confession,35,17627,57604,689,59,143,80,0.645,41,5.509,0.559,5.7979,0.07001426788449538,Viral
C00720,2026-05-26,Instagram,Burnout,Short,Text,Advice,50,45681,182582,3402,282,158,116,0.581,155,8.664,0.734,6.1951,0.06134423721021869,Non-Viral
C00455,2026-05-26,Instagram,Career Stress,Short,Visual,List,41,125023,107565,9319,1045,534,1069,0.686,458,9.572,2.002,7.9721,0.0743409436663654,Viral
C02445,2026-05-26,Instagram,Family Pressure,Short,Text,List,32,94546,51966,3462,374,346,720,0.51,124,5.185,2.081,5.0452,0.055524781587798534,Non-Viral
C02973,2026-05-26,YouTube,Self-Doubt,Long,Visual,List,42,64112,177243,4433,504,641,683,0.488,81,9.766,1.066,9.7665,0.057674313701023217,Non-Viral
C04541,2026-05-26,YouTube,Family Pressure,Long,Visual,Advice,20,157590,231667,12837,1114,519,796,0.474,415,9.687,1.534,7.1315,0.051457681324957164,Non-Viral
C04618,2026-05-26,YouTube,Friendship,Long,Visual,Advice,25,65297,178708,1499,122,379,312,0.494,123,3.541,0.823,4.125,0.05372561986002419,Non-Viral
C02614,2026-05-26,YouTube,Social Anxiety,Long,Text,Advice,37,120490,177918,4697,383,459,701,0.555,279,5.179,1.527,4.7323,0.05943642625944062,Non-Viral
C04265,2026-05-26,Instagram,Burnout,Long,Visual,Story,34,97241,89146,7171,225,770,701,0.47,221,9.119,0.91,7.8516,0.053073055604117604,Non-Viral
C03838,2026-05-26,Instagram,Self-Doubt,Short,Visual,Story,48,65114,236323,5637,311,340,533,0.513,337,10.475,1.568,8.2486,0.05682185397917499,Non-Viral
C03007,2026-05-26,Instagram,Friendship,Short,Text,List,40,10941,175913,1012,81,77,137,0.581,58,11.946,1.779,10.351,0.06613400054839594,Non-Viral
C00394,2026-05-26,Instagram,Career Stress,Short,Visual,List,55,154716,132580,3479,498,401,210,0.515,162,2.965,0.524,2.6562,0.05355634840611185,Non-Viral
C04390,2026-05-26,Instagram,Self-Doubt,Short,Visual,Question,37,112377,241037,10355,1088,1193,1076,0.627,198,12.202,0.902,11.1593,0.07180195146693719,Viral
C00665,2026-05-26,Instagram,Career Stress,Short,Visual,Confession,38,108371,198750,5098,344,896,757,0.51,381,6.547,0.845,6.7057,0.057292273763276155,Non-Viral
C01764,2026-05-27,YouTube,Self-Doubt,Short,Visual,Story,39,89315,32991,6163,288,601,399,0.658,178,8.342,0.664,6.846,0.0706519285674299,Viral
C03876,2026-05-27,Instagram,Family Pressure,Short,Visual,Question,34,83850,71878,6387,276,459,214,0.658,296,8.749,0.466,6.455,0.0695227191413238,Viral
C02213,2026-05-27,Instagram,College Life,Short,Visual,Confession,34,78619,73242,7343,237,458,621,0.51,195,11.014,1.356,8.4496,0.056443340668286296,Non-Viral
C01873,2026-05-27,Instagram,Career Stress,Long,Visual,Advice,26,125390,167755,5538,301,1303,934,0.54,365,6.441,0.717,7.1756,0.061270914745992514,Non-Viral
C04310,2026-05-27,YouTube,Family Pressure,Short,Text,Story,31,163450,17485,7798,608,1515,844,0.575,401,6.586,0.557,6.7568,0.06377806668706026,Non-Viral
C00967,2026-05-27,Instagram,Friendship,Short,Visual,Advice,41,19584,131928,2009,182,161,183,0.51,77,12.944,1.137,10.8584,0.058896752450980396,Non-Viral
C00625,2026-05-27,Instagram,Burnout,Short,Visual,Confession,65,178114,14134,15816,1719,1299,803,0.597,612,11.025,0.618,8.9771,0.06578205980439494,Non-Viral
C01568,2026-05-27,YouTube,Self-Doubt,Long,Visual,List,30,38962,109653,1815,111,359,108,0.481,75,6.142,0.301,6.0752,0.05350526667008881,Non-Viral
C00494,2026-05-27,Instagram,Self-Doubt,Short,Visual,Story,36,14729,69819,1102,69,116,123,0.529,71,9.573,1.06,8.4765,0.059651985878199476,Non-Viral
C00137,2026-05-27,Instagram,Dating,Long,Visual,Confession,22,49396,135843,2359,137,392,181,0.493,154,6.213,0.462,5.9175,0.054386444246497696,Non-Viral
C01048,2026-05-27,YouTube,Friendship,Short,Visual,Story,45,167601,208489,11102,1295,1322,1730,0.659,707,9.218,1.309,8.9018,0.07370514436071383,Viral
C04078,2026-05-27,YouTube,Burnout,Short,Text,List,18,34286,239361,1766,120,328,103,0.546,71,6.758,0.314,6.5712,0.06033120223998134,Non-Viral
C02414,2026-05-27,YouTube,Dating,Long,Visual,Story,39,42699,185863,1305,103,213,159,0.464,28,4.169,0.746,4.1312,0.05012374060282443,Non-Viral
C01525,2026-05-27,YouTube,Family Pressure,Long,Visual,Question,15,94463,58855,3760,340,503,357,0.448,98,5.251,0.71,4.8834,0.04886984745350032,Non-Viral
C03648,2026-05-27,Instagram,Burnout,Long,Text,List,23,119186,200052,2023,358,382,457,0.374,55,2.702,1.196,3.0276,0.0404431426509825,Non-Viral
C04756,2026-05-27,Instagram,Family Pressure,Long,Text,Advice,29,67850,121519,1560,107,354,269,0.48,101,3.375,0.76,3.7443,0.051773765659543114,Non-Viral
C03303,2026-05-27,YouTube,Friendship,Long,Visual,Advice,22,151749,26133,5207,666,987,496,0.388,218,4.847,0.503,4.9789,0.04336576320107546,Non-Viral
C04259,2026-05-27,Instagram,Friendship,Short,Text,Advice,76,17743,13736,790,24,61,39,0.357,34,5.151,0.639,3.9001,0.03810940089049203,Non-Viral
C03347,2026-05-27,YouTube,Career Stress,Long,Text,Advice,30,55197,177992,2055,197,136,209,0.368,91,4.705,1.537,3.8933,0.03958004239360835,Non-Viral
C04914,2026-05-28,Instagram,Burnout,Short,Text,Question,28,179826,170644,8124,645,812,692,0.655,238,5.713,0.852,4.9211,0.0692244336191652,Viral
C03449,2026-05-28,Instagram,Friendship,Long,Visual,Story,28,62509,148814,3720,472,703,632,0.448,233,8.842,0.899,9.5042,0.05402667135932426,Non-Viral
C00193,2026-05-28,YouTube,Burnout,Short,Visual,Question,30,136613,23642,5098,251,268,272,0.71,103,4.311,1.015,3.1282,0.07275568942926368,Viral
C03225,2026-05-28,YouTube,Burnout,Short,Visual,Story,59,105171,118622,4262,527,381,162,0.52,209,5.07,0.425,4.1727,0.054843939869355623,Non-Viral
C03170,2026-05-28,YouTube,Social Anxiety,Short,Text,Question,18,92846,96306,8487,1097,1002,654,0.509,266,12.106,0.653,10.9892,0.059641895181267904,Non-Viral
C04233,2026-05-28,YouTube,Dating,Long,Visual,List,35,48893,27166,3095,188,461,422,0.382,76,8.521,0.915,8.2967,0.04560903605833146,Non-Viral
C04210,2026-05-28,Instagram,Dating,Short,Text,Question,34,37925,91407,2707,302,482,145,0.449,165,9.587,0.301,9.3408,0.05296064601186552,Non-Viral
C04351,2026-05-28,YouTube,Self-Doubt,Short,Visual,Story,42,116054,213271,10115,676,2210,1290,0.477,429,12.314,0.584,13.1676,0.06047767246281903,Non-Viral
C01181,2026-05-28,YouTube,Dating,Short,Text,Question,16,85837,124212,6527,402,1025,438,0.561,166,9.777,0.427,9.1074,0.06370685951279752,Non-Viral
C00490,2026-05-28,Instagram,Family Pressure,Short,Text,Confession,17,175552,23691,10054,422,642,1516,0.576,617,7.197,2.361,6.0484,0.06219692854538826,Non-Viral
C02183,2026-05-28,YouTube,Self-Doubt,Long,Text,Advice,30,148685,42869,7561,665,726,716,0.31,512,6.502,0.986,5.6415,0.0353128089585365,Non-Viral
C00850,2026-05-28,Instagram,Family Pressure,Short,Text,Advice,58,70893,66770,4985,520,463,678,0.61,141,9.375,1.464,8.4881,0.06790829842156489,Viral
C02692,2026-05-28,YouTube,Self-Doubt,Short,Visual,List,21,68082,189314,1406,83,189,108,0.649,69,2.623,0.571,2.3655,0.06680799330219442,Viral
C03810,2026-05-28,YouTube,Burnout,Long,Visual,Story,44,152973,187782,14401,480,2322,783,0.504,253,11.758,0.337,10.7552,0.05923685356239337,Non-Viral
C04589,2026-05-28,Instagram,Self-Doubt,Short,Visual,Story,24,162962,163511,13176,1440,2301,1227,0.529,883,11.134,0.533,11.11,0.06283820645303813,Non-Viral
C03895,2026-05-28,Instagram,Burnout,Short,Text,List,42,51369,240531,4515,520,450,374,0.511,265,11.406,0.831,9.9973,0.05874468843076564,Non-Viral
C03436,2026-05-28,Instagram,College Life,Short,Text,List,26,131747,7763,5055,282,336,305,0.503,114,4.537,0.908,3.4676,0.05246323711355857,Non-Viral
C04980,2026-05-28,YouTube,Career Stress,Short,Visual,Confession,55,28489,43226,1482,126,229,98,0.584,70,6.792,0.428,6.3639,0.0637125767840219,Non-Viral
C01952,2026-05-28,YouTube,Dating,Short,Text,Confession,54,34692,165086,2771,103,327,364,0.64,144,10.276,1.113,9.3653,0.07183465928744379,Viral
C01758,2026-05-28,Instagram,Friendship,Short,Visual,Confession,37,52822,136716,5930,284,782,412,0.721,313,14.024,0.527,12.421,0.08190841316118284,Viral
C03864,2026-05-29,Instagram,Dating,Short,Text,List,9,31546,141601,2365,71,221,315,0.478,94,9.421,1.425,8.1849,0.05428576681671211,Non-Viral
C01305,2026-05-29,Instagram,Burnout,Long,Text,Confession,27,100680,63478,3642,462,447,612,0.408,131,5.128,1.369,5.0447,0.04530983313468415,Non-Viral
C00896,2026-05-29,YouTube,Friendship,Long,Text,Story,51,88261,182382,2931,301,338,213,0.478,108,4.286,0.63,3.8035,0.050758837991865036,Non-Viral
C01662,2026-05-29,Instagram,Dating,Short,Text,Story,49,140142,93736,15498,819,725,807,0.498,444,12.736,1.113,9.1097,0.054732140257738586,Non-Viral
C04544,2026-05-29,Instagram,Burnout,Long,Visual,Story,42,31875,210110,1936,205,237,186,0.448,103,8.044,0.785,7.3992,0.05086117647058824,Non-Viral
C02494,2026-05-29,Instagram,Burnout,Long,Visual,Advice,40,110168,218904,8618,439,915,643,0.561,391,9.635,0.703,8.168,0.06218615932031081,Non-Viral
C03602,2026-05-29,Instagram,Family Pressure,Short,Visual,List,42,64314,154529,2803,347,498,452,0.464,65,6.375,0.908,6.717,0.052802183039462644,Non-Viral
C02864,2026-05-29,YouTube,Career Stress,Short,Visual,Advice,45,143823,72243,12926,1108,1361,528,0.636,494,11.071,0.388,9.2224,0.07011530005631923,Viral
C02144,2026-05-29,Instagram,College Life,Short,Visual,Question,21,160224,61548,6398,579,1012,1134,0.663,210,5.694,1.121,5.849,0.07180760185739965,Viral
C03425,2026-05-29,Instagram,Burnout,Short,Text,Story,19,11883,74459,280,41,69,44,0.613,11,3.652,0.638,4.1782,0.06554135319363796,Non-Viral
C00269,2026-05-29,YouTube,Career Stress,Long,Visual,Confession,55,2096,36938,70,6,8,9,0.463,1,4.437,1.125,4.1031,0.049735114503816805,Non-Viral
C02971,2026-05-29,Instagram,College Life,Short,Text,Question,41,71231,193150,2595,214,247,327,0.376,100,4.749,1.324,4.2306,0.04098827196024203,Non-Viral
C04455,2026-05-29,YouTube,Career Stress,Long,Visual,Advice,25,143125,106274,6618,416,990,827,0.464,161,6.184,0.835,5.9787,0.051682096069868996,Non-Viral
C02124,2026-05-29,YouTube,Dating,Long,Text,List,42,130083,8803,2844,119,407,522,0.431,157,2.992,1.283,2.9716,0.045849014091003434,Non-Viral
C04228,2026-05-29,Instagram,Dating,Short,Visual,Story,22,4655,202709,283,47,39,19,0.715,15,8.335,0.487,7.884,0.07800912996777658,Viral
C04586,2026-05-29,YouTube,Social Anxiety,Short,Text,Question,10,138623,92097,3929,541,362,393,0.391,148,3.769,1.086,3.353,0.041711038572242704,Non-Viral
C03613,2026-05-29,Instagram,Self-Doubt,Short,Visual,Confession,29,68178,233195,4512,540,929,227,0.667,186,9.106,0.244,9.2508,0.07501866584528735,Viral
C00767,2026-05-29,Instagram,Burnout,Short,Visual,List,33,176786,178002,8292,803,1033,1037,0.71,502,6.316,1.004,5.9527,0.07607053725973775,Viral
C04801,2026-05-29,Instagram,Social Anxiety,Short,Visual,Question,22,171839,218244,8768,826,541,1334,0.642,223,6.674,2.466,5.7694,0.06866668102118845,Viral
C00956,2026-05-29,YouTube,College Life,Long,Text,Confession,52,40630,8037,2028,70,125,226,0.487,101,6.028,1.808,4.7896,0.052011592419394535,Non-Viral
C00323,2026-05-30,Instagram,Dating,Short,Visual,Story,40,56312,187617,6268,494,825,738,0.633,198,14.784,0.895,13.8976,0.07514028271061231,Viral
C00601,2026-05-30,YouTube,College Life,Long,Visual,Story,49,49611,38049,1371,96,87,137,0.391,114,3.409,1.575,2.7504,0.041007843018685375,Non-Viral
C04595,2026-05-30,YouTube,Dating,Short,Visual,Confession,49,73479,141979,5661,496,373,733,0.579,272,9.884,1.965,8.3827,0.06418955211693136,Non-Viral
C02629,2026-05-30,YouTube,Self-Doubt,Short,Text,Story,12,62725,79217,1765,67,279,320,0.479,76,3.876,1.147,3.9219,0.05159230769230769,Non-Viral
C01135,2026-05-30,Instagram,Friendship,Long,Visual,Question,58,33222,146514,1667,167,143,79,0.44,83,6.189,0.552,5.0298,0.04740437059779665,Non-Viral
C03922,2026-05-30,Instagram,College Life,Short,Visual,Story,37,58593,214267,3490,388,529,214,0.618,249,7.887,0.405,7.4104,0.0679517587425119,Viral
C03124,2026-05-30,Instagram,College Life,Long,Visual,Advice,26,175162,35817,7042,382,1219,1031,0.491,371,5.523,0.846,5.6022,0.05432459209189208,Non-Viral
C04639,2026-05-30,YouTube,Social Anxiety,Short,Visual,Confession,42,118548,107799,19777,1040,2565,1775,0.611,337,21.221,0.692,19.1429,0.07664433647130277,Viral
C03920,2026-05-30,YouTube,College Life,Long,Visual,Confession,38,37350,171725,2156,173,153,193,0.41,36,7.162,1.261,5.8434,0.04508835341365462,Non-Viral
C04038,2026-05-30,Instagram,Career Stress,Short,Visual,Confession,45,171205,40595,13408,923,1603,743,0.581,525,9.741,0.464,8.4013,0.06442399754680062,Non-Viral
C00702,2026-05-30,YouTube,Self-Doubt,Short,Text,Advice,52,95491,95547,2842,278,296,124,0.429,65,3.707,0.419,3.1144,0.0451211517315768,Non-Viral
C00953,2026-05-30,Instagram,Family Pressure,Short,Visual,Advice,25,57556,115934,2595,495,410,381,0.55,236,6.743,0.929,7.0054,0.06148151365626521,Non-Viral
C01829,2026-05-30,YouTube,Career Stress,Short,Text,Advice,38,56859,81576,2386,349,468,536,0.492,207,6.576,1.145,7.3735,0.056652646019099875,Non-Viral
C03417,2026-05-30,YouTube,Career Stress,Long,Visual,Question,35,43273,245473,2762,133,430,182,0.523,55,8.104,0.423,7.4746,0.058494393732812615,Non-Viral
C02927,2026-05-30,YouTube,Friendship,Short,Visual,List,29,117725,44956,5322,299,264,495,0.599,103,5.419,1.875,4.155,0.06255151836908049,Non-Viral
C00672,2026-05-30,YouTube,Career Stress,Long,Visual,Confession,34,93120,190172,6841,405,466,703,0.478,176,9.037,1.509,7.3368,0.05296913659793814,Non-Viral
C03177,2026-05-30,Instagram,Social Anxiety,Short,Visual,Story,29,158008,82039,18165,703,1550,1499,0.602,500,13.871,0.967,11.2558,0.06812776315123285,Viral
C01846,2026-05-30,YouTube,Burnout,Short,Visual,List,39,136667,168700,5109,315,1122,1016,0.57,274,5.533,0.906,6.1646,0.06327035056012058,Non-Viral
C03331,2026-05-30,YouTube,Dating,Short,Visual,Confession,52,55184,23043,6033,673,250,485,0.603,207,13.484,1.94,10.4124,0.06680460278341548,Viral
C00900,2026-05-30,Instagram,College Life,Short,Visual,Story,30,91048,214082,6829,582,724,408,0.562,113,9.383,0.564,7.9908,0.062081513048062566,Non-Viral
C00987,2026-05-30,YouTube,Career Stress,Short,Text,Question,26,50411,109277,3983,398,401,627,0.495,231,10.73,1.564,10.0087,0.0579951697050247,Non-Viral
C02393,2026-05-30,Instagram,Dating,Long,Visual,Advice,49,139884,243728,15152,554,659,782,0.464,520,12.258,1.187,8.5414,0.050791138371793776,Non-Viral
C02027,2026-05-30,YouTube,Career Stress,Long,Text,Advice,29,117475,204503,4385,299,373,302,0.417,226,4.562,0.81,3.7148,0.0442818259204086,Non-Viral
C03970,2026-05-31,YouTube,Burnout,Long,Visual,Question,39,48692,57599,2706,161,413,600,0.414,179,7.968,1.453,8.2837,0.04940952928612503,Non-Viral
C01397,2026-05-31,Instagram,Friendship,Long,Visual,Confession,12,94359,223618,9377,963,454,560,0.546,258,12.033,1.233,9.13,0.060076425142275784,Non-Viral
C01885,2026-05-31,YouTube,Social Anxiety,Short,Visual,Story,63,144042,60574,22748,1649,3169,2629,0.597,1012,20.963,0.83,19.864,0.07679293122839173,Viral
C03609,2026-05-31,Instagram,Friendship,Short,Text,List,40,145168,91635,8984,335,1258,837,0.563,171,7.863,0.665,7.1934,0.06227549046621845,Non-Viral
C02226,2026-05-31,Instagram,Burnout,Short,Visual,Story,33,58751,105315,5831,754,697,641,0.454,318,13.486,0.92,12.6287,0.05593684192609488,Non-Viral
C03367,2026-05-31,YouTube,Burnout,Short,Text,Story,29,69123,107835,2527,274,414,146,0.492,125,4.862,0.353,4.6417,0.05312344082288095,Non-Viral
C02917,2026-05-31,Instagram,Self-Doubt,Short,Visual,Question,10,131403,173435,4007,380,892,1002,0.609,93,4.78,1.123,5.52,0.0666761238327892,Viral
C01200,2026-05-31,Instagram,College Life,Short,Visual,List,40,30122,159979,2775,204,300,312,0.615,119,11.922,1.04,10.6816,0.07010500630768209,Viral
C03875,2026-05-31,Instagram,Self-Doubt,Short,Visual,Advice,24,152995,174456,8910,679,724,572,0.645,151,7.115,0.79,5.745,0.06841679466649236,Viral
C01554,2026-05-31,Instagram,Friendship,Short,Text,List,25,64101,193031,2136,242,498,185,0.677,193,4.775,0.371,5.1403,0.07262816024711004,Viral
C01540,2026-05-31,YouTube,Career Stress,Long,Visual,Advice,59,62938,189523,1711,182,225,147,0.438,51,3.599,0.653,3.3326,0.04654317582382663,Non-Viral
C04621,2026-05-31,Instagram,Family Pressure,Short,Text,Story,49,111887,238473,11433,347,837,742,0.468,381,11.94,0.886,9.1449,0.05262105159670025,Non-Viral
C02508,2026-05-31,YouTube,Family Pressure,Short,Visual,List,12,11505,210889,954,93,147,29,0.614,36,10.63,0.197,9.6958,0.06911838331160365,Viral
C02417,2026-05-31,YouTube,Self-Doubt,Long,Visual,List,35,81192,204910,5972,241,823,557,0.428,330,9.352,0.677,8.5359,0.04986473544191546,Non-Viral
C02904,2026-05-31,Instagram,Self-Doubt,Long,Visual,Question,53,66250,145214,2904,213,475,310,0.547,90,5.89,0.653,5.7608,0.059812452830188684,Non-Viral
C01661,2026-05-31,Instagram,Career Stress,Long,Visual,Story,30,59937,192417,2799,252,133,103,0.456,67,5.484,0.774,3.975,0.04774475198958907,Non-Viral
C03640,2026-05-31,Instagram,Social Anxiety,Short,Text,Advice,42,162120,196074,8771,1496,2068,739,0.588,273,8.064,0.357,8.8277,0.06729185788304959,Viral
C02825,2026-05-31,Instagram,Career Stress,Short,Visual,Confession,36,13970,237761,778,88,116,113,0.516,20,7.838,0.974,7.8382,0.058708088761632075,Non-Viral
C03344,2026-05-31,Instagram,Burnout,Short,Text,List,8,62415,229409,4104,276,644,479,0.618,163,8.817,0.744,8.5813,0.0694087478971401,Viral
C02726,2026-05-31,Instagram,Family Pressure,Short,Text,Confession,9,6538,237311,228,24,18,7,0.534,3,4.237,0.389,3.3344,0.05551073722851025,Non-Viral
C02907,2026-06-01,Instagram,Dating,Long,Text,Confession,43,52461,168700,1751,108,115,172,0.425,109,4.091,1.496,3.291,0.04477883570652485,Non-Viral
C04910,2026-06-01,Instagram,Burnout,Short,Visual,Question,37,89528,59913,9207,1032,495,1517,0.555,219,13.684,3.065,11.9186,0.06480044231972121,Non-Viral
C00675,2026-06-01,YouTube,Career Stress,Long,Visual,Advice,58,139648,187732,4147,570,502,767,0.464,222,4.286,1.528,4.274,0.050277606553620534,Non-Viral
C02128,2026-06-01,Instagram,Dating,Short,Text,List,27,144329,46691,3060,269,444,595,0.618,119,3.026,1.34,3.087,0.06470066445412911,Non-Viral
C01290,2026-06-01,YouTube,Self-Doubt,Short,Visual,Confession,27,101994,183966,9104,1087,1221,1063,0.605,178,12.231,0.871,11.7375,0.07061235955056179,Viral
C01638,2026-06-01,YouTube,Career Stress,Long,Text,Confession,47,166561,72757,14304,429,1483,1183,0.36,690,10.446,0.798,8.7719,0.042523736048654844,Non-Viral
C00343,2026-06-01,Instagram,Career Stress,Short,Visual,Advice,13,77165,173524,6969,472,883,979,0.688,261,12.056,1.109,11.4035,0.07867299941683406,Viral
C04903,2026-06-01,Instagram,Self-Doubt,Short,Text,Story,18,24968,190868,827,110,156,89,0.476,23,4.734,0.571,4.9043,0.05214181352130728,Non-Viral
C00825,2026-06-01,Instagram,Burnout,Short,Visual,Confession,24,11146,124016,928,107,95,162,0.579,58,11.592,1.705,11.0668,0.06753574376457921,Viral
C01982,2026-06-01,Instagram,Dating,Short,Visual,Story,23,152362,121291,14304,1943,765,933,0.519,602,11.778,1.22,9.338,0.0579093724156942,Non-Viral
C03604,2026-06-01,YouTube,Career Stress,Short,Text,Confession,42,107123,168858,4116,195,466,232,0.503,91,4.676,0.498,3.9324,0.05318033382186833,Non-Viral
C02359,2026-06-01,Instagram,Burnout,Long,Text,List,15,122238,235827,5379,295,191,195,0.365,283,4.958,1.021,3.35,0.03804370981200608,Non-Viral
C03121,2026-06-01,Instagram,College Life,Short,Text,List,41,19615,110468,1090,39,110,90,0.625,33,6.775,0.818,5.6768,0.06669831761407087,Viral
C03600,2026-06-01,Instagram,Social Anxiety,Short,Visual,Story,30,166370,193078,5265,420,1364,908,0.566,390,4.783,0.666,5.5121,0.062305355532848467,Non-Viral
C01211,2026-06-01,YouTube,Friendship,Short,Text,Story,28,11610,103674,811,43,89,57,0.511,57,8.613,0.64,7.3299,0.0565780361757106,Non-Viral
C04496,2026-06-02,YouTube,College Life,Short,Visual,Story,34,60962,12145,4385,313,471,230,0.561,283,8.856,0.488,7.4391,0.061478760539352396,Non-Viral
C01755,2026-06-02,YouTube,Dating,Short,Text,List,30,27697,53491,1820,150,69,93,0.502,34,7.698,1.348,5.5168,0.053140751705960936,Non-Viral
C03171,2026-06-02,Instagram,Social Anxiety,Long,Text,List,17,44548,93314,3393,84,287,108,0.351,174,8.692,0.376,6.5087,0.039009266409266406,Non-Viral
C02829,2026-06-02,Instagram,Family Pressure,Long,Visual,Question,27,116268,221043,11779,801,1437,618,0.577,480,12.587,0.43,10.8697,0.06588969965940758,Non-Viral
C01753,2026-06-02,Instagram,Dating,Short,Visual,Confession,46,98696,135372,9044,794,1257,1034,0.472,262,12.289,0.823,11.7046,0.057280955661830266,Non-Viral
C03819,2026-06-02,Instagram,College Life,Short,Text,Advice,23,22095,175157,613,25,72,57,0.456,30,3.471,0.792,3.0505,0.048010047522063816,Non-Viral
C02898,2026-06-02,Instagram,Friendship,Short,Visual,Confession,31,66052,185968,2649,304,363,96,0.626,162,5.166,0.264,4.635,0.0661994368073639,Non-Viral
C03026,2026-06-02,YouTube,College Life,Short,Text,Advice,31,27614,53212,1370,92,86,142,0.517,47,6.12,1.651,4.9431,0.05514390526544507,Non-Viral
C03185,2026-06-02,Instagram,Friendship,Short,Text,Advice,35,145055,189075,5178,258,647,612,0.474,305,4.615,0.946,4.2336,0.050939691841025814,Non-Viral
C03009,2026-06-02,YouTube,Burnout,Long,Visual,List,52,30434,219466,1550,129,93,205,0.561,100,6.496,2.204,5.4462,0.06013167510021687,Non-Viral
C00996,2026-06-02,YouTube,Friendship,Long,Visual,Confession,34,116740,133355,9192,763,1358,971,0.531,201,10.523,0.715,10.0707,0.06181038204557136,Non-Viral
C02721,2026-06-02,Instagram,Self-Doubt,Short,Text,Question,46,26593,101184,1807,229,147,146,0.47,69,8.758,0.993,7.4456,0.052426239987966756,Non-Viral
C03117,2026-06-02,Instagram,Dating,Short,Visual,Advice,38,33811,248446,3800,397,674,377,0.535,224,15.522,0.559,15.5911,0.06757677974623644,Viral
C00599,2026-06-02,Instagram,Social Anxiety,Short,Text,Question,28,38374,214307,2320,238,159,189,0.596,64,7.573,1.189,6.1813,0.06387242403710847,Non-Viral
C04542,2026-06-02,Instagram,Career Stress,Long,Text,Question,33,46144,100767,2772,304,130,257,0.282,124,7.505,1.977,5.9509,0.03212683772538141,Non-Viral
C03692,2026-06-02,Instagram,Self-Doubt,Long,Visual,Confession,38,162342,162238,14671,1716,1294,1372,0.536,612,11.736,1.06,10.1856,0.0613078020475293,Non-Viral
C00245,2026-06-02,Instagram,Friendship,Short,Text,List,47,164881,132296,10455,377,973,1157,0.474,427,7.861,1.189,6.6872,0.05250368083648207,Non-Viral
C01171,2026-06-02,Instagram,Self-Doubt,Short,Text,Advice,49,6657,132406,619,32,60,19,0.588,21,10.966,0.317,8.645,0.06443316809373592,Non-Viral
C00240,2026-06-02,Instagram,Family Pressure,Short,Visual,Question,38,157375,117489,7548,811,442,1109,0.592,248,6.297,2.509,5.423,0.06335091342335186,Non-Viral
C02179,2026-06-02,Instagram,College Life,Short,Text,Advice,41,140625,193692,4824,272,803,388,0.445,141,4.471,0.483,4.2702,0.04818746666666667,Non-Viral
C00880,2026-06-03,YouTube,Self-Doubt,Long,Text,Question,28,4573,60100,100,4,9,8,0.498,2,2.646,0.889,2.1649,0.0513416575552154,Non-Viral
C04063,2026-06-03,Instagram,Social Anxiety,Long,Visual,Confession,35,138453,243218,9127,988,1318,1952,0.386,574,9.668,1.481,10.042,0.04818375766505602,Non-Viral
C03317,2026-06-03,Instagram,Career Stress,Short,Visual,Story,32,166050,198405,5169,520,1483,1280,0.553,243,5.09,0.863,6.2472,0.06210126467931347,Non-Viral
C01111,2026-06-03,YouTube,Social Anxiety,Short,Text,List,55,44100,36281,3270,258,355,586,0.563,156,10.134,1.651,9.6576,0.06478639455782312,Non-Viral
C04858,2026-06-03,Instagram,Family Pressure,Short,Text,Confession,35,123742,161143,4246,249,862,384,0.582,69,4.639,0.445,4.728,0.06256755507426742,Non-Viral
C04086,2026-06-03,Instagram,Friendship,Short,Visual,Story,51,2137,89366,172,19,8,19,0.454,4,10.201,2.375,8.2592,0.05108554047730464,Non-Viral
C03546,2026-06-03,Instagram,College Life,Long,Text,List,40,31533,59580,1304,58,273,183,0.439,30,5.765,0.67,6.1015,0.04981285320140805,Non-Viral
C02010,2026-06-03,Instagram,Burnout,Short,Visual,Confession,13,76421,32902,5060,603,224,750,0.668,271,8.685,3.348,7.3363,0.07224680127190171,Viral
C02231,2026-06-03,Instagram,College Life,Short,Visual,Question,8,77184,221262,2997,182,242,136,0.463,39,4.608,0.562,3.5882,0.04859322139303483,Non-Viral
C02568,2026-06-03,Instagram,Career Stress,Short,Visual,Question,38,73783,40759,2181,220,350,113,0.632,108,3.882,0.323,3.6546,0.06624135098871015,Non-Viral
C03865,2026-06-03,YouTube,Family Pressure,Short,Text,Advice,26,146391,89364,11156,796,1332,628,0.485,589,9.503,0.471,8.2136,0.05469710228087792,Non-Viral
C04619,2026-06-03,Instagram,Career Stress,Short,Visual,Story,20,145863,153556,10301,1743,2088,1355,0.588,365,10.617,0.649,11.4758,0.06982095802225376,Viral
C00040,2026-06-03,Instagram,Social Anxiety,Short,Text,Confession,8,74023,35247,7394,494,704,847,0.59,173,12.751,1.203,11.1371,0.067713507963741,Viral
C00192,2026-06-03,Instagram,College Life,Short,Visual,Question,25,31225,104875,2201,60,201,170,0.552,89,8.429,0.846,6.8327,0.06001825460368295,Non-Viral
C00085,2026-06-03,Instagram,Dating,Short,Visual,Confession,36,81450,160322,6506,650,1100,778,0.527,296,11.091,0.707,11.1529,0.06283996316758748,Non-Viral
C00658,2026-06-03,Instagram,Family Pressure,Long,Text,Confession,37,66649,211288,2362,239,160,109,0.509,36,4.306,0.681,3.3571,0.0530088088343411,Non-Viral
C02996,2026-06-03,Instagram,Friendship,Short,Visual,Story,44,8329,178753,734,47,129,36,0.493,30,11.358,0.279,10.7636,0.058412738624084526,Non-Viral
C02158,2026-06-03,Instagram,Self-Doubt,Long,Text,Confession,37,96002,112165,6943,311,799,264,0.351,254,8.663,0.33,7.1488,0.04015614466365284,Non-Viral
C01172,2026-06-03,Instagram,Family Pressure,Long,Visual,Question,23,102042,103151,4989,514,698,1110,0.513,221,7.165,1.59,7.4278,0.05839707767389899,Non-Viral
C01196,2026-06-04,Instagram,Self-Doubt,Short,Visual,List,29,124221,207431,7923,1199,781,1353,0.537,411,9.061,1.732,8.7014,0.06124461805974836,Non-Viral
C01370,2026-06-04,Instagram,Friendship,Long,Visual,Question,35,134788,12991,5908,717,829,358,0.478,172,5.796,0.432,5.3658,0.05216240614891533,Non-Viral
C00958,2026-06-04,YouTube,College Life,Short,Text,List,47,102151,121669,4244,636,309,491,0.539,142,5.56,1.589,4.88,0.057637114663586266,Non-Viral
C01128,2026-06-04,YouTube,Family Pressure,Short,Visual,Advice,36,119150,244997,4890,297,607,905,0.511,103,5.622,1.491,5.4734,0.05604502727654218,Non-Viral
C01585,2026-06-04,Instagram,Social Anxiety,Long,Text,Story,43,133264,128936,10702,608,1395,1173,0.494,358,10.414,0.841,9.6005,0.057435553487813665,Non-Viral
C00782,2026-06-04,Instagram,Self-Doubt,Short,Text,List,52,34708,32422,1450,156,267,179,0.603,25,5.912,0.67,6.1023,0.06598312780915062,Non-Viral
C00341,2026-06-04,YouTube,Self-Doubt,Long,Visual,List,27,70341,241264,3428,216,786,171,0.427,141,6.541,0.218,6.7358,0.04891827952403293,Non-Viral
C01985,2026-06-04,YouTube,College Life,Short,Text,Question,32,75049,61585,2051,90,193,117,0.618,136,3.266,0.606,2.6296,0.06360482085037776,Non-Viral
C00475,2026-06-04,Instagram,Social Anxiety,Short,Visual,Story,37,3731,17375,191,6,22,13,0.674,3,6.218,0.591,5.2667,0.07133996247654785,Viral
C00920,2026-06-04,YouTube,College Life,Short,Text,Advice,23,161357,128862,8412,752,783,1513,0.451,165,7.102,1.932,6.6368,0.05079575537472809,Non-Viral
C00673,2026-06-04,YouTube,Career Stress,Short,Text,Advice,40,104835,19372,4366,572,774,655,0.618,224,6.073,0.846,6.3652,0.06781516669051367,Viral
C02185,2026-06-04,YouTube,Friendship,Short,Visual,Question,54,155219,170332,14322,660,556,1115,0.569,695,10.729,2.005,7.7626,0.06130474426455524,Non-Viral
C01467,2026-06-04,Instagram,Career Stress,Short,Text,Advice,58,152117,196730,4621,482,732,456,0.539,123,4.136,0.623,4.0374,0.057440038260023536,Non-Viral
C00743,2026-06-04,YouTube,College Life,Short,Text,Story,62,134089,80658,4176,414,445,488,0.408,241,4.119,1.097,3.7438,0.04384834848496148,Non-Viral
C01235,2026-06-04,Instagram,Family Pressure,Long,Text,Story,39,64070,236313,1757,138,192,262,0.33,96,3.666,1.365,3.4111,0.035898392383330736,Non-Viral
C01417,2026-06-04,Instagram,Family Pressure,Long,Visual,Story,26,178135,109795,8862,1086,1172,892,0.636,182,6.743,0.761,6.3772,0.06897738232239593,Viral
C03492,2026-06-04,YouTube,Self-Doubt,Long,Text,Advice,40,173514,135967,6957,277,485,804,0.441,275,4.912,1.658,4.0095,0.046987375082125936,Non-Viral
C02970,2026-06-04,Instagram,Self-Doubt,Short,Visual,List,48,34620,98597,2389,213,254,284,0.535,55,9.07,1.118,8.2149,0.06018544194107453,Non-Viral
C03764,2026-06-04,YouTube,Friendship,Short,Visual,Story,10,148922,247659,11301,759,1230,805,0.75,270,9.465,0.654,8.1177,0.08110285921489102,Viral
C03301,2026-06-04,Instagram,Dating,Short,Text,List,26,96175,226290,5109,521,567,667,0.474,229,7.137,1.176,6.6244,0.052946139849233166,Non-Viral
C00458,2026-06-04,Instagram,Self-Doubt,Short,Visual,Story,26,82258,199759,8161,347,1434,931,0.612,454,13.218,0.649,13.0869,0.07307300931216418,Viral
C03757,2026-06-04,YouTube,Dating,Long,Visual,Advice,62,121998,141230,5369,423,665,632,0.541,160,5.811,0.95,5.3919,0.05862712339546551,Non-Viral
C02758,2026-06-04,Instagram,Dating,Short,Text,List,33,90068,215621,7892,387,748,851,0.541,366,10.967,1.138,9.4068,0.061316214415774756,Non-Viral
C00130,2026-06-04,Instagram,Career Stress,Short,Visual,List,29,153225,240646,15799,1399,794,969,0.696,678,12.375,1.22,9.3444,0.07519862946647088,Viral
C00099,2026-06-04,YouTube,Burnout,Short,Text,Advice,31,175549,130588,6005,205,287,412,0.463,115,3.936,1.436,2.8454,0.04791493372220862,Non-Viral
C03550,2026-06-05,Instagram,Self-Doubt,Short,Text,List,65,161202,178927,10408,870,1971,1732,0.556,349,9.293,0.879,9.8547,0.06513493132839544,Non-Viral
C01337,2026-06-05,YouTube,College Life,Short,Visual,Confession,34,144875,208949,11585,1301,1872,1197,0.625,688,11.013,0.639,10.8742,0.07214037963761863,Viral
C03502,2026-06-05,Instagram,Dating,Short,Text,Advice,45,33413,152935,2817,168,256,261,0.559,165,10.481,1.02,8.8304,0.06244535659773143,Non-Viral
C03721,2026-06-05,Instagram,Burnout,Short,Text,Advice,15,76155,122173,6058,294,518,607,0.509,332,9.818,1.172,8.1912,0.05693112074059484,Non-Viral
C03730,2026-06-05,Instagram,Family Pressure,Long,Text,Confession,50,30542,38370,1087,123,97,160,0.586,49,4.803,1.649,4.3841,0.062204871979569115,Non-Viral
C04906,2026-06-05,Instagram,Family Pressure,Short,Text,Question,37,130356,39559,6979,797,397,732,0.468,137,6.831,1.844,5.6307,0.050772199208321836,Non-Viral
C01068,2026-06-05,Instagram,Career Stress,Short,Text,Story,14,6658,230069,427,29,51,32,0.392,12,8.096,0.627,7.1193,0.04474220486632623,Non-Viral
C01994,2026-06-05,Instagram,Dating,Short,Text,Advice,37,122245,80067,2802,442,271,194,0.454,88,3.034,0.716,2.6709,0.04741603337559819,Non-Viral
C03324,2026-06-05,Instagram,Family Pressure,Long,Visual,Advice,42,17457,53121,579,31,110,57,0.415,14,4.451,0.518,4.4681,0.045581457295067886,Non-Viral
C03408,2026-06-05,Instagram,Career Stress,Short,Visual,List,40,63644,117161,4121,405,579,183,0.673,120,8.309,0.316,7.4964,0.07321100496511848,Viral
C02437,2026-06-05,Instagram,Social Anxiety,Short,Visual,List,33,104135,25510,9376,1101,1743,543,0.631,543,12.256,0.312,12.152,0.07378228741537428,Viral
C02992,2026-06-05,YouTube,College Life,Short,Visual,Story,37,150376,19533,14676,1041,800,1191,0.625,686,11.776,1.489,9.0982,0.06830844017662394,Viral
C03696,2026-06-05,Instagram,Family Pressure,Short,Text,Question,35,133098,146038,7057,1110,515,941,0.543,358,7.23,1.827,6.4768,0.059413149709236814,Non-Viral
C03925,2026-06-05,Instagram,Social Anxiety,Short,Visual,Confession,49,148972,238376,14935,396,2248,1132,0.54,349,12.56,0.504,11.4582,0.06346889348333916,Non-Viral
C02689,2026-06-05,YouTube,Career Stress,Short,Text,List,58,156293,248729,6653,428,1522,1023,0.492,135,6.159,0.672,6.7697,0.055956540600026874,Non-Viral
C00616,2026-06-05,Instagram,Career Stress,Short,Text,Story,35,96929,231670,8630,837,838,1049,0.526,340,11.714,1.252,10.5051,0.061032460873422824,Non-Viral
C03577,2026-06-06,Instagram,College Life,Short,Text,Advice,25,61177,66025,1355,217,202,138,0.579,72,3.125,0.683,3.0812,0.06059464014253723,Non-Viral
C01717,2026-06-06,YouTube,Friendship,Short,Visual,Confession,42,123586,86209,6438,281,945,484,0.663,139,6.593,0.512,6.0229,0.07125687213762077,Viral
C04995,2026-06-06,YouTube,Burnout,Long,Text,Advice,44,158192,47462,9649,693,1277,1266,0.389,439,8.145,0.991,7.7292,0.04559060382320219,Non-Viral
C01715,2026-06-06,Instagram,Family Pressure,Long,Visual,Story,29,99196,48333,2405,117,394,200,0.572,161,3.141,0.508,2.984,0.059769156014355417,Non-Viral
C00569,2026-06-06,YouTube,Career Stress,Short,Visual,Story,47,44944,199836,2575,188,149,311,0.582,38,7.171,2.087,5.8706,0.06239522071911713,Non-Viral
C02184,2026-06-06,YouTube,Social Anxiety,Short,Visual,Advice,27,23669,155868,837,96,87,86,0.599,45,4.673,0.989,4.2059,0.06325248637458279,Non-Viral
C03266,2026-06-06,Instagram,Friendship,Short,Text,Confession,36,130309,123760,3553,328,564,384,0.525,282,3.706,0.681,3.6287,0.05570929482998105,Non-Viral
C03118,2026-06-06,YouTube,Social Anxiety,Long,Visual,Confession,38,160073,240038,5535,448,1138,374,0.344,366,4.682,0.329,4.7488,0.03871990404378003,Non-Viral
C03147,2026-06-06,Instagram,Dating,Long,Text,Confession,19,45448,181744,2609,141,136,185,0.475,61,6.757,1.36,5.0475,0.050533136771695124,Non-Viral
C00600,2026-06-06,Instagram,Career Stress,Long,Text,Question,17,76693,19464,1955,215,114,256,0.449,46,3.312,2.246,2.8086,0.046990803593548305,Non-Viral
C03862,2026-06-06,Instagram,Friendship,Long,Visual,Story,37,69068,200890,3941,266,638,547,0.588,314,7.807,0.857,7.7858,0.06591038396942143,Non-Viral
C00026,2026-06-06,Instagram,Social Anxiety,Short,Text,Story,30,117585,173499,14791,1246,1425,1297,0.529,600,15.954,0.91,13.7207,0.06325208572522005,Non-Viral
C03647,2026-06-06,YouTube,Career Stress,Short,Visual,Question,25,99408,238755,5032,355,495,270,0.634,132,6.189,0.545,5.1037,0.0669912602607436,Viral
C03977,2026-06-06,YouTube,Dating,Short,Visual,Question,15,60156,237335,3189,233,249,308,0.552,166,6.614,1.237,5.4974,0.059179652902453625,Non-Viral
C04991,2026-06-07,YouTube,College Life,Long,Visual,Advice,8,40851,128576,1390,75,268,145,0.495,57,4.597,0.541,4.6547,0.05379242858191966,Non-Viral
C01221,2026-06-07,Instagram,Self-Doubt,Short,Visual,Confession,26,94483,97560,7560,474,1182,1299,0.52,480,11.129,1.099,11.256,0.06250665199030514,Non-Viral
C02015,2026-06-07,Instagram,Self-Doubt,Short,Text,Advice,38,160130,208020,12725,912,1405,441,0.583,351,9.669,0.314,8.0107,0.06392886404796103,Non-Viral
C01255,2026-06-07,Instagram,Family Pressure,Short,Visual,Advice,46,175250,151967,7154,410,943,1220,0.576,464,5.55,1.294,5.3986,0.06246077032810271,Non-Viral
C00934,2026-06-07,Instagram,Self-Doubt,Short,Text,Confession,29,117473,159185,5215,387,1054,923,0.427,181,6.452,0.876,6.9769,0.04958881700475854,Non-Viral
C00244,2026-06-07,YouTube,Burnout,Short,Text,Story,10,157125,200780,9703,619,1950,1529,0.517,226,8.783,0.784,9.348,0.060794988066825775,Non-Viral
C02986,2026-06-07,YouTube,Dating,Long,Visual,Advice,41,147498,36768,5515,347,450,514,0.367,282,4.628,1.142,3.8346,0.03947122401659684,Non-Viral
C02361,2026-06-07,Instagram,Dating,Short,Text,Question,20,51443,85999,2555,415,219,558,0.515,69,7.284,2.548,7.1399,0.057879876756798794,Non-Viral
C03675,2026-06-07,Instagram,Family Pressure,Short,Text,List,41,7769,220309,132,15,8,29,0.562,9,2.368,3.625,2.1946,0.05807282790577939,Non-Viral
C00984,2026-06-07,Instagram,College Life,Short,Visual,List,33,173970,228896,9001,1029,1853,1099,0.527,367,7.462,0.593,7.933,0.06027544404207622,Non-Viral
C01130,2026-06-07,Instagram,College Life,Long,Visual,Advice,29,7478,199028,227,15,14,27,0.505,5,3.784,1.929,3.1024,0.05272653115806366,Non-Viral
C02448,2026-06-07,YouTube,Family Pressure,Short,Visual,Advice,56,24446,66365,2777,183,184,368,0.544,78,14.366,2.0,12.0715,0.06342601652622107,Non-Viral
C02072,2026-06-07,YouTube,Dating,Short,Visual,Question,35,169940,227836,19843,1816,2744,2129,0.607,1016,15.613,0.776,14.7908,0.07332739790514299,Viral
C04560,2026-06-07,Instagram,Family Pressure,Short,Visual,Advice,35,130826,53020,4751,368,188,607,0.618,209,4.521,3.229,3.5968,0.0642605200801064,Non-Viral
C00824,2026-06-07,YouTube,Dating,Short,Text,Question,49,94788,120155,3435,498,291,200,0.5,244,4.667,0.687,3.943,0.05280256994556273,Non-Viral
C04679,2026-06-08,YouTube,Self-Doubt,Short,Text,Confession,37,129534,95658,4655,697,988,239,0.593,145,5.079,0.242,5.2612,0.06409295011348372,Non-Viral
C01887,2026-06-08,Instagram,Friendship,Long,Text,Confession,37,81392,223767,4231,206,610,345,0.379,83,6.625,0.566,6.0749,0.04292383526636525,Non-Viral
C01438,2026-06-08,Instagram,Friendship,Short,Text,Advice,50,103891,238466,8604,472,1559,677,0.394,379,10.888,0.434,10.6275,0.04878916749285309,Non-Viral
C02380,2026-06-08,Instagram,Family Pressure,Short,Visual,Confession,32,118587,58408,3516,279,254,761,0.601,202,4.056,2.996,3.7614,0.06334192365099041,Non-Viral
C03589,2026-06-08,Instagram,Dating,Short,Visual,Story,34,105068,208428,7174,454,1145,1144,0.543,130,9.439,0.999,9.5091,0.0631185746373777,Non-Viral
C01205,2026-06-08,Instagram,Friendship,Short,Visual,Advice,21,91824,103584,6524,861,1108,662,0.588,187,9.97,0.597,10.0208,0.0677992812336644,Viral
C02258,2026-06-08,YouTube,Friendship,Short,Visual,List,55,75266,40376,4143,179,714,900,0.613,213,7.887,1.261,8.3464,0.06951287168176866,Viral
C01812,2026-06-08,YouTube,Family Pressure,Short,Text,Question,24,52504,178955,3322,158,274,564,0.476,155,8.224,2.058,7.329,0.05362239829346336,Non-Viral
C01723,2026-06-08,Instagram,Burnout,Short,Visual,List,27,20010,179661,2305,128,120,270,0.561,59,14.108,2.25,11.2169,0.06380614692653674,Non-Viral
C01398,2026-06-08,Instagram,Friendship,Long,Text,Advice,12,156283,202599,8742,1060,451,1559,0.389,220,7.558,3.457,6.6751,0.044208638815482176,Non-Viral
C02754,2026-06-08,YouTube,College Life,Short,Visual,Advice,43,4327,227379,162,7,14,5,0.555,2,4.345,0.357,3.3164,0.05754529697249827,Non-Viral
C00502,2026-06-08,Instagram,Family Pressure,Short,Text,List,40,152627,196734,8974,600,1338,682,0.489,275,7.596,0.51,7.0531,0.05477510728770139,Non-Viral
C04008,2026-06-08,Instagram,Dating,Long,Text,Question,29,170331,40988,5815,159,780,776,0.474,76,4.421,0.995,4.132,0.050967465699138736,Non-Viral
C02905,2026-06-08,Instagram,Friendship,Short,Text,Advice,32,141989,193088,11901,513,432,751,0.589,332,9.576,1.738,6.7033,0.06239780616808344,Non-Viral
C00771,2026-06-08,YouTube,Burnout,Short,Text,Confession,30,31879,83767,1214,52,154,136,0.519,52,4.881,0.883,4.4512,0.055598359421562785,Non-Viral
C03273,2026-06-08,Instagram,Social Anxiety,Long,Visual,Story,35,31660,11977,3606,177,199,495,0.447,186,14.141,2.487,11.5461,0.0530575489576753,Non-Viral
C00986,2026-06-08,YouTube,Social Anxiety,Short,Visual,Story,37,111623,205688,11367,834,1844,695,0.484,825,13.205,0.377,12.4137,0.05882258315938471,Non-Viral
C02481,2026-06-08,YouTube,Friendship,Long,Visual,Question,38,40835,80640,1009,53,230,201,0.576,84,3.656,0.874,4.1043,0.06180595077751928,Non-Viral
C04181,2026-06-08,YouTube,Family Pressure,Short,Text,Question,25,34786,100892,1745,90,81,242,0.504,99,6.204,2.988,4.9862,0.053922969010521474,Non-Viral
C04460,2026-06-08,YouTube,College Life,Short,Visual,Advice,38,45119,218480,2416,431,198,486,0.695,85,7.826,2.455,7.5811,0.07613910990935083,Viral
C01089,2026-06-08,YouTube,Friendship,Long,Text,List,51,170649,184708,12108,629,1524,1095,0.49,471,8.999,0.719,8.063,0.0554966686004606,Non-Viral
C02324,2026-06-08,YouTube,Career Stress,Short,Visual,Story,39,99749,243791,3837,489,335,592,0.521,250,5.266,1.767,4.8532,0.05612710804118338,Non-Viral
C01224,2026-06-08,Instagram,Career Stress,Short,Text,Advice,47,144450,116325,8557,1013,923,653,0.483,442,7.716,0.707,6.8349,0.05358348909657321,Non-Viral
C04042,2026-06-08,Instagram,College Life,Long,Visual,Question,29,123133,169342,6991,914,1499,649,0.323,640,8.164,0.433,8.6585,0.040472869986112575,Non-Viral
C02930,2026-06-08,Instagram,Career Stress,Short,Text,Question,36,71174,239719,4666,740,642,295,0.421,107,8.912,0.46,8.3724,0.048962056368898756,Non-Viral
C00652,2026-06-08,Instagram,Dating,Short,Text,Advice,14,68097,178532,1917,161,366,425,0.526,148,4.213,1.161,4.6228,0.05724557910040091,Non-Viral
C00003,2026-06-09,YouTube,Self-Doubt,Short,Visual,Story,46,16180,20125,1098,121,213,142,0.672,20,9.728,0.667,10.2194,0.07687861557478369,Viral
C04437,2026-06-09,YouTube,Self-Doubt,Short,Text,Question,47,10788,131483,1017,62,138,60,0.547,19,11.837,0.435,10.5256,0.06298698553948832,Non-Viral
C03794,2026-06-09,YouTube,Self-Doubt,Short,Text,Story,42,89006,185902,6556,470,1001,943,0.502,462,10.078,0.942,9.9679,0.059231413612565446,Non-Viral
C00123,2026-06-09,Instagram,Social Anxiety,Short,Visual,Question,32,147511,46643,11059,1118,556,1713,0.581,230,9.793,3.081,8.3387,0.06441681705093179,Non-Viral
C04302,2026-06-09,YouTube,Family Pressure,Short,Text,Advice,33,57510,44079,1822,127,83,219,0.437,75,3.914,2.639,3.1099,0.04582310902451748,Non-Viral
C02195,2026-06-09,Instagram,Family Pressure,Short,Visual,Story,41,143483,142823,11258,645,624,654,0.583,690,9.186,1.048,6.8137,0.06229873155704857,Non-Viral
C04464,2026-06-09,Instagram,Friendship,Short,Visual,List,29,115510,183609,8006,669,1164,1301,0.637,457,9.644,1.118,9.61,0.07248235650593023,Viral
C02086,2026-06-09,YouTube,Career Stress,Long,Visual,Advice,40,51001,245402,2131,133,263,165,0.398,40,5.278,0.627,4.6744,0.04348228073959334,Non-Viral
C02551,2026-06-09,Instagram,Social Anxiety,Short,Visual,Story,33,45032,68992,4468,423,989,283,0.548,217,13.686,0.286,14.2154,0.06797729614496359,Viral
C01277,2026-06-09,YouTube,Friendship,Short,Visual,Advice,48,64001,36689,2889,322,202,157,0.597,68,5.578,0.777,4.4491,0.06261089201731224,Non-Viral
C01693,2026-06-09,Instagram,Career Stress,Short,Text,Confession,20,149039,244054,7912,1447,767,443,0.565,558,7.091,0.578,6.249,0.06116387992404672,Non-Viral
C04902,2026-06-09,Instagram,Social Anxiety,Short,Visual,Story,40,156402,72850,12346,1242,1672,1537,0.603,462,10.74,0.919,10.3106,0.06925001342693828,Viral
C02023,2026-06-09,YouTube,Career Stress,Short,Visual,Story,41,80305,242862,8196,958,883,1362,0.542,191,14.195,1.542,13.5832,0.066025540128261,Non-Viral
C02396,2026-06-09,Instagram,Career Stress,Short,Text,Advice,39,83592,151109,5609,369,263,514,0.44,256,8.081,1.954,6.1908,0.04792262417456217,Non-Viral
C03963,2026-06-09,YouTube,Self-Doubt,Long,Text,Confession,18,27652,10776,2043,163,87,252,0.33,49,9.204,2.897,7.3449,0.03803399392449009,Non-Viral
C01981,2026-06-09,Instagram,Career Stress,Short,Text,List,43,70570,16906,3706,199,651,731,0.542,226,7.492,1.123,7.8879,0.06188173444806575,Non-Viral
C02619,2026-06-09,Instagram,College Life,Short,Text,Story,41,79137,180099,5256,514,474,278,0.518,337,8.241,0.586,6.7945,0.056523454262860616,Non-Viral
C00730,2026-06-09,Instagram,Burnout,Long,Text,Story,29,42992,189550,2672,172,519,581,0.39,117,9.174,1.119,10.0321,0.049086760327502796,Non-Viral
C00842,2026-06-09,YouTube,Burnout,Short,Text,Confession,36,47378,94024,3842,360,452,597,0.531,175,11.083,1.321,10.5766,0.06231313689898266,Non-Viral
C02584,2026-06-10,Instagram,Family Pressure,Long,Visual,List,31,150269,96509,8366,686,995,364,0.555,506,6.928,0.366,5.9393,0.05989112524872064,Non-Viral
C02022,2026-06-10,Instagram,Career Stress,Short,Visual,List,9,155782,99543,5499,529,886,424,0.559,264,4.71,0.479,4.5249,0.05978523706204825,Non-Viral
C01597,2026-06-10,Instagram,College Life,Short,Visual,Story,47,86514,62332,6463,672,1004,835,0.528,92,10.373,0.832,10.3122,0.062082890630418205,Non-Viral
C02897,2026-06-10,Instagram,Friendship,Short,Text,Confession,11,14784,122524,737,79,75,42,0.585,41,6.311,0.56,5.3842,0.062436688311688304,Non-Viral
C00372,2026-06-10,Instagram,Family Pressure,Short,Visual,Advice,20,130635,133945,6206,536,853,682,0.579,111,6.336,0.8,5.9938,0.06301999081410035,Non-Viral
C00156,2026-06-10,YouTube,Social Anxiety,Short,Text,Confession,45,76622,38791,5380,468,472,868,0.509,107,9.381,1.839,8.5406,0.05798673749053797,Non-Viral
C00255,2026-06-10,YouTube,Self-Doubt,Long,Visual,Question,28,47006,248092,2336,358,581,242,0.367,197,7.482,0.417,8.3649,0.044948946942943456,Non-Viral
C01959,2026-06-10,Instagram,Family Pressure,Long,Text,List,12,61145,169856,3539,292,737,430,0.379,212,8.174,0.583,8.6328,0.046150061329626305,Non-Viral
C00316,2026-06-10,Instagram,Family Pressure,Long,Visual,Confession,26,108233,242940,7517,564,1167,323,0.554,131,8.843,0.277,8.0858,0.06192896990751435,Non-Viral
C03409,2026-06-10,Instagram,Social Anxiety,Short,Visual,Advice,45,151040,162211,7304,389,1226,939,0.604,160,6.527,0.766,6.4827,0.06630406514830509,Non-Viral
C04321,2026-06-10,YouTube,Burnout,Short,Visual,Question,48,32680,34658,3684,247,369,466,0.652,183,14.584,1.263,13.0095,0.07569265605875154,Viral
C02050,2026-06-10,Instagram,Dating,Long,Visual,List,15,26057,49630,1245,82,218,182,0.463,56,6.628,0.835,6.7679,0.05263227155850636,Non-Viral
C03834,2026-06-10,Instagram,Friendship,Long,Visual,List,34,39083,141268,1797,218,121,196,0.577,93,5.967,1.62,5.0674,0.06143436020776297,Non-Viral
C03000,2026-06-10,Instagram,Burnout,Short,Visual,List,37,44646,240119,1731,112,253,238,0.528,103,5.228,0.941,5.0811,0.05732560139766161,Non-Viral
C02771,2026-06-10,YouTube,Family Pressure,Short,Text,Confession,30,52353,155880,3049,81,147,393,0.53,160,7.01,2.673,5.4877,0.056747636238610975,Non-Viral
C03438,2026-06-10,Instagram,Family Pressure,Short,Text,List,55,52832,46122,1585,105,131,189,0.587,45,3.805,1.443,3.2575,0.06118712901271957,Non-Viral
C04876,2026-06-11,Instagram,Career Stress,Long,Text,Question,24,45414,227497,1922,188,287,158,0.351,43,5.626,0.551,5.3288,0.039608521601268334,Non-Viral
C02877,2026-06-11,Instagram,Self-Doubt,Long,Visual,Story,29,110362,69631,6561,345,710,962,0.472,242,7.773,1.355,7.1148,0.05317896014932676,Non-Viral
C00446,2026-06-11,Instagram,Social Anxiety,Short,Visual,Story,35,113307,180568,15322,523,2051,1251,0.58,246,16.898,0.61,15.0922,0.07015017607032221,Viral
C02088,2026-06-11,YouTube,College Life,Short,Visual,Question,14,74980,6075,2911,299,408,351,0.58,178,5.293,0.86,5.108,0.06245118698319552,Non-Viral
C01648,2026-06-11,YouTube,College Life,Short,Visual,Confession,39,138759,223606,10549,1123,992,754,0.465,560,9.67,0.76,8.2467,0.0525612284608566,Non-Viral
C00237,2026-06-11,Instagram,Dating,Long,Text,Advice,29,129513,30219,6405,679,709,606,0.378,338,6.485,0.855,5.8373,0.04245358689861249,Non-Viral
C00108,2026-06-11,Instagram,Dating,Long,Visual,Question,36,107007,74784,3622,547,431,508,0.498,268,4.774,1.179,4.617,0.05380347640808546,Non-Viral
C03929,2026-06-11,Instagram,Friendship,Long,Text,List,65,171580,191622,4927,436,564,856,0.476,324,3.953,1.518,3.8009,0.050957034619419514,Non-Viral
C02242,2026-06-11,Instagram,College Life,Short,Text,Question,28,24156,136620,490,48,48,58,0.476,23,2.666,1.208,2.3886,0.04951256830601093,Non-Viral
C00162,2026-06-11,Instagram,Career Stress,Short,Visual,Confession,20,120308,218908,5044,356,329,218,0.49,245,4.943,0.663,3.7229,0.05121805698706653,Non-Viral
C00479,2026-06-11,YouTube,Social Anxiety,Short,Visual,Question,25,122674,223138,8273,664,1033,793,0.492,637,8.774,0.768,8.0029,0.05574050573063567,Non-Viral
C04400,2026-06-11,YouTube,Dating,Long,Visual,Advice,39,79299,217634,2432,138,300,227,0.598,93,3.905,0.757,3.5019,0.06262222978852192,Non-Viral
C04730,2026-06-11,YouTube,Social Anxiety,Short,Text,Confession,48,39239,55958,2852,195,565,363,0.4,209,10.13,0.642,10.5495,0.050000254848492576,Non-Viral
C00819,2026-06-11,Instagram,Dating,Short,Visual,Story,50,27015,189952,3028,207,372,122,0.524,169,13.803,0.328,11.7879,0.061100721821210444,Non-Viral
C00822,2026-06-11,Instagram,College Life,Short,Visual,Question,33,132504,97456,4469,258,533,522,0.629,225,4.364,0.979,3.9731,0.06618405180220974,Non-Viral
C04489,2026-06-11,Instagram,Burnout,Short,Visual,List,31,55667,141609,3475,386,302,410,0.521,174,8.215,1.358,7.2619,0.05779098388632404,Non-Viral
C00311,2026-06-11,Instagram,Dating,Short,Text,Question,18,140428,143756,14877,765,1746,1248,0.602,222,13.271,0.715,11.6216,0.06927831771441594,Viral
C02616,2026-06-12,YouTube,Family Pressure,Long,Text,Story,18,75593,189591,2733,132,370,488,0.43,158,4.925,1.319,4.8292,0.047401201169420454,Non-Viral
C01613,2026-06-12,YouTube,Friendship,Short,Visual,Advice,43,140324,67634,15827,650,1177,1590,0.632,341,13.714,1.351,11.1168,0.071068575582224,Viral
C03159,2026-06-12,Instagram,College Life,Long,Text,Question,46,161558,187598,7478,338,545,916,0.457,280,5.742,1.681,4.7741,0.04923278698671685,Non-Viral
C00859,2026-06-12,YouTube,Dating,Short,Text,List,31,154808,53173,6414,386,438,221,0.568,102,4.818,0.505,3.5799,0.05887547413570358,Non-Viral
C02722,2026-06-12,Instagram,Dating,Short,Visual,Question,42,120415,229500,9290,778,644,714,0.675,512,9.489,1.109,7.617,0.07265467342108542,Viral
C01132,2026-06-12,YouTube,Dating,Short,Text,Question,41,11478,5673,406,29,27,56,0.452,14,4.513,2.074,3.8291,0.04810120230005228,Non-Viral
C00122,2026-06-12,YouTube,College Life,Short,Visual,Advice,37,175801,171087,10191,675,434,1383,0.493,160,7.214,3.187,5.7884,0.053346905307705875,Non-Viral
C02563,2026-06-12,Instagram,Friendship,Long,Text,Story,51,67785,85392,3576,400,610,166,0.495,139,7.01,0.272,6.7124,0.055169395884045146,Non-Viral
C03739,2026-06-12,YouTube,Social Anxiety,Long,Visual,Story,33,13133,120589,711,79,39,118,0.359,40,7.211,3.026,6.2971,0.040834135384146805,Non-Viral
C04359,2026-06-12,Instagram,Social Anxiety,Short,Text,Question,46,156887,129432,18027,531,2635,1171,0.509,501,14.255,0.444,12.7844,0.061204869109613924,Non-Viral
C02084,2026-06-12,YouTube,Social Anxiety,Short,Text,List,51,167192,29644,9634,901,1224,1012,0.439,692,7.639,0.827,7.0963,0.04981864443274798,Non-Viral
C04305,2026-06-12,YouTube,Career Stress,Long,Text,Story,62,135695,149625,4015,215,339,195,0.372,76,3.511,0.575,2.754,0.03899299163565349,Non-Viral
C03655,2026-06-12,Instagram,College Life,Short,Text,Story,41,139760,240282,8629,1035,559,868,0.451,501,7.936,1.553,6.64,0.04987389811104751,Non-Viral
C02102,2026-06-12,YouTube,Self-Doubt,Short,Text,List,45,114833,144246,4587,373,473,526,0.485,109,5.189,1.112,4.6363,0.05221495998537006,Non-Viral
C00080,2026-06-12,YouTube,Career Stress,Long,Visual,Story,21,8752,19898,707,52,93,53,0.355,35,10.34,0.57,9.3293,0.04298971663619744,Non-Viral
C01049,2026-06-12,Instagram,Friendship,Short,Text,Advice,46,4454,182861,449,48,34,53,0.546,8,13.112,1.559,11.3269,0.06322146385271667,Non-Viral
C00283,2026-06-13,Instagram,Burnout,Short,Text,List,22,34741,119064,2059,60,173,161,0.537,42,7.061,0.931,5.6432,0.05759021617109468,Non-Viral
C00736,2026-06-13,Instagram,Dating,Short,Text,Question,38,125908,54406,11773,1358,2041,689,0.538,473,12.597,0.338,12.2506,0.06435413476506657,Non-Viral
C02112,2026-06-13,Instagram,Dating,Short,Text,Story,11,139056,135172,14769,1122,2051,1306,0.47,294,13.842,0.637,12.824,0.05766512771832931,Non-Viral
C03813,2026-06-13,YouTube,Family Pressure,Long,Text,List,51,138139,205533,6578,769,1320,349,0.401,414,6.527,0.264,6.5879,0.045992977363380365,Non-Viral
C01306,2026-06-13,Instagram,Self-Doubt,Short,Text,Advice,40,175557,116544,11662,809,648,1545,0.659,171,8.353,2.384,6.8801,0.07089239563218784,Viral
C03375,2026-06-13,Instagram,Family Pressure,Long,Visual,Question,40,149772,135352,13524,484,800,566,0.457,670,10.265,0.708,7.3579,0.0497221136126913,Non-Viral
C02932,2026-06-13,Instagram,Dating,Short,Visual,Question,50,54184,19728,4988,262,549,204,0.641,160,11.079,0.372,9.1208,0.07051425513066588,Viral
C01813,2026-06-13,Instagram,Career Stress,Long,Text,Question,37,29145,233288,496,58,126,52,0.345,16,2.512,0.413,2.8032,0.03727920741121976,Non-Viral
C04170,2026-06-13,YouTube,Family Pressure,Long,Visual,List,45,46952,141094,3264,288,357,454,0.44,145,9.292,1.272,8.6109,0.05124250298176862,Non-Viral
C03193,2026-06-13,Instagram,Family Pressure,Short,Visual,Story,47,18239,179404,997,51,239,217,0.611,70,8.246,0.908,9.4632,0.07098541038434125,Viral
C03002,2026-06-13,Instagram,Family Pressure,Long,Text,Story,14,143778,44020,8407,497,538,524,0.33,409,6.932,0.974,5.2936,0.03629570587989818,Non-Viral
C02659,2026-06-13,Instagram,Burnout,Long,Visual,Question,41,66928,25878,6877,480,699,341,0.465,177,12.546,0.488,10.3656,0.05380411785799666,Non-Viral
C04879,2026-06-13,Instagram,Friendship,Short,Visual,Advice,28,114604,16167,4276,217,304,683,0.676,293,4.782,2.247,4.1373,0.0708655928239852,Viral
C02817,2026-06-13,Instagram,Family Pressure,Long,Text,Advice,50,172407,87145,4924,568,667,580,0.523,433,3.909,0.87,3.7556,0.05554435782769842,Non-Viral
C03984,2026-06-13,YouTube,College Life,Long,Visual,Question,65,85634,112066,6202,178,762,209,0.421,130,8.584,0.274,7.0906,0.047148228507368564,Non-Viral
C02280,2026-06-13,YouTube,Social Anxiety,Short,Visual,Advice,58,126639,225330,9329,396,1045,674,0.594,349,9.037,0.645,7.6923,0.06517902541870987,Non-Viral
C00641,2026-06-13,Instagram,Burnout,Long,Visual,Advice,53,109694,109825,8715,968,721,485,0.467,134,9.927,0.673,8.1522,0.05230787280981641,Non-Viral
C03610,2026-06-13,Instagram,Social Anxiety,Short,Text,Story,35,60109,58713,7741,365,1003,636,0.444,218,16.212,0.634,14.472,0.05599393767988155,Non-Viral
C00312,2026-06-13,YouTube,Family Pressure,Short,Text,Advice,44,163918,238548,3211,364,418,507,0.425,185,2.745,1.213,2.6962,0.04490852133383765,Non-Viral
C01424,2026-06-13,YouTube,College Life,Short,Visual,List,66,10259,242043,356,44,79,33,0.671,12,4.991,0.418,5.3319,0.07217359391753583,Viral
C03983,2026-06-13,YouTube,Friendship,Long,Visual,List,28,67861,104975,2506,264,536,481,0.558,95,5.581,0.897,6.2171,0.062064275504339766,Non-Viral
C01427,2026-06-13,Instagram,Family Pressure,Long,Visual,List,29,120581,149561,5313,767,735,916,0.448,343,6.411,1.246,6.5052,0.05077606588102604,Non-Viral
C02438,2026-06-14,YouTube,Self-Doubt,Short,Visual,Confession,39,57293,183464,4260,292,767,179,0.549,252,9.596,0.233,9.1233,0.06262607473862426,Non-Viral
C01329,2026-06-14,YouTube,College Life,Long,Visual,Question,39,41053,118562,1881,169,154,125,0.429,94,5.673,0.812,4.6428,0.04611900957299101,Non-Viral
C03390,2026-06-14,Instagram,Friendship,Long,Text,List,58,163690,129910,8251,352,340,511,0.294,135,5.776,1.503,4.0904,0.031593780927362695,Non-Viral
C00416,2026-06-14,Instagram,Friendship,Long,Visual,List,38,94208,34051,5274,658,842,579,0.435,227,7.805,0.688,7.7573,0.05041342561141305,Non-Viral
C02034,2026-06-14,Instagram,College Life,Short,Visual,List,28,113392,186151,8741,398,646,1088,0.401,272,9.589,1.684,8.0089,0.04606867503880345,Non-Viral
C00257,2026-06-14,YouTube,College Life,Long,Text,List,27,119311,223119,8634,658,495,853,0.403,127,8.918,1.723,7.12,0.0451390341209109,Non-Viral
C03233,2026-06-14,YouTube,Dating,Short,Text,Confession,28,41628,143517,3485,311,473,316,0.618,79,11.014,0.668,10.2335,0.07031109829922168,Viral
C01071,2026-06-14,YouTube,Burnout,Long,Visual,Confession,29,51075,28369,4903,185,502,493,0.505,175,11.91,0.982,10.2222,0.058361967694566814,Non-Viral
C04999,2026-06-14,YouTube,Career Stress,Short,Text,Confession,21,31037,151563,2238,209,223,329,0.573,122,9.663,1.475,8.891,0.06472339787994974,Non-Viral
C01668,2026-06-14,Instagram,Self-Doubt,Long,Text,List,8,20373,182886,549,72,105,50,0.446,27,3.809,0.476,3.9145,0.048185628037107936,Non-Viral
C03206,2026-06-14,Instagram,Friendship,Short,Visual,Advice,25,134117,57815,12171,1197,1712,1049,0.637,472,12.026,0.613,11.27,0.07312945338771372,Viral
C04201,2026-06-14,Instagram,Dating,Short,Text,Story,38,89844,249616,5135,195,530,932,0.511,137,7.56,1.758,7.0277,0.05719222652597837,Non-Viral
C03519,2026-06-14,YouTube,Self-Doubt,Short,Text,Confession,56,11666,103278,691,33,52,77,0.562,18,7.312,1.481,6.0432,0.06061025201440083,Non-Viral
C01298,2026-06-14,YouTube,Family Pressure,Long,Text,List,32,39305,107393,1614,179,159,206,0.414,36,5.49,1.296,4.9981,0.04547581732603995,Non-Viral
C00049,2026-06-14,Instagram,Career Stress,Long,Text,Story,52,138797,191596,10155,286,666,1023,0.422,332,8.739,1.536,6.8809,0.046879495954523516,Non-Viral
C03767,2026-06-14,Instagram,Friendship,Short,Visual,Advice,51,78126,145044,2605,250,282,359,0.607,186,4.475,1.273,4.1491,0.06418283541970664,Non-Viral
C01274,2026-06-14,YouTube,Self-Doubt,Short,Text,Question,40,67733,22198,1748,177,200,416,0.477,37,3.751,2.08,3.7965,0.05126325572468368,Non-Viral
C02285,2026-06-15,YouTube,Dating,Short,Text,Story,32,102879,41507,3737,466,362,483,0.613,283,4.907,1.334,4.4902,0.06497130318140729,Non-Viral
C02468,2026-06-15,Instagram,Friendship,Short,Visual,List,28,13322,92578,838,90,46,33,0.706,36,7.559,0.717,5.6898,0.0739103137667017,Viral
C00550,2026-06-15,Instagram,Burnout,Short,Text,Confession,50,9501,81632,230,16,59,34,0.583,8,3.568,0.576,4.0417,0.062420618882222924,Non-Viral
C02632,2026-06-15,Instagram,Career Stress,Long,Text,Confession,20,126525,172680,6733,934,666,445,0.507,230,6.938,0.668,6.0506,0.05523112033195021,Non-Viral
C03719,2026-06-15,Instagram,Family Pressure,Short,Visual,Question,45,162685,81117,13175,1156,1880,1296,0.581,476,10.761,0.689,10.1752,0.06675599164028645,Viral
C04443,2026-06-15,Instagram,Family Pressure,Short,Visual,List,8,85615,101900,2776,353,733,307,0.51,165,4.869,0.419,5.5253,0.056546925188343165,Non-Viral
C04822,2026-06-15,Instagram,Social Anxiety,Short,Visual,List,25,138693,65447,4415,460,775,613,0.503,117,4.516,0.791,4.6495,0.05463799831282041,Non-Viral
C01696,2026-06-15,Instagram,Dating,Long,Visual,Confession,21,111047,205582,5989,465,332,408,0.5,99,6.478,1.229,4.9565,0.053075724693147946,Non-Viral
C00098,2026-06-15,Instagram,Social Anxiety,Long,Text,Question,25,144023,216206,9477,911,1601,634,0.406,498,8.765,0.396,8.4542,0.047871755205765754,Non-Viral
C00827,2026-06-15,Instagram,Friendship,Long,Visual,Question,18,172361,222963,15517,757,1321,1013,0.64,569,10.796,0.767,8.6348,0.0698708176443627,Viral
C03829,2026-06-15,Instagram,Friendship,Short,Text,Question,46,178308,116894,5078,559,755,804,0.457,207,4.036,1.065,4.0663,0.04942838010633287,Non-Viral
C01327,2026-06-15,Instagram,Career Stress,Long,Text,Advice,22,154094,116334,6969,590,890,1344,0.481,480,6.355,1.51,6.3127,0.053889972354536846,Non-Viral
C00060,2026-06-15,Instagram,Dating,Long,Visual,Story,19,22468,179694,1223,90,114,157,0.442,36,7.05,1.377,6.2422,0.0491804165924871,Non-Viral
C01703,2026-06-15,Instagram,Friendship,Short,Visual,Advice,30,34149,71050,1978,180,321,106,0.583,45,7.57,0.33,7.1276,0.06425185803391022,Non-Viral
C03192,2026-06-15,Instagram,Self-Doubt,Long,Visual,Story,10,162393,92383,9423,726,929,1052,0.537,434,7.47,1.132,6.5837,0.058888339398865716,Non-Viral
C04924,2026-06-15,Instagram,Friendship,Short,Text,Confession,46,132836,184162,6941,295,1199,517,0.481,282,6.739,0.431,6.432,0.05366249811798007,Non-Viral
C04166,2026-06-15,YouTube,Dating,Short,Visual,Advice,38,97996,72579,6874,395,825,332,0.614,136,8.598,0.402,7.3151,0.06680940446548839,Viral
C00711,2026-06-15,Instagram,Family Pressure,Long,Text,Advice,41,177125,65115,6675,231,311,709,0.461,272,4.475,2.28,3.4072,0.04828659139026112,Non-Viral
C01973,2026-06-15,Instagram,Self-Doubt,Long,Text,Question,31,46908,163951,3067,246,156,356,0.51,64,8.154,2.282,6.5714,0.055559989767203895,Non-Viral
C03612,2026-06-15,Instagram,Friendship,Short,Text,Confession,28,75525,244291,2239,351,167,525,0.526,67,4.346,3.144,4.233,0.056377557100297924,Non-Viral
C04732,2026-06-16,Instagram,Friendship,Short,Visual,Story,33,121900,15088,6107,912,342,954,0.599,243,6.821,2.789,6.034,0.06463256767842494,Non-Viral
C00075,2026-06-16,Instagram,Career Stress,Short,Visual,Advice,37,177535,246697,14565,1674,1604,793,0.481,630,10.497,0.494,9.1202,0.054920063649421244,Non-Viral
C01510,2026-06-16,Instagram,Burnout,Short,Visual,Confession,42,160512,174548,9552,465,1938,1382,0.571,304,8.309,0.713,8.7542,0.06555077003588516,Non-Viral
C04215,2026-06-16,Instagram,Dating,Short,Visual,Story,55,165398,145199,18071,1061,1754,800,0.587,940,13.111,0.456,10.5739,0.0658853952284792,Non-Viral
C00788,2026-06-16,Instagram,Dating,Short,Visual,Confession,30,169665,138937,16766,1013,1222,1236,0.549,803,11.928,1.011,9.4542,0.0612221642648749,Non-Viral
C04037,2026-06-16,Instagram,Career Stress,Long,Visual,Advice,19,165648,231168,10702,1031,2200,1938,0.636,571,9.581,0.881,10.4882,0.07401998696030136,Viral
C02136,2026-06-16,Instagram,Friendship,Short,Text,Question,17,95045,201314,3461,365,563,539,0.464,199,5.185,0.957,5.308,0.05134292177389658,Non-Viral
C01780,2026-06-16,YouTube,Self-Doubt,Long,Visual,Confession,23,72853,100801,4672,480,532,410,0.53,148,8.365,0.771,7.511,0.058962691996211555,Non-Viral
C03797,2026-06-16,YouTube,Social Anxiety,Short,Visual,Advice,49,68935,22664,4378,703,495,657,0.494,311,9.042,1.327,8.7655,0.05702022194821208,Non-Viral
C03576,2026-06-16,Instagram,Self-Doubt,Long,Visual,List,36,107746,66851,4412,749,619,254,0.509,93,5.6,0.41,5.2851,0.055235195738124854,Non-Viral
C00191,2026-06-16,YouTube,College Life,Long,Visual,Story,42,133268,171349,5902,646,1024,880,0.517,162,6.342,0.859,6.5672,0.05786577122790167,Non-Viral
C00813,2026-06-16,Instagram,Friendship,Short,Visual,Confession,34,111243,190909,7876,298,1632,360,0.536,352,9.139,0.221,8.9902,0.0615744343464308,Non-Viral
C02256,2026-06-16,Instagram,College Life,Long,Visual,List,16,144597,30780,12128,747,633,1192,0.42,425,10.166,1.883,7.9307,0.04721795057988755,Non-Viral
C00615,2026-06-16,Instagram,Burnout,Short,Text,Advice,40,134069,9011,4886,310,583,195,0.5,219,4.456,0.334,3.7645,0.05274000701131507,Non-Viral
C00636,2026-06-16,YouTube,Burnout,Short,Text,List,46,101063,62635,4350,574,259,871,0.526,347,5.99,3.363,5.4966,0.05719070084996488,Non-Viral
C02267,2026-06-16,YouTube,College Life,Short,Visual,List,64,18542,227001,968,166,130,72,0.563,52,7.205,0.554,6.8331,0.061962819544817166,Non-Viral
C00587,2026-06-17,Instagram,Family Pressure,Short,Visual,List,28,105382,53613,4210,311,237,592,0.518,113,5.077,2.498,4.2384,0.054940004934429035,Non-Viral
C04672,2026-06-17,Instagram,Social Anxiety,Short,Visual,List,22,132696,242266,4501,649,970,685,0.536,211,5.128,0.706,5.655,0.05917175800325557,Non-Viral
C04013,2026-06-17,Instagram,Friendship,Long,Text,Confession,14,156037,33247,5277,193,876,971,0.374,189,4.689,1.108,4.8053,0.04197872171343976,Non-Viral
C04020,2026-06-17,Instagram,Social Anxiety,Long,Visual,Advice,16,100362,169254,5003,239,248,968,0.439,140,6.435,3.903,5.52,0.04826270700065762,Non-Viral
C01183,2026-06-17,Instagram,Burnout,Short,Visual,Story,42,102595,32826,8182,582,1819,1230,0.524,654,11.514,0.676,12.5552,0.06482604415419856,Non-Viral
C03268,2026-06-17,Instagram,Self-Doubt,Short,Visual,Confession,9,57159,206443,2919,393,297,139,0.674,148,6.557,0.468,5.6299,0.07149909200650817,Viral
C01062,2026-06-17,Instagram,Self-Doubt,Short,Visual,List,52,82015,11225,4341,252,524,565,0.584,230,6.928,1.078,6.4019,0.06380267024324819,Non-Viral
C03588,2026-06-17,Instagram,Social Anxiety,Long,Visual,Advice,24,100224,64729,10582,1276,910,373,0.384,613,13.112,0.41,10.6571,0.045512068965517245,Non-Viral
C04887,2026-06-17,Instagram,Career Stress,Short,Visual,Story,34,124172,130676,4772,443,574,354,0.519,96,4.947,0.617,4.4136,0.05537058918274652,Non-Viral
C01149,2026-06-17,Instagram,Family Pressure,Short,Visual,Confession,42,143642,107337,6327,964,1570,518,0.56,459,6.529,0.33,7.2092,0.06300700352264658,Non-Viral
C04029,2026-06-17,Instagram,Friendship,Long,Visual,Advice,44,178822,180760,9303,587,1415,914,0.526,511,6.833,0.646,6.4897,0.05818656093769224,Non-Viral
C02718,2026-06-17,Instagram,Career Stress,Long,Visual,Question,25,129017,82889,9331,974,1192,453,0.394,493,9.262,0.38,8.2226,0.045743350101149466,Non-Viral
C00941,2026-06-17,Instagram,Friendship,Short,Visual,List,27,7882,42584,632,21,98,38,0.435,11,10.01,0.388,9.103,0.0509410048211114,Non-Viral
C01547,2026-06-17,Instagram,Burnout,Short,Visual,List,22,45245,5864,2641,116,127,272,0.511,62,6.975,2.142,5.3476,0.05455121007846171,Non-Viral
C03573,2026-06-17,Instagram,Self-Doubt,Long,Visual,Advice,28,172943,31732,15543,1319,2049,536,0.402,415,11.245,0.262,9.8119,0.0476053300798529,Non-Viral
C04805,2026-06-18,Instagram,Self-Doubt,Short,Visual,Confession,26,36182,15087,3067,215,619,519,0.589,136,12.216,0.838,13.1308,0.07179315129069704,Viral
C00422,2026-06-18,Instagram,Friendship,Short,Visual,Advice,40,93311,8931,2928,105,510,168,0.578,104,3.977,0.329,3.7375,0.060968436733075414,Non-Viral
C04760,2026-06-18,Instagram,Career Stress,Short,Visual,Confession,27,5496,134784,298,34,58,23,0.444,18,7.515,0.397,7.6419,0.05133231441048035,Non-Viral
C03608,2026-06-18,Instagram,Self-Doubt,Long,Text,Question,16,129632,163473,8313,589,807,977,0.441,601,8.243,1.211,7.2629,0.04984395211058998,Non-Viral
C03877,2026-06-18,Instagram,Career Stress,Short,Visual,Confession,30,125346,108920,9356,957,1700,1583,0.519,315,10.847,0.931,11.4718,0.06293704944713034,Non-Viral
C04501,2026-06-18,YouTube,Dating,Short,Text,List,40,135267,160189,4125,402,403,477,0.489,122,3.997,1.184,3.5696,0.05174437445940251,Non-Viral
C02517,2026-06-18,Instagram,Dating,Short,Visual,Advice,16,58639,109530,2455,102,112,345,0.607,128,5.14,3.08,4.1039,0.06358545166186327,Non-Viral
C04591,2026-06-18,Instagram,Dating,Long,Visual,Question,29,88827,33872,3720,156,626,587,0.476,163,5.729,0.938,5.7933,0.053017271775473676,Non-Viral
C04856,2026-06-18,Instagram,Social Anxiety,Short,Visual,Advice,48,31709,243956,2318,150,349,210,0.57,145,9.546,0.602,8.9911,0.06464924784761424,Non-Viral
C04571,2026-06-18,YouTube,Social Anxiety,Long,Text,Advice,40,65427,243315,3191,407,696,613,0.493,82,7.5,0.881,8.4369,0.05783088174606814,Non-Viral
C03976,2026-06-18,Instagram,Self-Doubt,Long,Visual,Question,31,101429,200475,5025,322,641,342,0.387,201,6.241,0.534,5.5236,0.04303160141576867,Non-Viral
C01614,2026-06-18,Instagram,Burnout,Long,Text,Confession,61,106353,145863,5954,211,604,459,0.283,133,6.796,0.76,5.6637,0.032447978900454144,Non-Viral
C00666,2026-06-18,YouTube,Social Anxiety,Short,Text,List,8,94493,85719,4563,365,642,795,0.493,213,6.736,1.238,6.7148,0.05546077381393331,Non-Viral
C03221,2026-06-19,YouTube,Burnout,Short,Text,Story,12,168846,8344,10036,1142,1761,1740,0.527,395,8.694,0.988,9.1764,0.061499438541629654,Non-Viral
C04870,2026-06-19,YouTube,College Life,Short,Visual,List,35,19496,242670,1143,186,253,84,0.613,61,8.545,0.332,9.1173,0.06986329503487895,Viral
C02075,2026-06-19,YouTube,Dating,Short,Visual,Question,31,160992,11817,6804,901,1602,661,0.57,160,6.192,0.413,6.759,0.0635490831842576,Non-Viral
C04493,2026-06-19,YouTube,Dating,Long,Visual,Story,34,52645,81505,3367,329,512,385,0.503,170,8.724,0.752,8.5155,0.05780783550194701,Non-Viral
C00875,2026-06-19,Instagram,Family Pressure,Long,Text,Question,36,162098,204868,6156,384,606,347,0.417,191,4.623,0.573,3.8039,0.04437986033140446,Non-Viral
C02375,2026-06-19,Instagram,Family Pressure,Short,Visual,List,45,97369,220760,4354,256,720,588,0.457,99,6.078,0.817,6.0563,0.051233588719202215,Non-Viral
C04683,2026-06-19,YouTube,Family Pressure,Long,Visual,Story,46,48880,9602,2186,336,236,106,0.573,154,5.859,0.449,5.1493,0.06115433715220949,Non-Viral
C00008,2026-06-19,YouTube,Friendship,Long,Text,Story,21,89095,198378,4756,342,289,358,0.468,367,6.448,1.239,5.0216,0.05004092261069645,Non-Viral
C04745,2026-06-19,Instagram,Career Stress,Long,Visual,Question,21,61596,39307,4025,270,592,330,0.471,197,8.47,0.557,7.8796,0.05368971361776739,Non-Viral
C04522,2026-06-19,YouTube,College Life,Short,Text,List,11,29368,8682,2174,108,310,290,0.522,86,9.813,0.935,9.3946,0.06046409697630074,Non-Viral
C00866,2026-06-19,Instagram,Social Anxiety,Short,Visual,Confession,26,111961,99828,12876,1281,1903,1722,0.544,298,15.882,0.905,15.6416,0.06837897482158967,Viral
C02501,2026-06-19,Instagram,Self-Doubt,Long,Visual,Confession,35,70065,48198,2947,237,198,580,0.45,159,5.655,2.929,5.1138,0.0492624705630486,Non-Viral
C00175,2026-06-19,Instagram,Self-Doubt,Short,Visual,Advice,28,138570,126373,9651,961,1200,768,0.607,258,9.078,0.64,8.2291,0.06729991340116909,Viral
C01733,2026-06-19,YouTube,Family Pressure,Long,Text,Advice,29,22709,200328,563,98,119,48,0.472,46,3.646,0.403,3.8817,0.05083952617904795,Non-Viral
C01472,2026-06-19,Instagram,Social Anxiety,Short,Text,Confession,37,167057,240100,20350,1133,3515,2056,0.646,412,16.194,0.585,15.8817,0.07877779560269849,Viral
C00184,2026-06-19,Instagram,College Life,Short,Text,Confession,37,71246,56042,2533,187,485,283,0.499,224,4.896,0.584,5.008,0.05454868203127193,Non-Viral
C00043,2026-06-20,Instagram,Self-Doubt,Short,Visual,Story,10,109326,198154,6103,682,666,312,0.535,86,7.101,0.468,6.1253,0.05803323088743758,Non-Viral
C02211,2026-06-20,YouTube,Burnout,Long,Text,Confession,29,101410,93953,5562,449,1036,803,0.369,218,7.741,0.775,8.0549,0.04453682082634849,Non-Viral
C01303,2026-06-20,Instagram,Dating,Long,Visual,Story,58,142765,31842,14136,645,1857,566,0.498,593,12.051,0.305,10.3236,0.057520379644870945,Non-Viral
C01194,2026-06-20,Instagram,Social Anxiety,Short,Text,Advice,43,5073,165160,365,56,91,25,0.489,16,10.585,0.275,11.6203,0.060106386753400354,Non-Viral
C00932,2026-06-20,Instagram,Family Pressure,Long,Visual,Confession,49,47293,117123,4571,304,495,511,0.47,141,12.435,1.032,11.0978,0.055915695768929866,Non-Viral
C03105,2026-06-20,Instagram,Social Anxiety,Short,Visual,Story,35,167450,116324,8763,801,1282,1619,0.686,605,7.444,1.263,7.5646,0.07566330247835175,Viral
C02120,2026-06-20,Instagram,Family Pressure,Short,Text,Question,36,24525,56911,2508,178,246,319,0.472,123,13.256,1.297,11.8124,0.0567045871559633,Non-Viral
C01595,2026-06-20,Instagram,Social Anxiety,Short,Visual,Story,57,117539,167923,5471,600,707,359,0.541,131,6.072,0.508,5.5084,0.05848875607245256,Non-Viral
C00982,2026-06-20,YouTube,Self-Doubt,Short,Visual,Question,23,176719,75615,18389,1885,831,1805,0.534,954,12.964,2.172,10.2564,0.06018025566011578,Non-Viral
C03933,2026-06-20,Instagram,College Life,Short,Text,Advice,43,131287,94439,5051,279,324,669,0.553,219,4.816,2.065,4.0019,0.058258023262013764,Non-Viral
C00204,2026-06-20,YouTube,College Life,Short,Text,Advice,37,5680,77661,444,35,49,20,0.783,17,9.648,0.408,8.125,0.08416267605633804,Viral
C00086,2026-06-20,Instagram,Burnout,Long,Text,Advice,30,98916,223478,5444,811,1263,692,0.33,412,8.3,0.548,9.2114,0.04207436612883659,Non-Viral
C01348,2026-06-20,YouTube,Self-Doubt,Short,Text,Question,26,34296,126438,2320,83,130,122,0.497,62,7.741,0.938,5.5939,0.05283593421973408,Non-Viral
C02181,2026-06-20,YouTube,Social Anxiety,Short,Text,Confession,40,2241,49037,125,6,20,21,0.495,6,7.675,1.05,7.7421,0.056728915662650606,Non-Viral
C02141,2026-06-20,Instagram,Career Stress,Short,Text,Story,28,83285,35404,2286,115,429,143,0.518,62,3.57,0.333,3.4682,0.05484016329471094,Non-Viral
C00223,2026-06-21,Instagram,Social Anxiety,Short,Text,Advice,40,139391,70460,6326,702,1674,554,0.495,267,6.64,0.331,7.4223,0.0568519811178627,Non-Viral
C03557,2026-06-21,Instagram,Friendship,Short,Text,Question,58,133277,17453,8678,595,1335,390,0.378,267,8.252,0.292,7.5156,0.04385505826211574,Non-Viral
C04568,2026-06-21,YouTube,Dating,Short,Visual,Confession,28,109744,140748,10356,925,774,2087,0.535,837,12.886,2.696,11.9018,0.06364315133401371,Non-Viral
C01539,2026-06-21,Instagram,Family Pressure,Long,Visual,Advice,32,103355,66834,2381,127,150,144,0.539,134,2.711,0.96,2.0502,0.055155381936045675,Non-Viral
C04454,2026-06-21,Instagram,Dating,Short,Visual,Question,51,52073,157845,3844,247,461,413,0.685,77,9.535,0.896,8.6446,0.07557468361722966,Viral
C02774,2026-06-21,YouTube,Social Anxiety,Short,Visual,Advice,30,161489,205260,12977,539,1049,495,0.52,410,9.326,0.472,7.0804,0.05634332988624613,Non-Viral
C03005,2026-06-21,YouTube,Social Anxiety,Short,Text,Question,36,152680,129939,11788,1075,2586,1338,0.512,546,10.995,0.517,11.7504,0.06250698192297616,Non-Viral
C01064,2026-06-21,Instagram,Career Stress,Short,Visual,Story,34,35449,113302,2976,177,359,395,0.54,163,11.021,1.1,10.2133,0.06264904510705521,Non-Viral
C03068,2026-06-21,Instagram,College Life,Long,Visual,Story,38,156362,91483,6470,934,1136,448,0.488,417,5.748,0.394,5.7175,0.053824878167329664,Non-Viral
C01041,2026-06-21,YouTube,Burnout,Long,Text,Confession,40,34746,57155,1795,56,89,133,0.327,48,5.966,1.494,4.3588,0.035242738732515974,Non-Viral
C03065,2026-06-21,YouTube,Friendship,Short,Text,Question,49,161483,23618,8768,358,1406,474,0.395,342,6.816,0.337,6.2465,0.04463119028009141,Non-Viral
C02842,2026-06-21,Instagram,Friendship,Short,Visual,Advice,26,146238,178184,10003,1435,678,1781,0.681,552,9.503,2.627,8.7187,0.07531187379477292,Viral
C04695,2026-06-21,YouTube,Friendship,Long,Text,Story,40,2974,31739,151,29,30,24,0.427,4,7.868,0.8,8.6416,0.051122999327505046,Non-Viral
C04533,2026-06-21,Instagram,College Life,Short,Visual,Advice,44,63050,87592,2078,94,122,80,0.432,58,3.765,0.656,2.7058,0.04467501982553529,Non-Viral
C02707,2026-06-21,Instagram,Burnout,Short,Visual,Question,41,142373,101989,5785,210,870,327,0.674,150,5.052,0.376,4.5455,0.0710601040927704,Viral
C04157,2026-06-21,Instagram,Friendship,Long,Text,Confession,43,105245,25890,5363,790,924,334,0.3,193,7.042,0.361,6.9424,0.03602878996626918,Non-Viral
C00110,2026-06-21,Instagram,Burnout,Short,Text,Advice,31,176363,188304,9334,936,887,583,0.496,290,6.657,0.657,5.6123,0.053651019771720834,Non-Viral
C04567,2026-06-21,YouTube,Burnout,Short,Text,Confession,29,44240,76785,2896,190,213,368,0.519,98,8.289,1.728,7.0253,0.05720628390596745,Non-Viral
C02155,2026-06-21,Instagram,Burnout,Long,Text,List,10,100814,86343,5741,419,796,202,0.446,272,7.1,0.254,6.2402,0.04937761025254429,Non-Viral
C00541,2026-06-22,Instagram,Friendship,Long,Visual,List,8,53991,173219,4165,122,499,452,0.458,237,9.702,0.906,8.6431,0.052809501583597276,Non-Viral
C04212,2026-06-22,YouTube,College Life,Short,Visual,Advice,35,77092,125711,4435,480,505,575,0.533,244,7.776,1.139,7.2673,0.059419311990868064,Non-Viral
C01317,2026-06-22,Instagram,Family Pressure,Short,Text,Advice,36,135611,233001,10970,504,686,1078,0.56,265,9.762,1.571,7.7096,0.06121860321065401,Non-Viral
C02245,2026-06-22,Instagram,Dating,Long,Text,Confession,20,10460,210618,522,27,64,48,0.529,22,6.319,0.75,5.6358,0.057417208413001915,Non-Viral
C03870,2026-06-22,YouTube,Family Pressure,Long,Visual,Question,58,132427,73092,7675,692,938,514,0.476,447,7.415,0.548,6.5829,0.05273565964644673,Non-Viral
C00906,2026-06-22,YouTube,College Life,Short,Visual,Question,40,28232,245428,850,79,223,146,0.589,49,4.598,0.655,5.3291,0.0644256446585435,Non-Viral
C00892,2026-06-22,YouTube,Career Stress,Short,Text,List,67,39207,38444,1719,169,263,84,0.52,94,5.701,0.319,5.2797,0.056307904200780474,Non-Viral
C02799,2026-06-22,Instagram,Family Pressure,Short,Visual,Confession,8,71221,47313,4671,165,694,525,0.449,279,8.502,0.756,8.0243,0.05184387891211862,Non-Viral
C04575,2026-06-22,YouTube,Self-Doubt,Short,Text,Confession,35,142795,180477,6409,453,1085,692,0.538,153,6.05,0.638,5.9687,0.05914892678315068,Non-Viral
C02820,2026-06-22,Instagram,Dating,Short,Visual,List,45,5570,171472,247,16,29,8,0.487,8,5.386,0.276,4.4973,0.05190466786355476,Non-Viral
C03681,2026-06-22,Instagram,Dating,Short,Text,Advice,32,166762,70102,6644,586,799,404,0.524,261,5.057,0.506,4.4411,0.05580994950888092,Non-Viral
C01894,2026-06-22,YouTube,Friendship,Long,Visual,List,21,137538,249353,5502,453,694,200,0.524,120,4.98,0.288,4.2988,0.055600933560179734,Non-Viral
C03135,2026-06-22,Instagram,Career Stress,Short,Text,Advice,50,130179,166043,4733,263,507,681,0.584,196,4.75,1.343,4.3356,0.062025008641946856,Non-Viral
C04584,2026-06-22,Instagram,Social Anxiety,Short,Visual,Confession,8,114762,74673,9150,520,2279,785,0.634,583,11.096,0.344,11.9918,0.07506806085638103,Viral
C01045,2026-06-22,Instagram,Career Stress,Short,Text,List,31,74475,213918,2134,249,290,130,0.509,120,3.764,0.448,3.4515,0.05367744209466264,Non-Viral
C03931,2026-06-22,Instagram,Dating,Long,Text,Question,26,100241,44381,5271,801,674,446,0.582,499,7.175,0.662,6.7348,0.06375910256282359,Non-Viral
C02408,2026-06-22,Instagram,Career Stress,Short,Visual,List,20,120427,148513,6328,529,951,1037,0.624,475,7.345,1.09,7.3775,0.06919581821352355,Viral
C03856,2026-06-22,Instagram,Friendship,Short,Visual,Story,25,76353,248123,10838,907,1659,338,0.515,542,17.998,0.204,16.2829,0.06438750933165692,Non-Viral
C04519,2026-06-22,Instagram,Burnout,Short,Text,Question,30,11434,158086,832,75,61,89,0.312,38,9.244,1.459,7.7794,0.036919783103026065,Non-Viral
C03490,2026-06-22,Instagram,Career Stress,Long,Visual,List,38,44829,105270,4417,240,446,340,0.585,125,12.142,0.762,10.2311,0.06605537709964532,Non-Viral
C03446,2026-06-22,Instagram,Career Stress,Short,Visual,Story,47,5418,164681,343,38,32,30,0.541,4,8.176,0.938,7.0967,0.059470985603543754,Non-Viral
C01522,2026-06-22,Instagram,Career Stress,Short,Visual,Question,17,95083,245934,5307,200,305,683,0.57,196,6.831,2.239,5.5052,0.06091394886572783,Non-Viral
C01077,2026-06-22,YouTube,College Life,Short,Visual,Advice,21,126915,22373,3894,420,199,704,0.671,145,4.111,3.538,3.6103,0.06996609147854864,Viral
C01600,2026-06-22,YouTube,Career Stress,Short,Text,Story,44,59953,95018,5725,192,971,515,0.507,175,12.348,0.53,11.8318,0.06104560405651094,Non-Viral
C04555,2026-06-22,Instagram,Dating,Short,Visual,Confession,36,117489,114880,8655,992,1753,424,0.681,639,10.064,0.242,10.1478,0.0771634016801573,Viral
C03050,2026-06-22,Instagram,Burnout,Short,Visual,Confession,19,105238,48721,9225,634,1056,1361,0.533,445,11.665,1.289,10.8834,0.06259892244246376,Non-Viral
C04214,2026-06-23,Instagram,Self-Doubt,Short,Visual,List,22,27764,225676,2363,253,422,365,0.543,97,12.257,0.865,12.8116,0.06645062671084859,Viral
C04165,2026-06-23,Instagram,College Life,Short,Text,Story,15,178922,115143,13416,614,543,1053,0.583,341,8.733,1.939,6.3514,0.061946002168542715,Non-Viral
C02295,2026-06-23,Instagram,Dating,Short,Visual,Confession,32,64632,155615,3759,392,757,360,0.585,207,8.151,0.476,8.4455,0.06635137393241737,Non-Viral
C04287,2026-06-23,Instagram,College Life,Short,Text,Question,52,54646,211425,2929,412,585,560,0.513,74,8.209,0.957,9.072,0.060322618306920914,Non-Viral
C02353,2026-06-23,YouTube,Social Anxiety,Short,Visual,Story,38,117841,10213,10838,1025,1270,915,0.618,738,11.921,0.72,10.6894,0.07028388930847498,Viral
C01276,2026-06-23,Instagram,Social Anxiety,Short,Visual,Question,38,160499,176392,18925,1887,2222,2674,0.542,583,16.018,1.203,15.1446,0.06719166973002948,Viral
C00430,2026-06-23,YouTube,Career Stress,Short,Text,Confession,28,100608,112406,2760,288,480,242,0.504,224,3.747,0.504,3.7134,0.05369794847328244,Non-Viral
C02941,2026-06-23,Instagram,Friendship,Short,Visual,Confession,27,24897,233321,785,48,36,143,0.669,21,4.065,3.972,3.4482,0.06956297144234246,Viral
C03554,2026-06-23,Instagram,Family Pressure,Long,Text,Question,36,44735,39930,3411,289,546,195,0.377,162,9.927,0.357,9.3149,0.04546908460936627,Non-Viral
C03907,2026-06-23,YouTube,Friendship,Short,Visual,Advice,22,108733,114550,12376,787,636,1863,0.623,500,14.404,2.929,11.9582,0.07115793641304848,Viral
C02055,2026-06-23,Instagram,Dating,Long,Visual,List,44,21416,65811,1587,149,197,227,0.389,51,10.086,1.152,9.6283,0.04726290623832649,Non-Viral
C01197,2026-06-23,Instagram,Career Stress,Short,Visual,List,40,84603,200497,4457,144,209,131,0.592,214,5.84,0.627,3.9402,0.061031495337044786,Non-Viral
C03151,2026-06-23,YouTube,Self-Doubt,Long,Text,Advice,45,131951,105946,8958,679,1073,1195,0.429,235,9.022,1.114,8.4171,0.050048108009791516,Non-Viral
C04419,2026-06-23,Instagram,Friendship,Short,Visual,Question,41,78520,222621,6382,496,481,573,0.667,323,10.102,1.191,8.3087,0.07259340295466124,Viral
C02969,2026-06-24,Instagram,Friendship,Short,Visual,Story,17,148247,193664,11471,1970,1426,1230,0.61,744,10.858,0.863,10.4073,0.06981097087968054,Viral
C04864,2026-06-24,YouTube,Burnout,Short,Text,Advice,65,135126,200016,5269,345,727,200,0.525,320,4.841,0.275,4.2427,0.05574807957017895,Non-Viral
C01332,2026-06-24,Instagram,Burnout,Long,Text,Advice,22,70441,47854,1780,183,194,352,0.533,38,3.562,1.814,3.4788,0.056428149799122675,Non-Viral
C02019,2026-06-24,YouTube,Self-Doubt,Short,Text,Advice,22,166799,97487,6982,254,808,832,0.399,239,5.321,1.03,4.7722,0.043804699668463246,Non-Viral
C02131,2026-06-24,Instagram,Friendship,Short,Text,Advice,26,11342,241451,1158,68,92,58,0.622,13,12.132,0.63,9.4604,0.06828358314230296,Viral
C02064,2026-06-24,YouTube,Social Anxiety,Long,Visual,Advice,30,15325,204830,484,38,46,40,0.485,21,3.967,0.87,3.3736,0.051005709624796086,Non-Viral
C00395,2026-06-24,YouTube,Burnout,Short,Visual,Question,43,96497,230998,5085,419,470,575,0.596,127,6.787,1.223,5.939,0.0642307139082044,Non-Viral
C00212,2026-06-24,Instagram,College Life,Short,Visual,List,45,53554,69172,1611,124,89,222,0.748,30,3.82,2.494,3.179,0.07713876087687195,Viral
C03093,2026-06-24,Instagram,Friendship,Short,Visual,Question,31,142511,248866,10668,797,772,855,0.666,421,9.187,1.108,7.4068,0.07167645023892893,Viral
C01903,2026-06-24,Instagram,Self-Doubt,Short,Visual,Story,23,178220,97917,18714,1138,754,2374,0.691,801,12.894,3.149,10.1414,0.07595781618224666,Viral
C04414,2026-06-24,YouTube,Family Pressure,Long,Visual,List,58,146762,18363,7435,481,898,970,0.578,295,6.667,1.08,6.1821,0.06302785189626742,Non-Viral
C01750,2026-06-24,YouTube,Burnout,Long,Visual,List,50,44288,218304,2827,279,223,423,0.579,138,8.472,1.897,7.5574,0.06397613800578035,Non-Viral
C01675,2026-06-24,YouTube,Career Stress,Short,Visual,Question,52,168660,14652,9867,757,763,509,0.59,270,7.053,0.667,5.5591,0.06261437210956955,Non-Viral
C02985,2026-06-24,YouTube,Family Pressure,Short,Text,Question,21,145925,48420,4496,456,765,578,0.638,210,4.314,0.756,4.3742,0.0678161041630975,Viral
C00236,2026-06-24,Instagram,Burnout,Short,Text,Question,32,33422,179954,2269,199,225,112,0.605,53,8.393,0.498,6.9774,0.06542789180779127,Non-Viral
C00774,2026-06-24,YouTube,Career Stress,Short,Visual,Advice,17,13277,155683,521,58,70,25,0.67,16,5.076,0.357,4.5756,0.07059267906906681,Viral
C00015,2026-06-24,Instagram,Burnout,Long,Visual,Question,40,119428,148064,11271,665,1412,392,0.438,200,11.505,0.278,9.7573,0.05094028536021704,Non-Viral
C04178,2026-06-24,YouTube,Family Pressure,Long,Visual,Question,66,129205,127178,3919,137,181,223,0.61,180,3.452,1.232,2.4411,0.06230722495259471,Non-Viral
C02981,2026-06-24,Instagram,Dating,Short,Text,Advice,26,74665,135745,7408,682,727,606,0.545,438,12.62,0.834,10.8752,0.06268656666443448,Non-Viral
C00177,2026-06-24,Instagram,Burnout,Short,Visual,Story,26,35623,134447,3952,379,263,603,0.55,141,14.589,2.293,12.7432,0.06499635067231846,Non-Viral
C03641,2026-06-25,Instagram,Dating,Short,Visual,Question,37,121613,99865,7888,447,1124,448,0.613,516,8.146,0.399,7.3039,0.06711557892659502,Viral
C00727,2026-06-25,YouTube,College Life,Long,Visual,Advice,48,82127,158049,4597,164,892,465,0.49,94,7.449,0.521,7.489,0.05588567706113702,Non-Viral
C04690,2026-06-25,YouTube,Dating,Long,Visual,Story,11,167030,151556,17548,973,1498,1411,0.45,474,12.83,0.942,10.5068,0.052443872358259,Non-Viral
C00793,2026-06-25,Instagram,Friendship,Short,Text,Confession,33,127555,179318,7731,710,911,885,0.439,210,8.026,0.971,7.3956,0.05003029673474188,Non-Viral
C00174,2026-06-25,Instagram,Dating,Short,Text,Advice,39,172973,82366,8184,732,422,921,0.669,365,5.931,2.182,4.7973,0.07022999947968758,Viral
C04904,2026-06-25,Instagram,College Life,Short,Visual,Story,59,163945,149295,8553,1279,773,706,0.468,574,6.899,0.913,6.0545,0.05138385434139499,Non-Viral
C01119,2026-06-25,Instagram,Self-Doubt,Short,Text,Confession,37,138838,173464,7578,1321,854,1027,0.651,714,7.764,1.203,7.481,0.07151431020325848,Viral
C02938,2026-06-25,Instagram,College Life,Short,Text,Advice,37,128428,109636,4751,362,402,299,0.421,169,4.527,0.744,3.6772,0.04462982215716199,Non-Viral
C03939,2026-06-25,YouTube,Self-Doubt,Long,Visual,List,54,103784,119022,5564,820,283,356,0.508,396,6.767,1.258,5.3698,0.05424128189316273,Non-Viral
C02598,2026-06-25,Instagram,Dating,Short,Text,Confession,25,82094,162399,3451,342,186,289,0.498,148,5.199,1.554,4.1105,0.05250056276950813,Non-Viral
C00461,2026-06-25,YouTube,Family Pressure,Long,Text,Advice,36,56887,31078,2705,287,417,305,0.365,93,6.529,0.731,6.4057,0.04216385993284933,Non-Viral
C04538,2026-06-25,YouTube,Burnout,Long,Visual,List,35,58419,144752,3983,217,532,490,0.433,137,8.939,0.921,8.3757,0.050471468186720075,Non-Viral
C00225,2026-06-25,Instagram,Social Anxiety,Long,Visual,List,21,135167,232529,9246,333,1547,1696,0.49,429,9.486,1.096,9.7328,0.05828407081610157,Non-Viral
C03731,2026-06-25,YouTube,Social Anxiety,Short,Text,Advice,27,9527,117462,457,37,33,30,0.507,28,5.847,0.909,4.6499,0.05378596620132256,Non-Viral
C03400,2026-06-25,Instagram,Friendship,Short,Visual,List,34,79759,198148,4366,418,675,433,0.482,197,7.387,0.641,7.1478,0.05442312215549342,Non-Viral
C01208,2026-06-25,YouTube,Burnout,Short,Visual,Advice,44,52838,231162,3342,157,207,217,0.563,190,7.425,1.048,5.6049,0.05974070555282183,Non-Viral
C01641,2026-06-25,Instagram,College Life,Long,Visual,List,37,119887,75232,2872,419,527,243,0.549,221,3.387,0.461,3.4462,0.05801042898729637,Non-Viral
C00697,2026-06-25,Instagram,Friendship,Short,Text,Story,43,44586,50703,4466,219,677,455,0.518,201,13.047,0.672,12.3413,0.06243113981967434,Non-Viral
C04421,2026-06-25,YouTube,Self-Doubt,Long,Text,Advice,41,158961,142505,4392,559,641,557,0.347,136,3.868,0.869,3.8195,0.038093285145413026,Non-Viral
C02793,2026-06-25,YouTube,Self-Doubt,Short,Visual,Advice,31,22502,111549,1054,121,117,52,0.666,63,5.973,0.444,5.1707,0.07043965869700472,Viral
C04946,2026-06-25,YouTube,College Life,Short,Text,List,35,149963,50794,6350,346,674,389,0.656,191,5.174,0.577,4.3304,0.06874677620479719,Viral
C02855,2026-06-25,YouTube,Burnout,Long,Text,Question,68,154495,18127,5502,682,464,1063,0.401,135,4.991,2.291,4.7199,0.044177801870610704,Non-Viral
C00681,2026-06-25,YouTube,College Life,Short,Text,Confession,46,80908,83100,3924,244,589,519,0.462,101,6.521,0.881,6.3442,0.051852716665842694,Non-Viral
C04386,2026-06-25,YouTube,Burnout,Short,Text,Question,22,17270,173775,1184,107,122,114,0.479,66,8.842,0.934,7.7968,0.05398859293572669,Non-Viral
C01879,2026-06-26,YouTube,Dating,Short,Visual,Advice,35,115894,125155,3246,473,654,325,0.568,98,4.054,0.497,4.2664,0.06079287279755639,Non-Viral
C04141,2026-06-26,Instagram,Burnout,Short,Text,Confession,16,131691,54625,4502,391,402,373,0.582,207,4.304,0.928,3.6369,0.060868747294803745,Non-Viral
C02018,2026-06-26,Instagram,College Life,Long,Visual,List,44,44301,176018,3374,314,195,257,0.524,149,9.345,1.318,7.352,0.057184316381120065,Non-Viral
C02067,2026-06-26,YouTube,College Life,Short,Visual,Question,22,8980,59112,961,25,106,98,0.623,29,13.252,0.925,11.4922,0.0713033407572383,Viral
C01137,2026-06-26,YouTube,Family Pressure,Long,Text,Confession,58,22140,176309,1493,182,218,130,0.442,75,9.137,0.596,8.7331,0.05162547425474255,Non-Viral
C03953,2026-06-26,Instagram,Burnout,Long,Text,List,32,56933,121663,3204,180,277,122,0.396,58,6.645,0.44,5.1763,0.0429065181880456,Non-Viral
C04121,2026-06-26,YouTube,Self-Doubt,Short,Visual,Confession,57,22913,120931,2110,110,102,82,0.657,112,10.492,0.804,7.3757,0.06949697115174792,Viral
C04686,2026-06-26,Instagram,Dating,Long,Visual,Question,24,131214,89855,5717,342,1237,620,0.45,189,6.033,0.501,6.3427,0.051050802505830176,Non-Viral
C01598,2026-06-26,Instagram,Social Anxiety,Short,Visual,List,37,45670,133136,2555,280,496,339,0.547,96,8.036,0.683,8.4596,0.06273372016641121,Non-Viral
C01785,2026-06-26,YouTube,Career Stress,Short,Visual,Confession,40,87596,200585,6466,644,985,758,0.466,424,10.107,0.77,9.8977,0.05535896159641993,Non-Viral
C00676,2026-06-26,Instagram,Burnout,Short,Visual,Question,25,152830,138491,12155,1012,932,710,0.489,544,9.69,0.762,7.7285,0.05403119151998953,Non-Viral
C03354,2026-06-26,Instagram,Friendship,Long,Visual,Advice,15,119111,208348,11745,1113,1116,397,0.428,216,12.065,0.356,9.8093,0.04941777669568722,Non-Viral
C04941,2026-06-26,YouTube,Family Pressure,Short,Text,Confession,27,113523,237555,2332,460,484,468,0.419,121,3.298,0.967,3.7384,0.04566311408260881,Non-Viral
C04852,2026-06-26,Instagram,College Life,Long,Text,Advice,37,21429,146937,926,133,184,125,0.39,45,6.384,0.679,6.8342,0.04554486910261796,Non-Viral
C01670,2026-06-26,Instagram,Dating,Short,Visual,Question,32,101433,17796,7734,212,779,568,0.534,215,9.162,0.729,7.5498,0.05884940995533998,Non-Viral
C00713,2026-06-26,YouTube,Career Stress,Short,Visual,Advice,26,149481,174078,11171,1188,831,610,0.538,440,9.232,0.734,7.4126,0.05871801633652438,Non-Viral
C02859,2026-06-26,Instagram,Burnout,Long,Visual,Advice,29,77817,11047,2898,76,264,376,0.46,58,4.644,1.424,3.9927,0.049122710975750807,Non-Viral
C03047,2026-06-26,YouTube,Friendship,Short,Visual,Advice,30,76603,204112,5410,337,401,240,0.519,422,8.339,0.599,6.3881,0.05585545866349882,Non-Viral
C03836,2026-06-26,Instagram,Burnout,Long,Text,List,32,26107,238909,934,108,78,86,0.416,15,4.619,1.103,3.9645,0.0445532309342322,Non-Viral
C02268,2026-06-26,Instagram,Burnout,Short,Visual,Confession,34,111419,206056,14487,605,1735,1653,0.57,357,16.586,0.953,14.9544,0.06927259264577854,Viral
C00318,2026-06-26,Instagram,Dating,Short,Visual,Story,48,79387,246971,5353,431,338,608,0.559,122,8.477,1.799,6.9948,0.0609279012936627,Non-Viral
C03715,2026-06-26,Instagram,Social Anxiety,Short,Text,Confession,29,147469,156002,11472,372,1240,731,0.505,614,9.368,0.59,7.782,0.05614932290854349,Non-Viral
C02573,2026-06-27,Instagram,Dating,Short,Text,Question,51,167175,58272,5550,438,596,729,0.488,319,4.374,1.223,3.9946,0.052105518169582775,Non-Viral
C02691,2026-06-27,Instagram,Social Anxiety,Short,Visual,Confession,21,97898,44847,7062,593,936,782,0.498,178,9.574,0.835,8.9813,0.05740740771006558,Non-Viral
C00731,2026-06-27,Instagram,Burnout,Short,Visual,Confession,10,5877,239181,602,27,35,35,0.522,27,11.894,1.0,8.7885,0.057355691679428285,Non-Viral
C04600,2026-06-27,Instagram,Friendship,Long,Visual,Story,35,92867,44676,5027,346,641,542,0.429,141,7.06,0.846,6.5034,0.04831580970635425,Non-Viral
C00737,2026-06-27,YouTube,Family Pressure,Short,Visual,Story,20,27765,104364,1248,96,208,170,0.651,51,6.202,0.817,6.2381,0.07082663425175581,Viral
C01218,2026-06-27,YouTube,Self-Doubt,Short,Visual,Question,38,38190,189143,3536,384,533,444,0.535,125,12.823,0.833,12.6499,0.06477651217596231,Non-Viral
C02709,2026-06-27,Instagram,Friendship,Short,Text,Question,39,50340,95630,5030,287,312,372,0.528,80,11.921,1.192,9.1885,0.05866114421930871,Non-Viral
C03031,2026-06-27,Instagram,Dating,Short,Visual,List,47,78690,106133,5636,570,918,970,0.585,235,10.286,1.057,10.6329,0.06853431185665268,Viral
C01724,2026-06-27,Instagram,College Life,Short,Visual,Confession,43,129554,149084,14061,1603,2326,1433,0.579,426,14.992,0.616,14.8811,0.0711535467835806,Viral
C03245,2026-06-27,YouTube,Family Pressure,Short,Visual,Question,23,55851,184085,2079,191,305,478,0.467,98,5.466,1.567,5.7242,0.05223794918622765,Non-Viral
C04594,2026-06-27,YouTube,Social Anxiety,Long,Visual,Advice,32,124370,5779,12231,883,634,1013,0.563,534,11.869,1.598,9.1405,0.06210244431936962,Non-Viral
C00317,2026-06-27,Instagram,Dating,Short,Text,Story,30,15437,46649,482,50,31,40,0.6,21,3.906,1.29,3.1677,0.06216687180151584,Non-Viral
C01033,2026-06-27,Instagram,Self-Doubt,Long,Visual,Question,44,54702,188821,2808,237,270,418,0.576,109,6.824,1.548,6.2255,0.06276343095316442,Non-Viral
C00760,2026-06-27,Instagram,College Life,Long,Visual,List,47,20488,37965,1041,96,123,119,0.394,53,6.731,0.967,6.2061,0.04454691526747365,Non-Viral
C03999,2026-06-27,Instagram,Friendship,Short,Text,List,18,45425,43768,1198,78,76,198,0.436,27,3.412,2.605,2.9499,0.04591810676940011,Non-Viral
C04133,2026-06-27,YouTube,Friendship,Long,Text,List,33,78596,18910,2266,165,437,322,0.432,127,4.059,0.737,4.2439,0.04724600743040359,Non-Viral
C03934,2026-06-27,YouTube,Dating,Short,Text,Confession,11,122369,140335,9796,340,1501,1005,0.509,310,10.331,0.67,9.7418,0.05930041186901912,Non-Viral
C03280,2026-06-27,Instagram,Dating,Short,Visual,List,38,146551,169188,4451,345,801,301,0.55,162,4.025,0.376,3.9222,0.05842884047191763,Non-Viral
C01860,2026-06-28,YouTube,Self-Doubt,Short,Text,Question,54,178109,226091,7110,1002,854,755,0.524,498,5.458,0.884,5.1261,0.05667322594590953,Non-Viral
C03541,2026-06-28,Instagram,Career Stress,Short,Text,Story,34,136841,38059,12351,1348,1211,1978,0.609,440,12.341,1.633,11.5364,0.07069640604789501,Viral
C03851,2026-06-28,YouTube,College Life,Short,Visual,Confession,28,119232,119361,5449,238,575,686,0.62,211,5.827,1.193,5.1819,0.06619560185185185,Non-Viral
C02965,2026-06-28,Instagram,Career Stress,Short,Visual,Confession,30,171136,236477,8078,1406,1560,793,0.534,604,6.917,0.508,7.2539,0.06012447643979058,Non-Viral
C04669,2026-06-28,Instagram,Social Anxiety,Short,Text,Question,13,179006,125678,4716,504,545,377,0.609,227,3.431,0.692,3.0742,0.06332422041719273,Non-Viral
C00886,2026-06-28,YouTube,Burnout,Short,Text,List,38,90812,203298,2068,307,276,230,0.618,151,3.172,0.833,3.064,0.0644345637140466,Non-Viral
C00557,2026-06-28,Instagram,Burnout,Short,Text,List,41,167347,160097,4936,717,688,1004,0.528,91,4.389,1.459,4.5507,0.05709257769783743,Non-Viral
C04279,2026-06-28,Instagram,Family Pressure,Short,Visual,Question,36,2236,235959,198,22,21,10,0.63,3,11.225,0.476,9.6154,0.0700438282647585,Viral
C01009,2026-06-28,YouTube,Family Pressure,Short,Visual,List,16,13040,203161,954,101,152,64,0.736,35,9.747,0.421,9.2983,0.08147960122699387,Viral
C02087,2026-06-28,Instagram,College Life,Short,Visual,List,8,9652,8150,398,37,71,79,0.54,18,6.061,1.113,6.4805,0.06034065478657274,Non-Viral
C03388,2026-06-28,Instagram,Career Stress,Long,Visual,Advice,59,13012,156263,723,101,147,107,0.486,40,8.285,0.728,8.9763,0.05731503227789733,Non-Viral
C01714,2026-06-28,Instagram,Burnout,Short,Visual,Question,21,99022,142898,7803,878,1461,962,0.488,493,11.214,0.658,11.6393,0.05968394498192321,Non-Viral
C02057,2026-06-28,YouTube,College Life,Short,Text,Story,48,22341,139424,1452,113,219,208,0.502,89,8.916,0.95,8.8112,0.05816293809587754,Non-Viral
C00662,2026-06-28,YouTube,College Life,Long,Text,Question,29,54340,47870,3651,366,427,345,0.435,212,8.813,0.808,7.9969,0.04995104895104895,Non-Viral
C01591,2026-06-28,Instagram,Family Pressure,Short,Text,List,28,144993,211835,7353,311,353,1210,0.569,394,6.364,3.428,5.2568,0.06082087893898326,Non-Viral
C03946,2026-06-28,Instagram,Social Anxiety,Long,Text,Story,36,5222,47961,303,19,34,46,0.402,27,7.698,1.353,7.162,0.04631834546150901,Non-Viral
C03473,2026-06-28,Instagram,Career Stress,Short,Text,Confession,26,44567,158138,2326,137,381,360,0.62,46,7.189,0.945,7.2509,0.06873143805955079,Viral
C04705,2026-06-28,Instagram,Self-Doubt,Short,Visual,List,25,12671,173133,1419,131,166,174,0.522,18,14.916,1.048,13.8268,0.063765780127851,Non-Viral
C01232,2026-06-28,YouTube,College Life,Long,Text,Story,26,158381,71936,4974,335,1170,762,0.35,285,4.572,0.651,5.0659,0.04008489023304562,Non-Viral
C02400,2026-06-28,YouTube,Social Anxiety,Short,Visual,Confession,48,2740,199656,217,21,13,14,0.548,11,9.672,1.077,7.5547,0.05961751824817519,Non-Viral
C00013,2026-06-28,Instagram,Career Stress,Short,Text,List,29,16466,166383,641,33,139,81,0.666,19,5.429,0.583,5.7634,0.07217512449896758,Viral
C03680,2026-06-28,Instagram,Career Stress,Short,Text,Advice,52,46735,116866,2778,269,418,194,0.637,51,7.829,0.464,7.3489,0.0698335187760779,Viral
C03014,2026-06-28,Instagram,Social Anxiety,Short,Visual,Story,42,149600,50368,13908,977,624,1134,0.675,670,11.125,1.817,8.3954,0.07263068181818182,Viral
C01349,2026-06-28,Instagram,Dating,Short,Text,List,43,100982,30343,4736,416,692,782,0.451,366,6.562,1.13,6.5675,0.05112483610940564,Non-Viral
C03958,2026-06-28,YouTube,Career Stress,Short,Visual,Question,30,61748,60161,3644,390,370,501,0.529,204,7.944,1.354,7.3185,0.058977929649543306,Non-Viral
C00377,2026-06-28,Instagram,Burnout,Short,Text,Advice,20,47854,26533,1504,200,284,93,0.454,63,4.349,0.327,4.3675,0.04928055334977223,Non-Viral
C01573,2026-06-28,Instagram,Dating,Short,Text,Confession,28,67214,164689,3723,361,363,284,0.571,159,7.039,0.782,6.0404,0.0616035260511203,Non-Viral
C04932,2026-06-28,Instagram,Social Anxiety,Short,Visual,Confession,30,18307,161565,1797,96,281,144,0.548,52,12.662,0.512,11.8725,0.06485353143606272,Non-Viral
C03229,2026-06-29,YouTube,Social Anxiety,Short,Visual,List,28,144715,79444,8926,523,1733,378,0.566,240,7.988,0.218,7.7411,0.06331457692706353,Non-Viral
C03267,2026-06-29,Instagram,Social Anxiety,Short,Visual,Story,36,50947,192631,4244,663,634,973,0.563,149,12.786,1.535,13.6701,0.06958144934932381,Viral
C04091,2026-06-29,Instagram,Social Anxiety,Short,Text,List,25,94052,45077,6063,616,1034,1024,0.437,410,9.29,0.99,9.6813,0.05289597669374389,Non-Viral
C00739,2026-06-29,Instagram,Burnout,Long,Visual,Story,52,109836,200719,6940,610,1461,1353,0.547,576,9.436,0.926,10.4465,0.06521431224735061,Non-Viral
C04445,2026-06-29,Instagram,Social Anxiety,Short,Visual,Question,49,111936,26197,7633,779,938,791,0.7,145,9.06,0.843,8.3807,0.07693476629502573,Viral
C00603,2026-06-29,YouTube,Burnout,Long,Text,List,34,83472,174770,3040,85,265,252,0.357,107,4.363,0.951,3.5299,0.03818706152961472,Non-Viral
C01449,2026-06-29,YouTube,Dating,Long,Visual,Story,35,19285,109579,857,144,210,65,0.394,33,6.617,0.31,7.2829,0.04643137153227898,Non-Viral
C01282,2026-06-29,YouTube,Career Stress,Short,Text,Advice,35,137002,199705,5026,170,690,382,0.566,159,4.575,0.554,4.089,0.059889003080247,Non-Viral
C01002,2026-06-29,Instagram,Self-Doubt,Short,Visual,Advice,41,174129,117088,15713,718,1873,1530,0.725,282,11.39,0.817,10.1146,0.08059486070671742,Viral
C01281,2026-06-29,Instagram,Dating,Short,Text,Question,45,52195,33643,2369,258,200,230,0.521,126,5.857,1.15,5.0417,0.05588771913018489,Non-Viral
C02344,2026-06-29,Instagram,Career Stress,Long,Text,Advice,34,61799,56162,3109,240,331,413,0.416,66,6.623,1.248,6.0414,0.046597653683716565,Non-Viral
C01602,2026-06-29,YouTube,Burnout,Short,Visual,Question,32,73915,54276,4396,205,725,253,0.665,111,7.548,0.349,7.0168,0.07235672732192383,Viral
C00471,2026-06-29,Instagram,Self-Doubt,Short,Visual,Advice,22,137161,7297,7773,1095,1012,411,0.518,159,7.503,0.406,6.8438,0.057216627175363265,Non-Viral
C03930,2026-06-29,Instagram,College Life,Short,Visual,List,45,142267,241407,7826,568,695,1282,0.58,509,7.29,1.845,6.6171,0.06350057286651156,Non-Viral
C00215,2026-06-29,YouTube,Dating,Long,Visual,Confession,20,94578,202343,5542,309,347,272,0.502,247,6.841,0.784,5.0958,0.053203869821734445,Non-Viral
C04069,2026-06-29,Instagram,Social Anxiety,Short,Text,Advice,13,133725,104672,6240,697,1298,465,0.46,120,6.506,0.358,6.7224,0.05219293325855301,Non-Viral
C04339,2026-06-29,YouTube,Family Pressure,Short,Text,Confession,40,162681,93544,10767,735,1653,1257,0.474,276,8.859,0.76,8.5806,0.05496818559020414,Non-Viral
C00631,2026-06-29,Instagram,Self-Doubt,Short,Text,Advice,8,176320,175394,11322,827,1238,743,0.549,327,8.014,0.6,6.8634,0.06002732531760436,Non-Viral
C00805,2026-06-29,YouTube,Family Pressure,Short,Text,List,34,160638,234846,4117,226,279,500,0.501,270,3.189,1.792,2.6361,0.052026381055541034,Non-Viral
C03195,2026-06-29,YouTube,Social Anxiety,Short,Visual,List,11,71515,216659,7500,658,1050,329,0.567,337,13.336,0.313,11.9485,0.06606726560861358,Non-Viral
C00757,2026-06-29,Instagram,Social Anxiety,Long,Visual,Question,37,107749,103967,5975,326,939,289,0.457,125,6.988,0.308,6.3773,0.050880094478835076,Non-Viral
C03650,2026-06-29,YouTube,Friendship,Short,Visual,Question,52,168130,122832,14386,1071,632,1091,0.717,448,10.218,1.726,7.6593,0.07629376672812704,Viral
C00432,2026-06-29,Instagram,Social Anxiety,Short,Text,List,23,40807,240865,4440,227,503,569,0.545,138,14.064,1.131,12.7613,0.06506436395716422,Non-Viral
C02058,2026-06-29,YouTube,Burnout,Long,Text,Confession,29,130630,17063,3557,267,372,401,0.413,201,3.519,1.078,3.1363,0.04380899487100973,Non-Viral
C04307,2026-06-29,Instagram,Self-Doubt,Short,Visual,Story,25,106219,222659,14577,465,510,1583,0.598,175,16.132,3.104,11.9395,0.0670882440994549,Viral
C03849,2026-06-29,Instagram,Career Stress,Long,Text,Question,25,26958,183957,788,54,152,119,0.338,35,4.129,0.783,4.3364,0.037962029824170934,Non-Viral
C01861,2026-06-29,Instagram,Dating,Long,Text,List,55,98515,207555,2377,311,366,513,0.462,154,3.621,1.402,3.836,0.04990755722478811,Non-Viral
C01139,2026-06-30,YouTube,Career Stress,Short,Visual,Story,43,128866,35294,11031,1134,1872,988,0.615,824,11.659,0.528,11.4914,0.07165706237487002,Viral
C01513,2026-06-30,YouTube,Self-Doubt,Short,Visual,Confession,31,154627,13994,14198,1222,1870,1609,0.561,198,12.222,0.86,11.4857,0.06584926759233511,Non-Viral
C01845,2026-06-30,YouTube,Self-Doubt,Short,Text,Advice,34,56658,249981,4948,552,217,683,0.474,150,11.296,3.147,9.3879,0.054201334321719793,Non-Viral
C03362,2026-06-30,Instagram,Friendship,Short,Text,Story,37,9939,221849,800,44,98,91,0.519,26,10.393,0.929,9.4778,0.05974787201931784,Non-Viral
C03626,2026-06-30,Instagram,Career Stress,Short,Visual,Confession,18,178483,123513,12967,498,1151,2082,0.626,615,9.356,1.809,8.3187,0.06941997725273556,Viral
C01036,2026-06-30,YouTube,Burnout,Long,Text,Advice,40,95764,126571,6709,572,888,792,0.492,316,9.357,0.892,8.8347,0.056749809949459086,Non-Viral
C04193,2026-06-30,YouTube,Dating,Long,Visual,List,28,91352,195421,3518,339,401,556,0.414,264,5.27,1.387,5.0163,0.0457578684648393,Non-Viral
C02638,2026-06-30,Instagram,Family Pressure,Long,Visual,Confession,37,1928,41316,214,19,27,12,0.63,10,14.108,0.444,12.4741,0.07264730290456431,Viral
C01722,2026-06-30,Instagram,Dating,Short,Text,Story,33,83998,34291,3885,202,245,428,0.489,87,5.667,1.747,4.5674,0.052101861949094025,Non-Viral
C01394,2026-06-30,Instagram,Self-Doubt,Short,Text,Story,21,83910,147696,2929,226,390,115,0.565,174,4.362,0.295,3.8178,0.05940668573471576,Non-Viral
C00062,2026-06-30,YouTube,Social Anxiety,Short,Text,Question,22,7562,242889,310,31,11,16,0.514,14,4.866,1.455,3.5242,0.05330425813276911,Non-Viral
C01966,2026-06-30,Instagram,Family Pressure,Short,Text,Advice,70,120535,59122,4718,371,780,758,0.629,202,5.498,0.972,5.6179,0.06816029783880201,Viral
C00059,2026-06-30,Instagram,College Life,Long,Text,Confession,29,176105,59303,6710,1012,973,1002,0.285,181,5.506,1.03,5.5626,0.033555222736435644,Non-Viral
C03263,2026-06-30,YouTube,Social Anxiety,Short,Text,List,39,129199,30021,9961,1063,1464,1034,0.472,445,10.466,0.706,10.0891,0.055934200729107805,Non-Viral
C01742,2026-06-30,YouTube,Friendship,Short,Text,Story,32,109172,133958,4572,659,700,667,0.541,267,6.044,0.953,6.1449,0.05972369472025795,Non-Viral
C03494,2026-06-30,YouTube,Friendship,Short,Text,List,26,78991,96941,6183,653,960,940,0.549,267,11.059,0.979,11.1798,0.0651790191287615,Non-Viral
C02115,2026-06-30,Instagram,Family Pressure,Short,Visual,Confession,45,109919,152234,5151,309,551,268,0.625,189,5.712,0.486,4.7562,0.06590887380707612,Non-Viral
C03028,2026-07-01,Instagram,Career Stress,Short,Visual,Story,28,32413,36276,2194,117,179,219,0.587,108,8.358,1.223,6.9339,0.06375352790547004,Non-Viral
C02987,2026-07-01,YouTube,Family Pressure,Long,Visual,List,24,40838,196669,1098,167,226,238,0.543,41,4.234,1.053,4.7835,0.059152098535677565,Non-Viral
C02043,2026-07-01,YouTube,Dating,Long,Visual,Question,56,44766,141318,3827,135,458,433,0.515,152,10.841,0.945,9.7306,0.05945804851896529,Non-Viral
C03076,2026-07-01,Instagram,Self-Doubt,Long,Text,Story,13,118137,17502,7260,450,852,1131,0.383,263,8.205,1.327,7.7224,0.04498884430787983,Non-Viral
C00391,2026-07-01,Instagram,Career Stress,Long,Visual,Story,49,29056,54224,1555,100,178,102,0.554,95,6.66,0.573,5.732,0.059726128854625554,Non-Viral
C02294,2026-07-01,YouTube,Burnout,Short,Visual,Question,24,102882,115682,7536,707,1396,1211,0.411,300,10.546,0.867,11.1181,0.05176804688866857,Non-Viral
C00512,2026-07-01,YouTube,College Life,Long,Text,Question,31,80138,121151,3249,245,843,703,0.458,268,6.289,0.834,7.396,0.0536240035938007,Non-Viral
C04778,2026-07-01,YouTube,Social Anxiety,Short,Visual,Question,29,120734,23417,7585,291,835,1198,0.576,515,8.207,1.435,7.5621,0.06405054417148442,Non-Viral
C03020,2026-07-01,Instagram,Social Anxiety,Short,Visual,Advice,41,98285,106609,6417,1147,1573,535,0.542,314,9.841,0.34,10.905,0.06478554204609045,Non-Viral
C02325,2026-07-01,Instagram,College Life,Short,Visual,Confession,33,44466,57884,2834,267,174,237,0.671,116,7.898,1.362,6.3273,0.07136055862906492,Viral
C02403,2026-07-01,Instagram,Dating,Short,Visual,Question,53,176908,45994,16019,983,1234,1146,0.531,771,10.956,0.929,8.7492,0.059015786736608865,Non-Viral
C04470,2026-07-01,Instagram,Social Anxiety,Long,Visual,List,23,116752,137422,3847,339,469,515,0.593,128,4.428,1.098,4.1704,0.06286653419213376,Non-Viral
C01899,2026-07-01,Instagram,Career Stress,Short,Text,Story,32,15267,72738,1530,128,189,126,0.602,31,12.923,0.667,11.6329,0.06950438200039301,Viral
C02125,2026-07-01,Instagram,College Life,Long,Visual,Confession,14,21332,102341,1071,110,156,67,0.419,29,6.582,0.429,6.1059,0.04690656291018189,Non-Viral
C00878,2026-07-01,YouTube,Dating,Short,Text,Story,38,12252,182079,347,23,77,60,0.508,23,4.138,0.779,4.5625,0.05537884427032322,Non-Viral
C04815,2026-07-01,Instagram,College Life,Short,Text,Story,24,133387,166172,8058,1122,1385,484,0.56,396,8.283,0.349,8.123,0.06302279832367473,Non-Viral
C00378,2026-07-01,Instagram,Career Stress,Short,Visual,Confession,38,106008,213471,9878,350,496,992,0.57,355,11.052,2.0,8.4296,0.0624080824088748,Non-Viral
C00463,2026-07-01,Instagram,Family Pressure,Short,Text,Confession,28,122489,119030,5310,436,584,728,0.472,306,5.762,1.247,5.3205,0.05166244152536146,Non-Viral
C03252,2026-07-01,Instagram,College Life,Short,Visual,List,35,143177,99936,14547,1135,1250,957,0.456,766,12.494,0.766,10.2251,0.0527230015994189,Non-Viral
C03472,2026-07-01,Instagram,Career Stress,Long,Text,Confession,42,176585,172848,8463,603,1110,981,0.323,437,6.318,0.884,5.9054,0.03730750346858454,Non-Viral
C02172,2026-07-01,Instagram,Career Stress,Long,Text,Story,56,131384,18200,12608,915,1214,489,0.469,626,11.589,0.403,9.3592,0.05321926261949704,Non-Viral
C04647,2026-07-01,Instagram,Burnout,Short,Text,Advice,45,88429,83600,3249,311,436,320,0.565,134,4.881,0.734,4.5675,0.060331887729138625,Non-Viral
C04202,2026-07-01,Instagram,Self-Doubt,Long,Visual,Advice,35,98979,241241,2107,184,423,195,0.547,70,2.939,0.461,3.0193,0.05749301670051223,Non-Viral
C04997,2026-07-01,Instagram,Dating,Short,Visual,Advice,25,77845,248142,8995,789,1498,1257,0.58,297,16.108,0.839,16.3003,0.07302408632539019,Viral
C03183,2026-07-01,Instagram,Social Anxiety,Short,Visual,Confession,39,13259,88556,1731,50,127,216,0.761,45,16.019,1.701,13.225,0.0858631797269779,Viral
C00360,2026-07-01,Instagram,College Life,Long,Visual,Confession,36,105243,139967,8006,279,1031,975,0.412,385,9.778,0.946,8.993,0.04878530258544511,Non-Viral
C01984,2026-07-02,Instagram,College Life,Short,Visual,Advice,26,110685,245497,5772,640,1536,702,0.577,494,7.815,0.457,8.9064,0.06671477164927497,Viral
C03053,2026-07-02,Instagram,Dating,Short,Text,Advice,42,159951,195278,13587,1736,2203,600,0.539,700,11.332,0.272,10.7574,0.06285117879850705,Non-Viral
C01378,2026-07-02,YouTube,Self-Doubt,Short,Visual,Confession,18,12523,233687,751,35,69,98,0.603,20,7.61,1.42,6.6358,0.06554634672203147,Non-Viral
C04534,2026-07-02,Instagram,Career Stress,Short,Text,Confession,8,132671,80218,7097,461,827,651,0.484,293,6.811,0.787,6.0473,0.05319833573275245,Non-Viral
C03466,2026-07-02,Instagram,Self-Doubt,Short,Visual,Advice,17,6619,187272,426,51,87,84,0.586,19,9.79,0.966,10.8551,0.06947777609910863,Viral
C03615,2026-07-02,Instagram,Self-Doubt,Long,Visual,Story,57,59713,59769,3057,429,612,524,0.456,132,7.74,0.856,8.4672,0.05392230837506071,Non-Viral
C03768,2026-07-02,YouTube,College Life,Short,Text,Advice,25,140742,104435,3090,190,610,236,0.408,119,2.932,0.387,2.9359,0.043455923604894066,Non-Viral
C04559,2026-07-02,Instagram,Career Stress,Short,Text,Story,54,60485,141149,3720,181,311,538,0.607,347,7.853,1.73,6.8455,0.06613109861949244,Non-Viral
C03457,2026-07-02,Instagram,Family Pressure,Short,Text,Advice,39,68260,29567,4653,501,291,552,0.589,112,8.786,1.897,7.4055,0.06434535599179607,Non-Viral
C00895,2026-07-02,YouTube,Social Anxiety,Long,Text,Question,31,143052,200634,9015,877,1540,1702,0.463,192,9.181,1.105,9.6797,0.05563331935240333,Non-Viral
C01234,2026-07-02,Instagram,Self-Doubt,Long,Visual,List,37,27232,51852,1551,163,105,301,0.506,73,7.785,2.867,7.113,0.056548883666274974,Non-Viral
C03585,2026-07-02,Instagram,Family Pressure,Short,Visual,Confession,48,80507,192938,8592,472,1145,524,0.513,389,13.332,0.458,11.7841,0.06053211646192257,Non-Viral
C03366,2026-07-02,Instagram,Friendship,Short,Visual,List,45,142076,28080,12123,1696,813,746,0.645,302,10.824,0.918,8.8238,0.07044083448295278,Viral
C02049,2026-07-02,YouTube,Career Stress,Short,Visual,List,21,91127,48286,6545,676,871,1112,0.594,290,10.1,1.277,10.0119,0.06847469794901621,Viral
C01065,2026-07-02,YouTube,Dating,Short,Visual,Story,22,36220,130505,1818,182,101,94,0.543,95,6.06,0.931,4.619,0.05708713418001105,Non-Viral
C03723,2026-07-02,Instagram,Dating,Long,Text,Story,31,128782,123904,8117,772,1272,1101,0.621,346,8.745,0.866,8.7237,0.0700087139507074,Viral
C03167,2026-07-02,Instagram,College Life,Short,Text,Story,29,68107,69465,2766,263,301,261,0.514,163,5.273,0.867,4.7022,0.055117679533674954,Non-Viral
C01667,2026-07-02,Instagram,Burnout,Long,Text,Confession,36,145668,94430,4179,144,672,543,0.406,227,3.802,0.808,3.7122,0.043942532333800154,Non-Viral
C04806,2026-07-02,Instagram,Burnout,Long,Text,Confession,65,63378,189114,2248,129,412,472,0.464,153,5.145,1.146,5.5185,0.051864830067215754,Non-Viral
C03096,2026-07-02,Instagram,Friendship,Short,Visual,List,29,90433,243477,5926,488,1329,397,0.558,544,9.001,0.299,9.3727,0.06453961938672831,Non-Viral
C02348,2026-07-02,YouTube,Dating,Short,Visual,Advice,35,69186,75156,7721,577,365,702,0.523,118,13.536,1.923,10.4429,0.05896897927326338,Non-Viral
C02352,2026-07-02,YouTube,Burnout,Short,Visual,Advice,55,145951,205059,7699,511,908,816,0.61,368,6.806,0.899,6.1473,0.06600202122630197,Non-Viral
C02044,2026-07-02,Instagram,Career Stress,Short,Visual,Advice,27,6117,247787,268,33,44,49,0.604,14,6.441,1.114,6.7598,0.06684923982344286,Viral
C02362,2026-07-02,YouTube,Dating,Short,Visual,List,40,108814,124446,6187,834,1227,990,0.648,227,8.49,0.807,9.195,0.07375335159078795,Viral
C04315,2026-07-02,Instagram,Friendship,Long,Visual,Advice,47,4946,200284,159,21,18,36,0.437,5,4.731,2.0,4.7918,0.048158147998382535,Non-Viral
C02099,2026-07-02,Instagram,Burnout,Long,Text,Advice,40,141989,7121,8028,403,794,405,0.39,390,6.782,0.51,5.5008,0.04279782940932045,Non-Viral
C04845,2026-07-02,Instagram,Self-Doubt,Short,Text,Question,24,129675,152302,8343,854,1302,1603,0.506,188,9.333,1.231,9.6892,0.05981457489878543,Non-Viral
C04065,2026-07-03,Instagram,Friendship,Short,Visual,Question,54,26480,244681,2157,162,362,399,0.558,102,11.631,1.102,12.1054,0.06738987915407856,Viral
C00493,2026-07-03,Instagram,Social Anxiety,Long,Text,Question,42,13595,233592,601,34,35,88,0.54,17,5.576,2.514,4.6524,0.057475542478852525,Non-Viral
C01098,2026-07-03,YouTube,Self-Doubt,Short,Visual,Confession,52,73271,158206,6119,988,1452,284,0.69,259,12.069,0.196,12.9185,0.0811030148353373,Viral
C03992,2026-07-03,YouTube,Dating,Short,Visual,Story,45,148179,125076,13598,1822,741,1798,0.644,662,12.12,2.426,10.3598,0.07213490170671957,Viral
C01073,2026-07-03,Instagram,Family Pressure,Long,Visual,Story,29,18854,140162,2004,149,256,215,0.446,49,13.917,0.84,12.854,0.055316558820409464,Non-Viral
C03991,2026-07-03,Instagram,Dating,Long,Visual,List,11,38437,22749,2865,284,458,108,0.376,123,9.665,0.236,8.9718,0.04491326586362099,Non-Viral
C04264,2026-07-03,YouTube,College Life,Short,Visual,List,47,115291,241275,3273,191,440,570,0.521,182,3.881,1.295,3.8017,0.055549098368476296,Non-Viral
C04546,2026-07-03,YouTube,Burnout,Short,Text,Story,47,49447,112857,3429,384,344,602,0.51,158,9.624,1.75,9.1542,0.05894790381620726,Non-Viral
C04337,2026-07-03,Instagram,Friendship,Short,Text,Story,11,102936,192010,5696,718,845,716,0.367,91,7.748,0.847,7.6669,0.04352705758918163,Non-Viral
C03569,2026-07-03,Instagram,Dating,Short,Text,Question,19,75566,80843,7702,830,1258,367,0.558,358,13.441,0.292,12.7094,0.0663960352539502,Non-Viral
C04880,2026-07-03,Instagram,Burnout,Long,Text,List,53,97033,143903,4148,229,628,347,0.465,65,5.516,0.553,5.1482,0.05083924541135491,Non-Viral
C01790,2026-07-03,Instagram,Social Anxiety,Short,Visual,List,29,27051,128544,2342,313,344,132,0.526,67,11.574,0.384,10.8554,0.06152203615393147,Non-Viral
C04604,2026-07-03,Instagram,Self-Doubt,Long,Visual,Question,44,119388,73217,5484,569,359,592,0.436,290,5.867,1.649,4.9054,0.04715563373203337,Non-Viral
C02514,2026-07-03,YouTube,Career Stress,Long,Visual,Question,34,55243,118400,3315,310,493,273,0.486,80,7.949,0.554,7.5077,0.05494016979526818,Non-Viral
C04784,2026-07-03,Instagram,Self-Doubt,Long,Visual,Advice,31,94227,205710,5568,460,983,560,0.493,331,8.035,0.57,8.0051,0.05650971696010698,Non-Viral
C02503,2026-07-03,YouTube,Friendship,Short,Visual,Confession,30,118165,183369,7104,745,1005,859,0.624,204,8.22,0.855,7.9571,0.06935383573816274,Viral
C03708,2026-07-03,Instagram,Burnout,Short,Visual,List,37,162329,12687,11046,416,568,801,0.594,207,7.904,1.41,5.8234,0.06283931152166279,Non-Viral
C02429,2026-07-03,YouTube,Friendship,Long,Text,Story,44,160049,188746,4909,239,339,802,0.363,222,3.929,2.366,3.3952,0.03898042911858243,Non-Viral
C02606,2026-07-03,Instagram,Dating,Long,Visual,List,36,129841,224774,7510,1361,711,919,0.411,621,8.088,1.293,7.5227,0.04725984165248265,Non-Viral
C01995,2026-07-03,Instagram,Dating,Short,Visual,List,30,72222,57096,3135,441,653,280,0.629,278,6.243,0.429,6.5742,0.06904771122372684,Viral
C04899,2026-07-03,YouTube,Dating,Short,Visual,Confession,40,150161,64426,17137,512,2197,2304,0.697,741,14.751,1.049,13.6757,0.08139844367046037,Viral
C03282,2026-07-03,YouTube,Friendship,Short,Visual,Confession,27,161792,174084,11908,1284,721,1300,0.628,614,9.403,1.803,7.8144,0.06840627225079114,Viral
C00247,2026-07-04,Instagram,Burnout,Short,Text,Story,29,77402,152086,6806,233,440,763,0.483,207,10.648,1.734,8.525,0.054266900080101294,Non-Viral
C04043,2026-07-04,YouTube,Family Pressure,Long,Text,Story,26,131032,236697,7383,561,1006,1012,0.47,394,7.603,1.006,7.3074,0.05341408205629159,Non-Viral
C02365,2026-07-04,YouTube,Self-Doubt,Long,Text,List,14,65976,89796,2924,152,539,385,0.386,175,6.063,0.714,6.1795,0.04437255365587486,Non-Viral
C04860,2026-07-04,YouTube,Self-Doubt,Short,Visual,Advice,23,65880,64438,4460,223,284,551,0.605,162,8.376,1.94,6.8587,0.06545673952641165,Non-Viral
C01674,2026-07-04,Instagram,Family Pressure,Long,Visual,Confession,38,13054,211549,539,21,68,19,0.368,15,4.956,0.279,4.1596,0.03982206220315612,Non-Viral
C03700,2026-07-04,YouTube,Social Anxiety,Short,Visual,Story,27,171843,68954,17554,2130,2501,2215,0.576,1106,14.199,0.886,13.911,0.06987544910179641,Viral
C01301,2026-07-04,Instagram,Self-Doubt,Short,Visual,Confession,35,156480,234156,8322,1161,1229,786,0.571,391,7.348,0.64,7.1329,0.06325414110429448,Non-Viral
C00042,2026-07-04,Instagram,Social Anxiety,Short,Text,Advice,27,171935,175143,13264,446,1500,1069,0.54,275,9.468,0.713,8.1071,0.06018024253351558,Non-Viral
C03634,2026-07-04,Instagram,College Life,Short,Visual,Story,52,147004,12328,7821,237,1200,508,0.554,441,6.643,0.423,6.042,0.06035190607058312,Non-Viral
C00051,2026-07-04,Instagram,Social Anxiety,Short,Text,Confession,33,97695,180320,7668,908,1358,717,0.527,671,10.902,0.528,10.9565,0.06255106709657608,Non-Viral
C01868,2026-07-04,Instagram,Burnout,Long,Visual,Advice,32,92544,22196,6386,662,677,455,0.388,123,8.839,0.672,7.7012,0.04463992479253112,Non-Viral
C00014,2026-07-04,Instagram,College Life,Short,Text,Confession,44,123771,18311,7499,588,1482,484,0.461,405,8.122,0.327,8.1162,0.05337391715345275,Non-Viral
C00234,2026-07-04,Instagram,Career Stress,Short,Visual,Story,36,164889,233914,8253,778,732,716,0.546,266,6.355,0.978,5.4106,0.05860815093790369,Non-Viral
C03133,2026-07-04,Instagram,Career Stress,Short,Visual,Question,30,82085,109779,2164,313,357,156,0.608,98,3.643,0.437,3.575,0.06389922641164647,Non-Viral
C04239,2026-07-04,YouTube,College Life,Short,Visual,List,8,53058,172654,3219,213,645,212,0.554,177,8.084,0.329,8.0817,0.0626712880244261,Non-Viral
C03048,2026-07-04,Instagram,Friendship,Short,Visual,Advice,22,112374,192397,8782,1094,661,480,0.56,475,9.804,0.726,7.9867,0.06138870201292115,Non-Viral
C02422,2026-07-04,Instagram,Burnout,Short,Text,Confession,17,8698,229825,276,33,57,16,0.49,5,4.392,0.281,4.4895,0.053069901126695795,Non-Viral
C02605,2026-07-04,YouTube,Burnout,Short,Visual,Story,22,66564,217173,2348,116,175,417,0.54,168,4.591,2.383,4.0668,0.057323868757887156,Non-Viral
C03784,2026-07-04,Instagram,Family Pressure,Short,Visual,Advice,33,173695,184570,16886,1344,1904,2379,0.553,419,12.961,1.249,12.0493,0.06550236621664413,Non-Viral
C03346,2026-07-04,YouTube,Social Anxiety,Long,Visual,Story,48,87407,66722,3627,266,510,234,0.44,103,5.305,0.459,4.8171,0.0478852723466084,Non-Viral
C04576,2026-07-05,Instagram,Friendship,Short,Visual,Question,63,77466,208093,6021,293,1215,1056,0.636,145,11.082,0.869,11.8852,0.07531481682286423,Viral
C02943,2026-07-05,YouTube,Family Pressure,Short,Visual,Question,19,66103,135778,4995,590,356,783,0.615,135,10.172,2.199,9.1017,0.06881585555874922,Viral
C03582,2026-07-05,Instagram,Friendship,Short,Text,List,17,17295,160896,964,171,240,116,0.488,36,8.621,0.483,9.7745,0.0585398091934085,Non-Viral
C04423,2026-07-05,Instagram,Self-Doubt,Short,Text,Confession,31,3157,153934,253,26,42,42,0.557,15,11.498,1.0,11.8942,0.06691317706683561,Viral
C03906,2026-07-05,YouTube,Family Pressure,Long,Text,Advice,42,16379,140271,1115,54,141,100,0.332,61,8.609,0.709,7.7019,0.03940001221075768,Non-Viral
C03112,2026-07-05,YouTube,College Life,Short,Text,Confession,38,116805,88703,5753,724,858,557,0.409,196,6.757,0.649,6.5498,0.04656585334531912,Non-Viral
C04733,2026-07-05,Instagram,Self-Doubt,Short,Visual,Story,38,77778,40137,5917,409,814,637,0.619,113,9.999,0.783,9.3703,0.06985533441333025,Viral
C01822,2026-07-05,Instagram,Burnout,Short,Text,Question,50,147844,188114,6051,465,461,477,0.304,300,5.042,1.035,4.0989,0.03324286139444279,Non-Viral
C02174,2026-07-05,Instagram,Dating,Short,Visual,List,24,107226,207009,3884,141,571,573,0.616,154,4.821,1.004,4.6747,0.06579674332717811,Non-Viral
C01134,2026-07-05,Instagram,Dating,Long,Visual,List,10,137547,228798,6489,558,490,243,0.638,416,5.656,0.496,4.3894,0.06654160832297325,Viral
C04278,2026-07-05,Instagram,Self-Doubt,Short,Visual,Confession,52,74169,126019,5188,368,1040,380,0.496,177,9.406,0.365,9.473,0.05819119038951584,Non-Viral
C02843,2026-07-05,YouTube,Burnout,Long,Text,Advice,8,98758,103860,4469,341,627,560,0.388,146,6.072,0.893,5.8193,0.04387604447234655,Non-Viral
C02783,2026-07-05,YouTube,Social Anxiety,Short,Visual,Confession,40,177013,114315,12190,1321,1807,2305,0.653,284,9.956,1.276,10.2295,0.07491963245637327,Viral
C02281,2026-07-05,Instagram,Dating,Short,Visual,Question,54,170698,187191,7855,428,308,264,0.561,313,5.188,0.857,3.5276,0.05775204044569943,Non-Viral
C00742,2026-07-05,Instagram,Social Anxiety,Long,Visual,Confession,58,46855,156692,6159,196,999,772,0.448,225,17.343,0.773,16.8915,0.0599648703446804,Non-Viral
C04841,2026-07-05,Instagram,Friendship,Short,Visual,Confession,33,109544,7271,9000,719,1595,1666,0.65,166,11.849,1.045,12.5023,0.07709924779084204,Viral
C01275,2026-07-05,YouTube,Social Anxiety,Short,Visual,Story,19,112062,174263,5415,315,1337,946,0.644,449,7.151,0.708,8.1053,0.07272307115703806,Viral
C01671,2026-07-05,YouTube,Career Stress,Short,Text,List,45,75436,197051,3403,199,488,372,0.544,103,5.915,0.762,5.5782,0.05918617636141896,Non-Viral
C04846,2026-07-05,Instagram,Self-Doubt,Short,Visual,Question,11,76651,234641,4657,433,694,309,0.559,189,7.949,0.445,7.4076,0.06203103547246612,Non-Viral
C00489,2026-07-05,Instagram,Dating,Long,Visual,Question,50,3228,106209,136,15,16,15,0.587,5,5.638,0.938,5.22,0.06302156133828997,Non-Viral
C03145,2026-07-05,Instagram,Burnout,Short,Text,Question,28,83350,23177,6471,382,1226,996,0.559,413,10.888,0.812,11.3719,0.06679142171565687,Viral
C01204,2026-07-05,YouTube,Dating,Short,Text,Advice,26,119778,19855,4447,448,300,504,0.558,206,4.758,1.68,4.0103,0.05875045834794371,Non-Viral
C02176,2026-07-05,Instagram,Friendship,Short,Visual,Story,45,82656,70174,9745,303,1620,602,0.638,540,14.845,0.372,13.7812,0.07535451509872243,Viral
C04289,2026-07-05,YouTube,College Life,Short,Visual,Story,48,146385,32102,3623,299,679,182,0.515,239,3.267,0.268,3.1841,0.0542666769136182,Non-Viral
C04772,2026-07-05,YouTube,Family Pressure,Long,Visual,Question,55,71036,201186,3490,150,672,607,0.533,228,6.925,0.903,7.3202,0.060437226195168656,Non-Viral
C04629,2026-07-05,YouTube,Career Stress,Long,Visual,Question,30,41430,44235,2983,129,332,300,0.436,139,9.037,0.904,7.9194,0.04984547429398986,Non-Viral
C04053,2026-07-05,YouTube,Social Anxiety,Long,Text,Question,37,98399,28252,5869,415,1229,624,0.602,194,8.269,0.508,8.6302,0.06835557068669397,Viral
C00128,2026-07-05,Instagram,Friendship,Long,Visual,Question,18,85849,123872,2984,282,459,384,0.38,149,4.786,0.837,4.7292,0.04224058521357267,Non-Viral
C04080,2026-07-05,YouTube,Social Anxiety,Short,Visual,Advice,52,152700,207913,8584,1265,1428,963,0.573,683,8.016,0.674,8.1202,0.06464282907662082,Non-Viral
C00207,2026-07-05,YouTube,Friendship,Short,Text,Confession,36,21721,93304,1753,136,191,151,0.55,59,10.271,0.791,9.0028,0.06198172275677916,Non-Viral
C04636,2026-07-05,YouTube,Social Anxiety,Short,Text,Confession,48,83944,180784,3830,593,676,439,0.571,163,6.597,0.649,6.8027,0.06335238254074145,Non-Viral
C00714,2026-07-05,Instagram,Dating,Short,Text,Question,47,55422,109978,2848,164,357,435,0.558,106,6.864,1.218,6.5155,0.06149719605932663,Non-Viral
C00657,2026-07-06,Instagram,Friendship,Long,Visual,List,21,139735,100507,9202,592,1159,603,0.396,163,8.27,0.52,7.2795,0.045262504025476796,Non-Viral
C04286,2026-07-06,Instagram,College Life,Short,Text,Advice,21,168820,195958,10122,1576,1067,778,0.554,465,8.022,0.729,7.216,0.06102699917071437,Non-Viral
C03187,2026-07-06,Instagram,College Life,Short,Visual,Confession,59,90201,155804,4221,310,434,214,0.659,192,5.742,0.493,4.7732,0.06929242358732166,Viral
C02121,2026-07-06,Instagram,College Life,Short,Visual,List,33,51971,198111,1226,115,169,115,0.449,52,3.127,0.68,2.9295,0.04735906370860673,Non-Viral
C01148,2026-07-06,Instagram,Friendship,Short,Visual,Confession,18,173649,142508,15530,1591,2749,1119,0.52,323,12.087,0.407,11.884,0.06243138745400204,Non-Viral
C04349,2026-07-06,Instagram,Social Anxiety,Long,Text,Advice,45,135034,124417,8512,485,1026,913,0.382,497,8.099,0.89,7.3222,0.04418627012456123,Non-Viral
C00089,2026-07-06,Instagram,Friendship,Short,Visual,Confession,18,120986,140143,8056,682,1037,810,0.576,541,8.749,0.781,8.0852,0.06431110707023953,Non-Viral
C03203,2026-07-06,Instagram,College Life,Short,Visual,Confession,29,57544,110278,4555,488,398,583,0.555,124,10.469,1.465,9.3311,0.06292388433198945,Non-Viral
C00320,2026-07-06,YouTube,Self-Doubt,Short,Visual,Advice,29,164307,142374,11334,1375,2094,1963,0.656,623,10.204,0.937,10.9171,0.07617441253263708,Viral
C03678,2026-07-06,Instagram,Self-Doubt,Short,Visual,List,36,150989,241565,7160,539,1286,550,0.595,223,6.315,0.428,6.1902,0.0649609938472339,Non-Viral
C04709,2026-07-06,Instagram,Friendship,Short,Visual,Confession,26,2558,235059,320,21,15,26,0.455,4,14.934,1.733,11.2783,0.05241946833463644,Non-Viral
C01775,2026-07-06,Instagram,Career Stress,Short,Visual,List,38,122597,209428,6807,256,420,486,0.688,317,6.5,1.157,4.91,0.07184412016607258,Viral
C03247,2026-07-06,Instagram,College Life,Long,Text,Advice,31,99799,41128,3233,109,232,346,0.561,91,3.928,1.491,3.1744,0.0583500225453161,Non-Viral
C02937,2026-07-06,YouTube,Burnout,Short,Visual,Advice,31,6100,171586,393,33,28,58,0.544,11,8.393,2.071,7.3115,0.06012950819672132,Non-Viral
C00423,2026-07-06,Instagram,Career Stress,Short,Visual,Story,50,115607,52027,8472,875,866,602,0.615,275,9.355,0.695,8.0882,0.06756840416237771,Viral
C04747,2026-07-06,YouTube,Career Stress,Short,Text,List,52,122464,236288,3733,585,592,196,0.445,138,4.169,0.331,4.011,0.0478720113666057,Non-Viral
C02107,2026-07-06,YouTube,Self-Doubt,Long,Text,Story,34,154981,140632,5121,396,749,628,0.247,249,4.448,0.838,4.2957,0.028473688387608803,Non-Viral
C01870,2026-07-07,Instagram,Family Pressure,Short,Text,List,12,94480,49618,5501,467,252,208,0.496,352,6.804,0.825,4.8931,0.05220213801862829,Non-Viral
C02995,2026-07-07,YouTube,Career Stress,Long,Visual,Advice,40,68384,93894,3383,143,203,317,0.396,51,5.917,1.562,4.6049,0.042640184838558734,Non-Viral
C01061,2026-07-07,YouTube,Social Anxiety,Short,Visual,Question,33,155773,145533,7091,931,978,666,0.596,198,6.205,0.681,5.9112,0.06460439742445738,Non-Viral
C04298,2026-07-07,Instagram,Dating,Short,Visual,List,24,89219,152138,5072,199,699,583,0.64,356,7.345,0.834,6.8343,0.06982050908438786,Viral
C00911,2026-07-07,YouTube,Family Pressure,Long,Text,Question,24,62879,135938,3801,246,366,606,0.324,64,7.982,1.656,7.283,0.03849742521350531,Non-Viral
C04429,2026-07-07,Instagram,Burnout,Short,Visual,Confession,62,67609,134290,6242,533,798,392,0.56,130,11.781,0.491,10.4993,0.06423337129672085,Non-Viral
C01558,2026-07-07,YouTube,College Life,Long,Visual,Story,36,6538,150385,369,42,40,67,0.522,13,7.923,1.675,7.6705,0.0589910676047721,Non-Viral
C01691,2026-07-07,Instagram,Dating,Short,Visual,Story,26,131020,219581,14838,1458,1335,1055,0.658,444,14.262,0.79,11.9989,0.07447005037398871,Viral
C04504,2026-07-07,Instagram,College Life,Long,Text,Advice,38,12742,49575,1007,25,139,38,0.39,14,9.488,0.273,8.1149,0.04509794380787946,Non-Viral
C00370,2026-07-07,Instagram,Social Anxiety,Long,Visual,Question,31,146167,61474,11288,595,2048,714,0.559,932,10.019,0.349,9.6523,0.0642811667476243,Non-Viral
C04083,2026-07-07,YouTube,Family Pressure,Short,Text,Story,24,6365,230089,448,70,36,42,0.48,13,9.364,1.167,8.1854,0.05417439120188531,Non-Viral
C04306,2026-07-07,YouTube,Dating,Short,Visual,Story,19,48922,45879,4515,589,1015,905,0.628,127,14.358,0.892,16.3444,0.07949187686521403,Viral
C02575,2026-07-07,YouTube,Social Anxiety,Short,Text,List,17,17868,109539,1285,117,185,58,0.558,66,9.206,0.314,8.3333,0.06241517797179316,Non-Viral
C03226,2026-07-07,YouTube,Friendship,Short,Text,List,15,10002,232352,316,25,29,19,0.556,8,3.889,0.655,3.2044,0.057849550089982014,Non-Viral
C04974,2026-07-07,Instagram,Family Pressure,Long,Text,Question,34,1795,16550,125,13,8,9,0.491,5,8.635,1.125,6.9081,0.05369610027855154,Non-Viral
C02447,2026-07-07,Instagram,Career Stress,Short,Visual,Story,33,64561,25642,4654,520,256,326,0.597,137,8.916,1.273,7.012,0.06420736512755379,Non-Viral
C01825,2026-07-07,Instagram,Career Stress,Long,Visual,Question,20,75891,241071,6634,243,1179,708,0.509,153,11.548,0.601,11.3775,0.06116999248922797,Non-Viral
C00645,2026-07-07,YouTube,College Life,Short,Text,List,27,95244,83653,6164,462,852,793,0.504,226,8.684,0.931,8.3123,0.05765085044727227,Non-Viral
C01058,2026-07-07,YouTube,College Life,Short,Text,Story,46,60609,169496,1724,163,179,185,0.405,31,3.714,1.034,3.3221,0.04314812156610405,Non-Viral
C00173,2026-07-07,Instagram,Social Anxiety,Long,Visual,Confession,41,135254,138452,15225,1000,1530,1581,0.45,317,14.296,1.033,12.4688,0.05470618244192409,Non-Viral
C00864,2026-07-07,Instagram,Self-Doubt,Short,Text,Advice,30,29200,136845,1836,74,172,160,0.492,51,7.678,0.93,6.387,0.05387465753424658,Non-Viral
C03157,2026-07-07,YouTube,Burnout,Short,Text,List,28,98773,173762,7918,674,1128,794,0.427,325,10.645,0.704,10.0655,0.05127420550150345,Non-Viral
C03847,2026-07-07,YouTube,Friendship,Long,Text,Confession,34,28022,134478,1433,62,168,42,0.424,59,6.085,0.25,4.9872,0.04587940903575762,Non-Viral
C03627,2026-07-07,Instagram,College Life,Long,Visual,Question,33,119279,140119,2515,165,214,140,0.466,61,2.544,0.654,2.0347,0.04796696317038205,Non-Viral
C02922,2026-07-07,Instagram,Dating,Long,Text,Question,34,74279,29103,4372,443,313,659,0.455,234,7.791,2.105,6.8761,0.05095241589143635,Non-Viral
C03432,2026-07-07,Instagram,Burnout,Short,Text,List,45,175795,176847,13560,759,2013,1254,0.468,221,10.004,0.623,9.3663,0.05474049887653233,Non-Viral
C03387,2026-07-08,Instagram,Burnout,Short,Text,Story,48,100375,120323,5277,319,658,346,0.478,397,6.575,0.526,5.7614,0.05226077210460772,Non-Viral
C01611,2026-07-08,Instagram,Family Pressure,Short,Visual,Confession,34,138279,243517,10832,915,501,443,0.568,650,9.178,0.884,6.6369,0.06038405831688108,Non-Viral
C03544,2026-07-08,YouTube,Family Pressure,Short,Visual,Story,49,66222,31834,5008,671,553,577,0.579,230,10.282,1.043,9.5489,0.06579163722025913,Non-Viral
C01914,2026-07-08,Instagram,College Life,Short,Text,Question,27,80412,44787,4129,302,239,444,0.459,303,6.36,1.858,5.1267,0.04945730487986868,Non-Viral
C03224,2026-07-08,YouTube,Career Stress,Short,Text,Question,23,52224,74526,5308,300,582,312,0.605,235,12.45,0.536,10.4818,0.06816888786764706,Viral
C03223,2026-07-08,Instagram,Social Anxiety,Short,Visual,Story,19,41124,200446,2927,444,239,153,0.587,170,9.15,0.64,7.6658,0.06405088999124599,Non-Viral
C01469,2026-07-08,Instagram,College Life,Long,Visual,Confession,46,124227,19379,8007,717,1307,651,0.595,399,8.599,0.498,8.2929,0.06667235383612258,Viral
C00836,2026-07-08,Instagram,Social Anxiety,Short,Text,Advice,45,13772,85926,996,105,113,214,0.579,73,10.369,1.894,10.3289,0.06739753122277084,Viral
C01242,2026-07-08,Instagram,Friendship,Short,Text,Story,32,92110,132356,6640,469,379,949,0.551,417,9.16,2.504,7.6631,0.060806220822929115,Non-Viral
C03866,2026-07-08,Instagram,Self-Doubt,Short,Visual,Confession,71,87807,103064,6850,372,637,760,0.54,243,9.816,1.193,8.4435,0.06049663466466228,Non-Viral
C01339,2026-07-08,YouTube,Dating,Short,Visual,List,18,80284,108364,6085,416,668,333,0.585,128,9.344,0.499,7.8926,0.06426578147576105,Non-Viral
C00402,2026-07-08,YouTube,Dating,Short,Visual,Story,35,152667,104482,5869,592,823,688,0.522,182,5.222,0.836,5.0224,0.056559488298060484,Non-Viral
C00002,2026-07-08,YouTube,Self-Doubt,Long,Visual,Confession,24,131498,46379,7246,402,687,1300,0.482,366,7.327,1.892,6.7583,0.05397537300947543,Non-Viral
C04915,2026-07-08,YouTube,Dating,Short,Visual,Advice,23,117723,169912,10016,1146,510,1027,0.583,612,10.787,2.014,8.7587,0.06432685966208812,Non-Viral
C02212,2026-07-08,Instagram,Friendship,Short,Text,Question,14,121789,183442,4466,226,368,490,0.49,367,4.557,1.332,3.823,0.05184508453144373,Non-Viral
C01278,2026-07-08,Instagram,Family Pressure,Short,Text,Question,31,68264,185453,3522,418,489,208,0.497,196,6.793,0.425,6.2566,0.05475610570725419,Non-Viral
C02662,2026-07-08,YouTube,Social Anxiety,Short,Visual,Confession,55,7174,74099,1074,86,93,60,0.497,50,18.302,0.645,14.8453,0.05984078617228882,Non-Viral
C00734,2026-07-08,Instagram,Social Anxiety,Long,Text,Question,41,162351,245267,15040,1623,2080,993,0.36,207,12.156,0.477,11.1983,0.04509972836631742,Non-Viral
C02320,2026-07-08,Instagram,Friendship,Long,Text,Story,63,153809,155308,5845,929,689,1097,0.411,273,5.565,1.592,5.5764,0.046161472345571455,Non-Viral
C04276,2026-07-08,Instagram,Family Pressure,Long,Visual,Question,49,24284,195698,1013,75,56,53,0.474,31,4.929,0.946,3.6773,0.04955574040520507,Non-Viral
C00050,2026-07-09,Instagram,Dating,Long,Text,Advice,26,63294,219444,5403,430,427,302,0.435,132,10.367,0.707,8.2654,0.04898630201914874,Non-Viral
C00602,2026-07-09,Instagram,Dating,Long,Visual,Advice,22,62486,218270,1586,222,380,317,0.318,137,4.009,0.834,4.641,0.03659147329001697,Non-Viral
C01313,2026-07-09,Instagram,Career Stress,Short,Text,Advice,25,44011,175487,1438,244,221,308,0.467,122,5.024,1.394,5.3714,0.05189074776760356,Non-Viral
C00598,2026-07-09,Instagram,Friendship,Short,Visual,Advice,45,160834,226008,14374,614,1573,1436,0.438,636,11.19,0.913,9.761,0.05145229988683985,Non-Viral
C00112,2026-07-09,YouTube,College Life,Short,Visual,Question,21,58311,135363,1220,170,208,184,0.646,83,3.056,0.885,3.1846,0.06758914441529043,Viral
C03565,2026-07-09,Instagram,Friendship,Short,Text,Confession,39,122765,9831,11733,915,703,371,0.501,423,11.177,0.528,8.219,0.05470147436158515,Non-Viral
C00107,2026-07-09,Instagram,Burnout,Short,Visual,Confession,28,40335,11865,2398,105,409,483,0.613,144,8.417,1.181,8.8,0.0698459278542209,Viral
C03480,2026-07-09,YouTube,College Life,Long,Visual,Advice,43,147243,215288,7501,929,1051,832,0.527,216,7.004,0.792,6.765,0.05855358896518001,Non-Viral
C03350,2026-07-09,YouTube,College Life,Long,Visual,Story,28,150765,159445,9498,1004,1028,565,0.528,294,8.022,0.55,6.9439,0.05799152323151926,Non-Viral
C02603,2026-07-09,Instagram,College Life,Long,Visual,Story,22,113022,84961,8068,1062,555,1568,0.417,197,9.956,2.825,9.2265,0.049481228433402344,Non-Viral
C02449,2026-07-09,YouTube,Burnout,Long,Visual,Question,32,84301,50632,6351,393,1483,1284,0.341,386,11.282,0.866,12.7899,0.04728489697631108,Non-Viral
C00210,2026-07-09,Instagram,College Life,Short,Text,Confession,54,82839,241220,7161,413,311,816,0.57,194,10.504,2.624,8.1664,0.062392387643501246,Non-Viral
C03429,2026-07-09,YouTube,Social Anxiety,Short,Visual,Advice,39,79184,88684,6600,577,704,931,0.516,273,11.129,1.322,10.2792,0.06022105981006265,Non-Viral
C01731,2026-07-09,YouTube,College Life,Long,Visual,Confession,17,5823,166700,203,25,11,15,0.548,9,4.362,1.364,3.469,0.05706687274600722,Non-Viral
C00025,2026-07-09,YouTube,Career Stress,Short,Text,Confession,33,113104,23505,4590,287,872,678,0.471,378,5.682,0.778,5.9215,0.052748341349554397,Non-Viral
C01498,2026-07-09,Instagram,Friendship,Long,Text,Confession,56,161869,216832,7711,862,868,628,0.341,491,6.22,0.724,5.5653,0.03847576064595445,Non-Viral
C02096,2026-07-09,YouTube,Self-Doubt,Short,Text,List,24,78447,63603,2617,271,365,194,0.503,118,4.394,0.532,4.0766,0.05365385674404376,Non-Viral
C02858,2026-07-09,Instagram,Friendship,Short,Text,Advice,35,178085,147037,11816,1132,1932,861,0.593,186,8.839,0.446,8.4926,0.06658584664626442,Viral
C00766,2026-07-09,Instagram,Career Stress,Short,Visual,Question,35,162248,207525,17673,1792,2396,1971,0.649,383,14.689,0.823,13.9629,0.076846526305409,Viral
C00806,2026-07-09,Instagram,College Life,Short,Text,Question,42,86028,70076,4432,215,283,234,0.471,159,6.003,0.827,4.4817,0.04977122332263914,Non-Viral
C00815,2026-07-09,Instagram,College Life,Short,Visual,Story,27,117056,204494,5017,661,636,1013,0.473,170,6.259,1.593,6.3508,0.053188207353745215,Non-Viral
C02988,2026-07-09,Instagram,Career Stress,Short,Visual,Advice,17,159654,154981,12966,824,973,1591,0.581,502,10.243,1.635,8.6562,0.06460625728137097,Non-Viral
C01441,2026-07-09,Instagram,College Life,Short,Visual,List,32,67509,238806,3671,385,508,357,0.552,191,7.289,0.703,6.8895,0.061028111807314586,Non-Viral
C03001,2026-07-09,Instagram,Burnout,Short,Visual,Question,47,93982,168741,9975,318,1470,1175,0.573,395,13.766,0.799,13.0073,0.06859684407652529,Viral
C04362,2026-07-10,YouTube,Self-Doubt,Short,Text,Advice,54,176647,222110,11110,1073,584,1018,0.56,550,7.804,1.743,6.2002,0.06012772365225563,Non-Viral
C04072,2026-07-10,Instagram,Career Stress,Long,Text,List,17,146522,61704,5012,495,713,452,0.434,198,4.554,0.634,4.2939,0.047021981681931724,Non-Viral
C00725,2026-07-10,Instagram,Burnout,Long,Text,List,37,84878,50776,4106,526,429,932,0.421,302,7.061,2.172,7.0607,0.04859815028629327,Non-Viral
C01726,2026-07-10,YouTube,Friendship,Short,Visual,Question,25,77410,100612,5504,596,826,982,0.477,327,10.216,1.189,10.4483,0.057462304611807256,Non-Viral
C00476,2026-07-10,YouTube,Friendship,Short,Visual,Advice,55,92569,45593,9020,517,1286,1138,0.531,472,12.921,0.885,12.3362,0.06387736607287538,Non-Viral
C01212,2026-07-10,YouTube,Social Anxiety,Long,Visual,Confession,22,74282,88955,4317,166,183,605,0.346,244,7.096,3.306,5.609,0.0384872135914488,Non-Viral
C01416,2026-07-10,Instagram,Career Stress,Long,Text,Question,49,120858,52501,4336,359,491,433,0.311,244,4.649,0.882,4.1747,0.03444855781164673,Non-Viral
C00160,2026-07-10,Instagram,Career Stress,Long,Visual,Question,23,154121,135730,14610,1119,1588,2003,0.436,431,12.536,1.261,11.5192,0.053224580686603386,Non-Viral
C04225,2026-07-10,Instagram,College Life,Short,Visual,Question,39,48277,98503,2705,274,421,368,0.566,174,7.805,0.874,7.7936,0.06366236924415353,Non-Viral
C03326,2026-07-10,Instagram,Burnout,Short,Text,List,24,156900,249347,12515,1009,1012,375,0.628,434,9.504,0.371,7.3658,0.06738413001912047,Viral
C04953,2026-07-10,Instagram,Self-Doubt,Short,Visual,Advice,56,105802,185539,6067,209,280,302,0.549,279,6.482,1.079,4.5283,0.057243528477722544,Non-Viral
C00955,2026-07-10,YouTube,Self-Doubt,Long,Visual,Question,33,3219,48790,184,28,43,21,0.475,7,8.574,0.488,9.475,0.05677306616961789,Non-Viral
C03967,2026-07-10,Instagram,Social Anxiety,Short,Text,List,27,140923,169277,8872,877,607,640,0.484,303,7.803,1.054,6.2818,0.05263422720208908,Non-Viral
C00918,2026-07-10,YouTube,Social Anxiety,Short,Visual,Confession,35,62189,27538,2848,250,301,220,0.642,131,5.819,0.731,5.0523,0.06804231938124106,Viral
C03074,2026-07-10,YouTube,College Life,Short,Visual,Story,59,160257,88225,9473,722,1774,1505,0.547,348,8.408,0.848,8.8305,0.06317451281379285,Non-Viral
C00690,2026-07-10,Instagram,Social Anxiety,Long,Text,Advice,28,159263,44215,11828,1224,1900,754,0.422,373,9.862,0.397,9.392,0.05014158090705312,Non-Viral
C00613,2026-07-10,YouTube,Self-Doubt,Long,Visual,Question,20,114886,59373,3210,283,340,558,0.535,97,3.822,1.641,3.6258,0.05665834827568199,Non-Viral
C00278,2026-07-10,Instagram,Self-Doubt,Short,Text,List,28,133564,9582,11060,350,876,338,0.675,177,9.452,0.386,7.0071,0.07160365068431614,Viral
C04125,2026-07-11,Instagram,Self-Doubt,Short,Visual,Confession,48,76722,62600,5622,722,422,994,0.555,157,10.114,2.355,9.3168,0.06327351998123094,Non-Viral
C00213,2026-07-11,Instagram,Burnout,Short,Text,Advice,18,88186,152938,1683,269,361,323,0.52,140,2.989,0.895,3.3724,0.055398498627900125,Non-Viral
C03422,2026-07-11,Instagram,College Life,Long,Visual,Confession,29,91128,39556,7824,667,1101,298,0.5,196,10.853,0.271,9.6694,0.057515801948907035,Non-Viral
C04613,2026-07-11,YouTube,Self-Doubt,Short,Visual,List,9,97097,31344,10805,572,1370,885,0.508,252,14.04,0.646,12.5035,0.06076735223539348,Non-Viral
C03915,2026-07-11,Instagram,Social Anxiety,Long,Text,List,56,1719,241696,78,6,6,11,0.381,7,5.876,1.833,5.1193,0.04211396160558464,Non-Viral
C03382,2026-07-11,Instagram,Friendship,Short,Visual,Question,27,159853,110895,4803,405,1177,944,0.444,130,4.585,0.802,5.2723,0.049865020988032756,Non-Viral
C02648,2026-07-11,Instagram,Burnout,Short,Visual,Question,38,98005,117828,3704,357,444,219,0.476,207,4.82,0.493,4.2421,0.0508554461507066,Non-Viral
C00990,2026-07-11,Instagram,Social Anxiety,Long,Visual,Story,44,26897,88710,1247,165,209,74,0.561,52,6.302,0.354,6.1196,0.061342220321969,Non-Viral
C03055,2026-07-11,YouTube,Social Anxiety,Short,Visual,List,45,151004,113807,20445,801,2641,1488,0.666,778,16.804,0.563,14.7831,0.0782222086832137,Viral
C04084,2026-07-11,Instagram,College Life,Short,Visual,Story,54,40534,48310,3219,108,513,204,0.541,55,9.977,0.398,9.1738,0.06170472689593922,Non-Viral
C00016,2026-07-11,YouTube,Family Pressure,Short,Text,List,51,30955,46341,1721,229,442,217,0.475,71,8.428,0.491,9.5752,0.057138184461314814,Non-Viral
C00249,2026-07-11,Instagram,College Life,Short,Text,Advice,26,154878,198413,7542,774,1343,1442,0.514,233,7.168,1.074,7.648,0.058844892108627436,Non-Viral
C02009,2026-07-11,YouTube,Friendship,Long,Text,Confession,48,67145,179508,2491,178,227,193,0.48,148,4.6,0.85,3.8417,0.05078129421401445,Non-Viral
C01430,2026-07-11,YouTube,Dating,Long,Visual,Confession,22,99006,7473,5303,617,874,401,0.524,199,7.267,0.459,7.0713,0.058522356220835105,Non-Viral
C02284,2026-07-11,Instagram,College Life,Short,Visual,Advice,57,80461,113791,2420,163,240,207,0.72,58,3.766,0.862,3.2171,0.07441794161146394,Viral
C03323,2026-07-11,YouTube,Family Pressure,Long,Text,Question,25,152189,207731,6497,1053,1362,1112,0.434,244,6.587,0.816,7.3185,0.0506570947966016,Non-Viral
C00106,2026-07-11,Instagram,Career Stress,Short,Text,Advice,48,67657,79881,2328,100,187,210,0.611,139,4.175,1.123,3.3921,0.06349664779697592,Non-Viral
C00639,2026-07-12,YouTube,Burnout,Short,Visual,Story,34,66891,112955,4411,492,388,400,0.634,295,8.508,1.031,7.3366,0.06890746737229224,Viral
C00559,2026-07-12,Instagram,Self-Doubt,Long,Visual,Question,42,41545,16017,3073,186,168,163,0.601,45,8.641,0.97,6.3678,0.06376831146949091,Non-Viral
C02725,2026-07-12,Instagram,College Life,Short,Visual,Story,53,5111,201006,230,29,34,24,0.664,11,6.202,0.706,6.036,0.07165337507337116,Viral
C04908,2026-07-12,Instagram,Friendship,Short,Visual,List,35,128215,82356,12024,679,891,1485,0.538,256,11.761,1.667,9.8846,0.0611961704948719,Non-Viral
C04099,2026-07-12,Instagram,Self-Doubt,Long,Visual,Question,25,77083,240315,3175,351,381,340,0.481,139,5.51,0.892,5.1075,0.05233050478056122,Non-Viral
C02236,2026-07-12,YouTube,Burnout,Long,Visual,Story,27,68614,153822,5596,254,927,931,0.393,315,11.234,1.004,11.4,0.050005541143206926,Non-Viral
C02809,2026-07-12,Instagram,Career Stress,Long,Visual,Advice,51,42094,189811,1932,59,117,68,0.452,46,5.169,0.581,3.662,0.0471456454601606,Non-Viral
C00261,2026-07-12,YouTube,Friendship,Long,Visual,List,27,34095,76965,1939,187,278,368,0.474,63,8.13,1.324,8.271,0.05512987241531016,Non-Viral
C02801,2026-07-12,Instagram,Social Anxiety,Long,Visual,Confession,11,115472,169232,2814,555,632,545,0.425,127,3.937,0.862,4.5253,0.04709981640570875,Non-Viral
C03154,2026-07-12,Instagram,Family Pressure,Short,Visual,List,35,82024,18660,3121,493,445,526,0.693,270,5.59,1.182,5.7142,0.07456675119477227,Viral
C04516,2026-07-12,YouTube,Self-Doubt,Short,Visual,Story,39,116289,157655,3700,654,916,672,0.495,334,5.11,0.734,5.9533,0.05562181719681139,Non-Viral
C01986,2026-07-12,Instagram,Friendship,Short,Visual,Question,55,4396,168164,197,25,46,36,0.676,12,6.915,0.783,7.8708,0.0756186533212011,Viral
C02671,2026-07-12,YouTube,Career Stress,Short,Text,Question,26,163991,11454,8281,698,1038,1763,0.595,191,7.183,1.698,7.2123,0.06621195370477648,Non-Viral
C03130,2026-07-12,Instagram,Dating,Short,Visual,Confession,44,55768,10632,2393,232,306,103,0.651,82,5.44,0.337,4.785,0.0687472529048917,Viral
C04804,2026-07-12,Instagram,Dating,Short,Text,List,33,85784,13778,3702,296,405,515,0.579,165,5.733,1.272,5.2924,0.062343136249184,Non-Viral
C01461,2026-07-12,Instagram,Dating,Short,Visual,Confession,73,58445,16835,5000,428,215,761,0.525,314,10.957,3.54,9.0838,0.059160107793652154,Non-Viral
C01254,2026-07-12,YouTube,Friendship,Short,Visual,Question,34,76182,230170,4235,225,620,350,0.585,211,7.128,0.565,6.5829,0.06398357879814129,Non-Viral
C01414,2026-07-12,Instagram,Friendship,Short,Text,Confession,20,65849,232076,4494,346,231,465,0.491,98,8.407,2.013,6.6652,0.053585261735182015,Non-Viral
C02899,2026-07-13,YouTube,Friendship,Long,Text,List,45,75685,225444,2953,230,369,184,0.414,94,4.936,0.499,4.3556,0.04477913721345048,Non-Viral
C03396,2026-07-13,YouTube,Dating,Long,Text,Story,28,67646,55615,2241,223,156,146,0.419,101,4.089,0.936,3.2744,0.04407972976968335,Non-Viral
C00071,2026-07-13,Instagram,Burnout,Short,Visual,Confession,59,174315,187775,10370,459,626,700,0.443,507,6.973,1.118,5.25,0.047515730143705366,Non-Viral
C03393,2026-07-13,Instagram,Friendship,Long,Visual,Question,40,103090,212001,7876,1113,550,640,0.472,197,9.874,1.164,8.2816,0.0530827238335435,Non-Viral
C00745,2026-07-13,Instagram,College Life,Long,Visual,Question,30,80982,57471,3707,144,429,243,0.489,263,5.585,0.566,4.7449,0.052450789064236496,Non-Viral
C02702,2026-07-13,Instagram,Friendship,Long,Text,Question,31,14700,185333,490,34,92,69,0.412,25,4.66,0.75,4.8299,0.045771428571428574,Non-Viral
C03385,2026-07-13,Instagram,College Life,Short,Text,Question,37,63758,145392,4522,453,671,548,0.458,276,9.715,0.817,9.4882,0.05418012484707802,Non-Viral
C03483,2026-07-13,YouTube,College Life,Short,Visual,Question,56,4126,6861,400,30,62,34,0.617,15,12.748,0.548,12.094,0.07202476975278721,Viral
C00692,2026-07-13,Instagram,Career Stress,Short,Visual,Advice,41,90435,22510,9097,336,1286,609,0.546,540,12.526,0.474,11.1998,0.0635766130369879,Non-Viral
C01684,2026-07-13,Instagram,Self-Doubt,Long,Text,Question,26,157697,101327,10880,879,722,964,0.471,419,8.526,1.335,6.8819,0.05183027387965529,Non-Viral
C03564,2026-07-13,Instagram,College Life,Short,Visual,List,42,120197,26933,5840,336,839,421,0.559,108,6.187,0.502,5.6432,0.060511179979533605,Non-Viral
C01980,2026-07-13,YouTube,Burnout,Long,Text,Question,33,11787,71393,454,60,64,49,0.554,7,5.319,0.766,5.1497,0.059854059557139225,Non-Viral
C01133,2026-07-13,Instagram,Social Anxiety,Short,Visual,Advice,24,60735,184189,8291,233,493,252,0.467,238,15.261,0.511,10.666,0.0521729562855026,Non-Viral
C01736,2026-07-13,Instagram,Family Pressure,Long,Text,Question,40,5202,153760,162,19,19,7,0.437,8,3.979,0.368,3.4698,0.04629515570934256,Non-Viral
C00484,2026-07-13,Instagram,Friendship,Short,Visual,Question,36,114624,130211,5171,467,888,818,0.71,380,6.407,0.921,6.6182,0.07723822236180904,Viral
C02005,2026-07-13,Instagram,Family Pressure,Short,Visual,Advice,22,48623,133849,4642,271,645,517,0.513,192,12.494,0.802,11.7156,0.06129526972831788,Non-Viral
C01617,2026-07-13,Instagram,Burnout,Short,Text,Story,29,102974,102227,7664,394,968,557,0.651,534,9.306,0.575,8.1972,0.07152686503389205,Viral
C02832,2026-07-13,YouTube,Career Stress,Short,Visual,List,26,23223,136930,1328,57,298,236,0.753,66,8.263,0.792,9.1095,0.08449131895103992,Viral
C02547,2026-07-13,Instagram,Friendship,Long,Visual,Story,37,36343,27250,3093,190,389,427,0.433,78,11.279,1.098,10.6004,0.05242555375175413,Non-Viral
C00105,2026-07-13,Instagram,Burnout,Short,Visual,Story,24,20959,36942,1952,201,197,166,0.575,36,12.004,0.843,10.4991,0.06554427692160886,Non-Viral
C03296,2026-07-13,Instagram,Friendship,Short,Text,Question,20,61850,68835,4382,252,651,439,0.462,254,9.255,0.674,8.7308,0.05367696038803558,Non-Viral
C04712,2026-07-13,YouTube,Social Anxiety,Short,Visual,Story,31,19243,189739,3180,335,143,120,0.605,118,19.633,0.839,14.3507,0.06832622252247571,Viral
C02206,2026-07-13,Instagram,Career Stress,Short,Text,Question,40,89692,176289,5605,572,436,506,0.525,203,7.937,1.161,6.6678,0.057336551754894535,Non-Viral
C02257,2026-07-13,Instagram,Career Stress,Long,Visual,Confession,26,92210,187502,7269,416,862,452,0.425,206,9.759,0.524,8.4031,0.04885397462314283,Non-Viral
C00135,2026-07-13,Instagram,Burnout,Short,Visual,List,12,35521,55835,2122,193,127,347,0.708,68,7.852,2.732,6.8284,0.07615457898144759,Viral
C04308,2026-07-14,YouTube,Burnout,Long,Visual,Advice,27,67421,118044,4681,340,442,280,0.558,313,8.518,0.633,7.0253,0.0607524628824847,Non-Viral
C03481,2026-07-14,Instagram,Social Anxiety,Short,Text,Question,46,68057,183304,2757,257,240,181,0.624,175,5.047,0.754,4.1818,0.06535120266835154,Non-Viral
C02497,2026-07-14,Instagram,Social Anxiety,Short,Text,Advice,23,164183,58358,14277,1572,2493,773,0.463,877,11.642,0.31,11.281,0.055981574828088174,Non-Viral
C01260,2026-07-14,Instagram,Friendship,Short,Text,Advice,25,175358,230602,4522,266,368,537,0.461,295,3.247,1.459,2.7589,0.04819058041264157,Non-Viral
C02296,2026-07-14,Instagram,Dating,Long,Text,Story,46,4782,68182,228,27,36,16,0.393,8,6.42,0.444,6.1585,0.04453839397741531,Non-Viral
C02983,2026-07-14,Instagram,College Life,Long,Text,Advice,23,80905,87920,2687,276,461,341,0.397,77,4.654,0.74,4.7247,0.04404027563191398,Non-Viral
C02535,2026-07-14,Instagram,College Life,Short,Visual,Confession,31,79253,193385,6558,632,1060,542,0.552,258,11.094,0.511,10.7138,0.06446652618828311,Non-Viral
C00596,2026-07-14,Instagram,College Life,Short,Visual,Advice,24,55842,171101,2807,146,133,291,0.486,143,6.047,2.188,4.6623,0.051627291286128724,Non-Viral
C04271,2026-07-14,Instagram,Career Stress,Long,Visual,List,28,72766,171581,2929,107,285,300,0.516,150,4.976,1.053,4.2327,0.05481991039771322,Non-Viral
C03057,2026-07-14,Instagram,College Life,Short,Visual,Story,18,118097,33306,10113,1202,456,1459,0.534,509,11.203,3.2,9.4376,0.06037054116531326,Non-Viral
C03571,2026-07-14,YouTube,Dating,Short,Text,Advice,43,21082,240750,695,109,144,76,0.608,58,4.857,0.528,5.194,0.06573074660848116,Non-Viral
C03037,2026-07-14,Instagram,Self-Doubt,Long,Visual,Question,33,21529,35400,1059,32,65,103,0.547,38,5.848,1.585,4.545,0.057716860978215434,Non-Viral
C02557,2026-07-14,Instagram,Career Stress,Short,Text,Story,33,166492,69255,6413,361,637,893,0.515,346,4.988,1.402,4.4717,0.05515603152103405,Non-Viral
C00591,2026-07-14,YouTube,Dating,Short,Visual,Question,33,97001,28197,7415,835,922,1070,0.716,671,10.559,1.161,10.171,0.08047774352841723,Viral
C04525,2026-07-14,Instagram,Social Anxiety,Long,Text,Advice,23,17137,34975,821,80,169,179,0.353,28,7.288,1.059,8.1432,0.04357157612184163,Non-Viral
C00716,2026-07-14,YouTube,Dating,Short,Visual,Advice,26,31257,243815,1821,169,497,170,0.583,74,8.5,0.342,9.5819,0.06789785008158172,Viral
C01087,2026-07-14,Instagram,College Life,Long,Visual,Confession,22,163913,179407,10122,1357,840,1657,0.479,714,8.526,1.973,7.8886,0.054480625087698964,Non-Viral
C00686,2026-07-14,Instagram,Social Anxiety,Short,Visual,Advice,32,137591,212512,7339,697,742,1073,0.508,326,7.16,1.446,6.6044,0.05632616086808004,Non-Viral
C01012,2026-07-14,YouTube,Burnout,Long,Visual,Confession,41,168475,249733,6570,446,990,766,0.447,260,5.207,0.774,5.0191,0.04910540139486571,Non-Viral
C02567,2026-07-14,Instagram,Dating,Short,Visual,Confession,45,73637,137610,6267,542,1300,1050,0.519,202,12.438,0.808,13.5075,0.065226181131768,Non-Viral
C03752,2026-07-14,Instagram,Dating,Short,Text,Advice,40,81541,246889,7286,428,680,259,0.545,366,10.612,0.381,8.3921,0.05999294220085602,Non-Viral
C04005,2026-07-14,YouTube,Self-Doubt,Short,Visual,Question,10,75692,158269,4287,235,178,158,0.671,79,6.418,0.888,4.4205,0.069250161179517,Viral
C04909,2026-07-14,Instagram,Career Stress,Short,Text,Advice,28,166599,175795,10418,491,1426,1356,0.552,292,8.218,0.951,7.7645,0.061935634667675085,Non-Viral
C02902,2026-07-14,Instagram,Career Stress,Long,Visual,Question,38,65324,242571,4949,522,633,683,0.458,318,10.39,1.079,9.9848,0.05449588512644664,Non-Viral
C01578,2026-07-14,Instagram,Career Stress,Short,Visual,Advice,69,158917,122733,14404,1770,1704,1417,0.566,719,12.142,0.832,11.2027,0.06577082502186676,Non-Viral
C00852,2026-07-14,Instagram,Dating,Short,Visual,Confession,41,174508,90638,5005,403,819,938,0.587,365,4.106,1.145,4.2634,0.06277087354161415,Non-Viral
C04467,2026-07-14,Instagram,Friendship,Short,Visual,Question,12,44566,32808,2831,102,216,399,0.536,177,7.961,1.847,6.7641,0.058810249966342064,Non-Viral
C00860,2026-07-14,YouTube,Burnout,Short,Text,Question,11,123563,185150,8629,556,1428,557,0.573,194,9.04,0.39,8.5353,0.06452789184464605,Non-Viral
C01284,2026-07-14,Instagram,Career Stress,Short,Visual,Advice,15,106819,89661,3573,320,511,515,0.609,214,4.605,1.008,4.5212,0.06494843707580113,Non-Viral
C02571,2026-07-14,Instagram,Dating,Short,Visual,List,15,116331,201491,7249,434,1297,811,0.512,287,8.417,0.625,8.4144,0.058868205379477526,Non-Viral
C04975,2026-07-14,Instagram,Self-Doubt,Short,Visual,Confession,37,51624,191331,6166,425,855,376,0.544,116,15.152,0.44,13.6322,0.06527284983728499,Non-Viral
C03300,2026-07-15,Instagram,Social Anxiety,Short,Visual,Advice,56,151507,5902,19262,1762,2107,2400,0.61,304,16.851,1.139,15.4415,0.07375485621126417,Viral
C04810,2026-07-15,Instagram,Self-Doubt,Short,Visual,List,47,118582,57337,3609,433,634,257,0.564,61,4.16,0.405,4.1069,0.06000383532070635,Non-Viral
C00103,2026-07-15,Instagram,Self-Doubt,Long,Text,Advice,35,74669,82028,6192,204,543,814,0.463,332,10.383,1.499,8.918,0.05325268451432322,Non-Viral
C00472,2026-07-15,YouTube,Friendship,Short,Visual,Confession,41,55442,6517,2732,151,234,234,0.496,146,6.044,1.0,4.9827,0.05317400526676527,Non-Viral
C00428,2026-07-15,Instagram,Dating,Long,Text,Advice,50,28496,179992,2087,74,102,260,0.46,41,8.854,2.549,6.9501,0.05073750701852892,Non-Viral
C00092,2026-07-15,YouTube,Career Stress,Short,Text,Confession,30,36201,233384,1684,235,245,403,0.515,55,7.091,1.645,7.5564,0.05885891273721721,Non-Viral
C02532,2026-07-15,YouTube,Friendship,Short,Text,List,30,39467,21097,2637,299,182,198,0.472,143,8.402,1.088,6.864,0.05191659867737603,Non-Viral
C04976,2026-07-15,Instagram,Family Pressure,Long,Visual,List,37,60876,164455,4304,278,539,419,0.394,133,9.1,0.777,8.2528,0.04613418095801301,Non-Viral
C01749,2026-07-15,Instagram,Career Stress,Short,Text,Question,49,39278,171706,1690,198,196,243,0.439,60,5.924,1.24,5.6418,0.048757681144661134,Non-Viral
C02093,2026-07-15,YouTube,Family Pressure,Short,Text,Confession,20,176638,122616,16671,699,1784,1843,0.51,440,11.887,1.033,10.4292,0.05926860584925101,Non-Viral
C02545,2026-07-15,Instagram,Self-Doubt,Short,Text,Advice,32,141020,63656,4867,293,1022,641,0.689,265,4.838,0.627,5.1206,0.07383653382498936,Viral
C03803,2026-07-15,Instagram,Burnout,Short,Visual,Advice,36,109263,167263,3019,298,446,503,0.58,161,3.904,1.128,3.9359,0.06162702836275775,Non-Viral
C03818,2026-07-15,YouTube,Burnout,Long,Visual,Confession,34,165186,76167,4869,253,713,952,0.562,323,4.109,1.335,4.1511,0.06010105699030185,Non-Viral
C04753,2026-07-15,YouTube,Dating,Short,Visual,Question,43,107573,154490,6581,761,591,509,0.57,336,7.848,0.861,6.7145,0.06195291569445864,Non-Viral
C04288,2026-07-15,YouTube,Social Anxiety,Short,Visual,Story,30,15683,96633,1125,76,175,142,0.595,39,9.679,0.811,9.472,0.06796457948096665,Viral
C04309,2026-07-15,Instagram,Social Anxiety,Short,Text,Confession,45,163739,7200,8087,347,736,371,0.635,436,5.827,0.504,4.589,0.06652035556587008,Viral
C00654,2026-07-15,Instagram,Family Pressure,Short,Visual,Question,34,19307,38265,2289,179,352,330,0.535,90,16.315,0.938,16.2066,0.0682226394571917,Viral
C00551,2026-07-15,YouTube,College Life,Long,Text,Question,35,97988,82258,5703,480,619,667,0.524,140,7.622,1.078,6.9014,0.05801956566110136,Non-Viral
C01199,2026-07-15,Instagram,Dating,Short,Visual,Confession,40,178871,229939,20917,1773,855,1434,0.534,626,13.965,1.677,10.3712,0.059442902426888655,Non-Viral
C03833,2026-07-16,Instagram,Family Pressure,Short,Text,List,26,100151,249155,5343,564,615,527,0.548,238,7.038,0.857,6.4068,0.059986668131122016,Non-Viral
C03769,2026-07-16,Instagram,Social Anxiety,Short,Text,Advice,40,54730,11941,5306,391,698,334,0.513,268,12.295,0.479,10.9656,0.05994151288141787,Non-Viral
C03713,2026-07-16,Instagram,Family Pressure,Long,Visual,Story,59,70168,120138,4006,146,389,456,0.447,120,7.121,1.172,6.1296,0.04945644168281838,Non-Viral
C00291,2026-07-16,YouTube,Social Anxiety,Short,Text,Advice,22,170465,16934,10462,698,1059,1758,0.473,451,8.199,1.66,7.6092,0.05380368110755874,Non-Viral
C01219,2026-07-16,YouTube,Career Stress,Short,Text,Advice,38,52668,25302,5278,338,602,203,0.505,62,12.191,0.337,10.1732,0.05776247436773753,Non-Viral
C03246,2026-07-16,Instagram,Family Pressure,Long,Text,Question,28,179137,146677,7101,1072,1367,868,0.337,299,5.81,0.635,6.138,0.03948523699738189,Non-Viral
C02748,2026-07-16,Instagram,Family Pressure,Short,Text,Question,67,80385,153477,4775,187,586,434,0.527,203,7.442,0.741,6.5858,0.057949113640604594,Non-Viral
C01334,2026-07-16,Instagram,Burnout,Short,Text,Advice,38,126275,94860,9617,317,857,865,0.505,271,9.231,1.009,7.5906,0.05598564640665215,Non-Viral
C02161,2026-07-16,YouTube,Friendship,Short,Text,Advice,19,99794,135683,5088,350,645,668,0.433,299,6.765,1.036,6.3531,0.04874271198669259,Non-Viral
C00837,2026-07-16,Instagram,Family Pressure,Short,Visual,Story,30,52145,98806,3876,359,674,177,0.642,233,9.754,0.263,9.3058,0.07206748489788092,Viral
C04054,2026-07-16,Instagram,Self-Doubt,Long,Text,Story,28,120727,147158,10226,1134,1327,455,0.554,317,10.886,0.343,9.6954,0.0628858979350104,Non-Viral
C03868,2026-07-16,Instagram,Friendship,Long,Text,Story,37,53119,53097,1556,215,129,73,0.433,69,3.714,0.566,3.0752,0.04541223855870781,Non-Viral
C00336,2026-07-16,Instagram,Career Stress,Long,Visual,Question,47,56773,124499,3723,230,802,297,0.457,227,8.899,0.37,9.1707,0.0542339862258468,Non-Viral
C01001,2026-07-16,Instagram,College Life,Long,Text,Confession,57,178448,218518,5558,353,219,311,0.49,316,3.609,1.42,2.5708,0.050371828207657135,Non-Viral
C04206,2026-07-16,Instagram,Burnout,Short,Text,Advice,43,45841,100298,3677,251,494,315,0.621,224,10.334,0.638,9.4391,0.06983216116576864,Viral
C00227,2026-07-16,YouTube,Friendship,Long,Visual,Advice,34,43607,229673,2078,161,141,326,0.352,120,6.205,2.312,5.4017,0.03945161097988855,Non-Viral
C02935,2026-07-16,YouTube,Friendship,Long,Visual,List,29,102712,47845,5763,764,645,733,0.586,122,7.696,1.136,7.2324,0.06468254147519277,Non-Viral
C01426,2026-07-17,Instagram,Burnout,Long,Visual,List,49,4070,105593,215,26,19,20,0.426,5,6.88,1.053,5.9828,0.04713316953316953,Non-Viral
C03010,2026-07-17,Instagram,Social Anxiety,Short,Visual,Story,56,160306,144686,19031,2005,3240,3231,0.584,886,17.159,0.997,17.9064,0.075417766022482,Viral
C03508,2026-07-17,YouTube,Family Pressure,Long,Visual,Question,8,90229,139961,2811,459,196,265,0.479,175,4.135,1.352,3.5598,0.050521662658347094,Non-Viral
C03208,2026-07-17,YouTube,Burnout,Long,Text,Story,21,7581,33825,628,29,24,62,0.465,20,9.801,2.583,7.3011,0.05095191927186388,Non-Viral
C00885,2026-07-17,Instagram,Social Anxiety,Long,Text,List,29,25330,188812,1305,115,99,150,0.35,57,6.589,1.515,5.6139,0.039216344255823134,Non-Viral
C03198,2026-07-17,YouTube,Self-Doubt,Long,Visual,List,31,92826,179680,4724,272,547,365,0.6,295,6.365,0.667,5.5383,0.06427089393057979,Non-Viral
C02684,2026-07-17,YouTube,Dating,Short,Text,Story,54,13096,67045,640,33,24,60,0.588,34,5.78,2.5,4.2876,0.06137712278558338,Non-Viral
C00166,2026-07-17,YouTube,Dating,Long,Visual,Confession,27,58154,230210,4389,562,478,244,0.618,245,9.755,0.51,8.5282,0.06820712590707433,Viral
C03401,2026-07-17,YouTube,Friendship,Short,Text,List,37,4229,6694,385,27,39,19,0.38,14,11.114,0.487,9.1747,0.044455426814849854,Non-Viral
C02159,2026-07-17,Instagram,Social Anxiety,Short,Text,List,31,46173,117483,3145,435,433,165,0.527,71,9.049,0.381,8.3469,0.05940521733480606,Non-Viral
C01574,2026-07-17,Instagram,Friendship,Long,Visual,Story,27,103623,62259,9335,939,1316,1626,0.351,202,12.754,1.236,12.8118,0.046881650791812626,Non-Viral
C04392,2026-07-18,Instagram,Friendship,Short,Visual,Advice,30,45659,176737,2213,165,329,412,0.702,77,6.831,1.252,6.9318,0.07669160077969293,Viral
C01843,2026-07-18,Instagram,Social Anxiety,Short,Visual,Confession,34,132664,94858,4979,244,502,418,0.652,151,4.63,0.833,3.9178,0.06812392811915818,Viral
C02196,2026-07-18,YouTube,Burnout,Short,Text,List,43,174273,146471,17182,1541,1932,2069,0.522,843,13.039,1.071,11.9562,0.06207674510681517,Non-Viral
C01964,2026-07-18,YouTube,Dating,Short,Text,Confession,17,88450,176905,10217,279,1204,1287,0.401,270,14.683,1.069,13.2425,0.051063821368004525,Non-Viral
C00514,2026-07-18,YouTube,Social Anxiety,Short,Visual,Confession,46,28250,244401,2087,270,267,389,0.613,149,10.665,1.457,10.7168,0.07111769911504424,Viral
C01965,2026-07-18,Instagram,Self-Doubt,Short,Text,Confession,32,109131,126464,6079,230,703,682,0.386,100,7.05,0.97,6.2837,0.04368975451521566,Non-Viral
C04374,2026-07-18,Instagram,Family Pressure,Short,Text,Story,40,129928,72708,7663,787,947,817,0.53,422,7.861,0.863,7.3017,0.05907490302321286,Non-Viral
C03078,2026-07-18,YouTube,Career Stress,Long,Visual,Question,44,22250,147130,736,74,105,114,0.532,13,4.625,1.086,4.5933,0.057359550561797756,Non-Viral
C00741,2026-07-18,YouTube,Family Pressure,Long,Visual,Confession,61,144249,8972,8838,366,372,360,0.427,442,6.888,0.968,4.7168,0.044989790570471894,Non-Viral
C02873,2026-07-18,Instagram,College Life,Short,Visual,Question,16,170751,202554,11427,604,1331,1085,0.611,553,8.461,0.815,7.486,0.06704462111495688,Viral
C04970,2026-07-18,Instagram,Self-Doubt,Long,Visual,Confession,20,55415,63608,3145,111,352,422,0.519,148,7.272,1.199,6.5668,0.05734347198411983,Non-Viral
C03455,2026-07-18,Instagram,Social Anxiety,Short,Text,Story,45,164681,76010,17022,2205,3619,2891,0.616,626,15.628,0.799,17.2804,0.07876409300405025,Viral
C01535,2026-07-18,Instagram,College Life,Short,Visual,Question,18,41448,246359,2665,147,546,214,0.623,133,8.618,0.392,8.7314,0.07030883034163289,Viral
C02288,2026-07-19,YouTube,Career Stress,Long,Text,List,26,85291,128445,5990,505,554,649,0.495,176,9.026,1.171,7.8701,0.05559384343013917,Non-Viral
C02338,2026-07-19,Instagram,Self-Doubt,Short,Text,Confession,19,77838,93130,3294,306,199,251,0.566,60,5.203,1.261,4.1175,0.059307546442611575,Non-Viral
C01264,2026-07-19,Instagram,College Life,Short,Visual,List,36,53264,26523,1339,159,264,133,0.619,96,3.558,0.504,3.691,0.06532726794833284,Non-Viral
C00867,2026-07-19,YouTube,Family Pressure,Short,Visual,Question,35,60222,69190,2541,237,238,346,0.571,49,5.583,1.454,5.0347,0.061192358274384774,Non-Viral
C01231,2026-07-19,YouTube,Burnout,Short,Visual,List,28,88540,175270,3617,273,195,150,0.687,136,4.783,0.769,3.5046,0.0706618251637678,Viral
C02984,2026-07-19,Instagram,Dating,Short,Text,List,29,167699,138745,8464,756,1827,1028,0.313,630,7.2,0.563,7.6941,0.038717754429066366,Non-Viral
C01025,2026-07-19,Instagram,Social Anxiety,Short,Text,Advice,45,153361,60329,7915,802,369,323,0.496,267,6.135,0.875,4.508,0.0520990056142044,Non-Viral
C02516,2026-07-19,Instagram,Dating,Long,Visual,Advice,35,125804,58500,9818,988,1157,715,0.536,128,10.078,0.618,8.9759,0.060621636831897245,Non-Viral
C03169,2026-07-19,YouTube,College Life,Short,Text,Story,36,140936,26702,10278,1129,1835,740,0.517,263,9.921,0.403,9.8041,0.06033583470511438,Non-Viral
C00028,2026-07-19,YouTube,Burnout,Short,Visual,List,20,43223,35712,1886,271,274,111,0.396,119,5.881,0.405,5.5376,0.044163542558360136,Non-Viral
C00149,2026-07-19,YouTube,Social Anxiety,Short,Visual,Confession,27,60044,88640,4332,160,712,491,0.718,233,9.485,0.69,9.1999,0.07998899473719273,Viral
C03364,2026-07-19,YouTube,Social Anxiety,Long,Text,Advice,36,15754,174042,1036,170,98,198,0.355,21,9.534,2.02,9.2865,0.04368839659768947,Non-Viral
C02945,2026-07-19,YouTube,College Life,Short,Text,Story,33,41483,125450,1366,131,94,113,0.452,68,4.108,1.202,3.3447,0.04751058505893981,Non-Viral
C04998,2026-07-19,Instagram,Career Stress,Short,Text,Confession,32,156765,13575,11469,1165,1486,1303,0.561,774,9.838,0.877,9.2789,0.06397388766625205,Non-Viral
C00849,2026-07-19,YouTube,Social Anxiety,Long,Text,Advice,42,65619,104008,5979,566,478,720,0.507,183,11.8,1.506,10.2295,0.05856357609838614,Non-Viral
C03082,2026-07-19,Instagram,Social Anxiety,Short,Text,Confession,39,162125,180490,13745,406,1340,1221,0.553,568,10.308,0.911,8.6005,0.06165435620663069,Non-Viral
C01603,2026-07-20,Instagram,Dating,Short,Visual,Confession,34,153046,139075,9300,268,1039,1350,0.552,223,7.813,1.299,7.1018,0.06116389320857782,Non-Viral
C02610,2026-07-20,YouTube,Family Pressure,Long,Visual,List,36,151180,169071,5941,517,512,776,0.467,254,5.124,1.516,4.5204,0.05027686201878556,Non-Viral
C02326,2026-07-20,Instagram,College Life,Short,Visual,List,46,6996,47135,157,19,11,12,0.566,8,2.844,1.091,2.3442,0.0582295025728988,Non-Viral
C03890,2026-07-20,Instagram,Burnout,Short,Text,Question,30,58674,200221,1676,245,222,92,0.415,148,3.809,0.414,3.5033,0.04429936598834237,Non-Viral
C04637,2026-07-20,Instagram,Self-Doubt,Long,Text,Advice,23,14408,142241,638,76,75,61,0.403,33,5.9,0.813,5.4137,0.04470380344253193,Non-Viral
C00433,2026-07-20,Instagram,Social Anxiety,Short,Text,Advice,34,79658,140090,3765,458,435,541,0.674,204,6.527,1.244,6.2222,0.07275727736071706,Viral
C04356,2026-07-20,Instagram,Burnout,Long,Visual,Question,51,47275,68886,3613,282,507,546,0.539,120,10.466,1.077,10.2433,0.0630856160761502,Non-Viral
C02424,2026-07-20,YouTube,Dating,Short,Visual,Story,25,146514,125182,6572,559,1214,1061,0.514,298,6.42,0.874,6.7492,0.05787344281092592,Non-Viral
C00302,2026-07-20,Instagram,Family Pressure,Short,Visual,List,29,7835,116141,379,23,74,69,0.662,27,6.956,0.932,7.4537,0.07353248245054245,Viral
C02372,2026-07-20,Instagram,Dating,Short,Visual,Story,31,42483,124640,3936,161,314,165,0.523,159,10.771,0.525,8.195,0.05735967092719441,Non-Viral
C00524,2026-07-20,Instagram,College Life,Short,Visual,Question,34,144116,225781,5477,366,1039,681,0.577,194,5.248,0.655,5.3891,0.06274281273418635,Non-Viral
C02334,2026-07-20,YouTube,Friendship,Short,Text,Story,58,8837,248016,463,63,102,21,0.519,18,7.344,0.206,7.627,0.058876349439855154,Non-Viral
C00794,2026-07-20,Instagram,Self-Doubt,Long,Visual,Question,43,119166,148816,10668,395,1235,590,0.388,242,10.815,0.478,9.0726,0.045446191027642115,Non-Viral
C04666,2026-07-20,Instagram,Burnout,Short,Visual,List,45,101805,21894,4142,450,232,241,0.547,110,4.975,1.039,3.8544,0.05709870340356565,Non-Viral
C04243,2026-07-20,Instagram,Burnout,Long,Text,Confession,36,1957,55693,95,6,7,7,0.46,3,5.876,1.0,4.6755,0.04914256515074093,Non-Viral
C04623,2026-07-20,YouTube,Friendship,Long,Text,List,27,34033,81050,1537,174,183,153,0.433,87,6.015,0.836,5.5373,0.047835303969676495,Non-Viral
C01923,2026-07-20,Instagram,Friendship,Long,Text,Question,21,132661,165316,9411,367,1322,1719,0.393,295,9.663,1.3,9.5431,0.04808668184319431,Non-Viral
C03521,2026-07-20,YouTube,Friendship,Short,Visual,Question,39,24852,124854,2699,214,332,288,0.76,92,14.216,0.867,13.0472,0.08677981651376147,Viral
C04223,2026-07-20,Instagram,Dating,Long,Visual,Story,51,163845,246136,6408,491,443,618,0.432,81,4.858,1.395,3.9705,0.04599776618145199,Non-Viral
C00605,2026-07-20,Instagram,College Life,Short,Visual,Confession,34,3732,99964,208,19,30,27,0.655,11,7.61,0.9,7.4089,0.07205144694533762,Viral
C01587,2026-07-20,Instagram,Burnout,Long,Text,Confession,53,53022,201180,2624,242,146,270,0.384,130,6.19,1.849,5.0036,0.04185139753309947,Non-Viral
C02455,2026-07-21,Instagram,Burnout,Short,Visual,Story,17,138605,150255,15737,534,1543,1396,0.681,267,13.86,0.905,11.6089,0.07670899678943761,Viral
C04722,2026-07-21,Instagram,Dating,Short,Text,List,24,46047,184431,2603,223,471,336,0.482,77,7.89,0.713,8.0809,0.055718405107824616,Non-Viral
C01987,2026-07-21,YouTube,Social Anxiety,Short,Visual,Question,21,102349,248609,8968,1526,2216,1909,0.611,329,14.283,0.861,16.8433,0.07867515950326823,Viral
C03630,2026-07-21,Instagram,Dating,Short,Text,List,49,111063,97261,4160,390,849,888,0.412,122,5.661,1.046,6.2919,0.04756530617757489,Non-Viral
C04934,2026-07-21,Instagram,Career Stress,Short,Visual,Advice,29,176247,208986,19877,714,774,2745,0.615,877,13.68,3.547,10.679,0.0687562937241485,Viral
C03067,2026-07-21,YouTube,Social Anxiety,Long,Visual,Advice,38,1703,18603,128,4,4,15,0.382,3,8.867,3.75,6.5766,0.042251673517322376,Non-Viral
C02081,2026-07-21,YouTube,Social Anxiety,Long,Text,List,11,6669,241429,342,53,68,30,0.56,6,7.392,0.441,7.7148,0.06313000449842555,Non-Viral
C03440,2026-07-21,YouTube,Dating,Short,Visual,List,33,162991,177904,11089,1398,2043,1382,0.503,296,9.763,0.676,10.1444,0.05977076832463143,Non-Viral
C00482,2026-07-21,Instagram,Self-Doubt,Short,Visual,Advice,14,67661,184558,3106,196,455,117,0.635,170,5.726,0.257,5.093,0.06747939728942817,Viral
C04862,2026-07-21,YouTube,Social Anxiety,Long,Visual,List,39,152548,65722,10109,747,795,824,0.494,605,8.178,1.036,6.6917,0.05410015994965519,Non-Viral
C00038,2026-07-21,Instagram,Career Stress,Short,Visual,Confession,30,161219,104664,8153,755,509,1375,0.505,599,6.694,2.701,5.8839,0.055181830305361036,Non-Viral
C01040,2026-07-21,Instagram,Burnout,Long,Visual,Confession,37,147540,169717,6703,495,1127,567,0.511,373,6.027,0.503,5.835,0.056193533956893055,Non-Viral
C01971,2026-07-21,YouTube,Burnout,Long,Text,Story,35,60539,226872,3633,407,290,497,0.435,236,7.973,1.714,7.088,0.049126951221526625,Non-Viral
C02822,2026-07-21,Instagram,Career Stress,Short,Visual,Advice,44,149081,235415,6556,889,1676,1237,0.565,152,6.948,0.738,8.1254,0.0649427257665296,Non-Viral
C03523,2026-07-21,Instagram,Friendship,Short,Text,Question,26,59662,136579,3863,416,283,146,0.473,179,7.891,0.516,6.1957,0.051214551976132214,Non-Viral
C00334,2026-07-21,YouTube,Family Pressure,Short,Visual,Question,34,64982,42920,4204,200,896,858,0.583,88,9.476,0.958,10.4737,0.0689275584007879,Viral
C00545,2026-07-21,YouTube,Family Pressure,Short,Text,Question,38,145660,247067,6900,341,1056,738,0.568,350,6.203,0.699,5.9079,0.06193353013867911,Non-Viral
C04735,2026-07-21,Instagram,Career Stress,Short,Text,Story,45,45888,221618,3959,404,173,277,0.57,131,10.489,1.601,7.9727,0.06182805962343096,Non-Viral
C00553,2026-07-21,Instagram,Friendship,Long,Text,Story,49,101678,38156,6053,394,1429,503,0.451,294,8.241,0.352,8.7634,0.053489720490174864,Non-Viral
C03540,2026-07-21,Instagram,Family Pressure,Long,Visual,List,20,55373,222239,2540,273,166,224,0.466,66,5.784,1.349,4.7415,0.04990215086775143,Non-Viral
C02406,2026-07-21,Instagram,Dating,Long,Text,Confession,36,41278,180877,3502,336,219,180,0.422,200,10.265,0.822,7.9267,0.047116662629003346,Non-Viral
C00388,2026-07-21,YouTube,Dating,Short,Visual,List,22,42952,78036,3145,145,294,282,0.501,119,9.001,0.959,7.534,0.05565620227230397,Non-Viral
C04539,2026-07-22,YouTube,Friendship,Long,Visual,List,42,72457,132296,4894,272,394,716,0.521,267,8.662,1.817,7.5479,0.058074578025587596,Non-Viral
C04661,2026-07-22,Instagram,Career Stress,Short,Visual,Question,11,152080,54755,8057,606,2002,515,0.521,563,7.351,0.257,7.8732,0.05963748027354025,Non-Viral
C01865,2026-07-22,YouTube,Friendship,Short,Text,List,34,42607,137428,3096,267,277,160,0.484,65,8.919,0.578,7.2746,0.05339213744220433,Non-Viral
C03625,2026-07-22,Instagram,Social Anxiety,Short,Visual,List,59,144443,115295,5904,1017,847,738,0.535,416,5.889,0.871,5.8809,0.058727667661292005,Non-Viral
C00582,2026-07-22,Instagram,Burnout,Short,Visual,Advice,28,70535,161775,5692,547,415,700,0.543,297,10.426,1.687,8.948,0.061088119373360755,Non-Viral
C03381,2026-07-22,Instagram,Self-Doubt,Short,Visual,Confession,23,17012,168087,1289,156,214,234,0.673,40,11.127,1.093,11.6888,0.07846270867622855,Viral
C02286,2026-07-22,YouTube,Social Anxiety,Short,Visual,Advice,35,23552,214894,1427,156,216,165,0.568,45,8.339,0.764,8.1755,0.06402231657608695,Non-Viral
C02863,2026-07-22,Instagram,Family Pressure,Short,Visual,Question,32,99692,32960,3672,372,456,532,0.596,179,5.048,1.167,4.8409,0.06381899450306945,Non-Viral
C01933,2026-07-22,YouTube,Social Anxiety,Short,Visual,Question,24,8111,209437,723,44,87,61,0.55,48,11.281,0.701,9.9926,0.06289668351621255,Non-Viral
C00611,2026-07-22,Instagram,Burnout,Short,Visual,Confession,62,101337,16037,6411,574,675,372,0.57,333,7.926,0.551,6.7453,0.061948340685041,Non-Viral
C04073,2026-07-22,Instagram,Friendship,Short,Text,Confession,36,178478,21565,18576,534,1391,1375,0.544,492,12.257,0.988,9.5317,0.060667158977577074,Non-Viral
C00090,2026-07-22,Instagram,Self-Doubt,Short,Visual,Story,19,56801,208512,2212,257,240,203,0.529,31,5.127,0.846,4.6082,0.05655222443266844,Non-Viral
C00101,2026-07-22,Instagram,Career Stress,Long,Text,Question,34,118770,82452,2665,439,369,461,0.451,210,3.312,1.249,3.3847,0.04821694872442536,Non-Viral
C03740,2026-07-22,Instagram,Family Pressure,Short,Visual,List,35,95974,162137,6764,548,377,712,0.524,379,8.753,1.889,7.0425,0.057249750974222184,Non-Viral
C03127,2026-07-22,YouTube,Dating,Short,Visual,Confession,49,177722,39523,8235,734,705,530,0.588,420,5.742,0.752,4.7228,0.06209925389090827,Non-Viral
C03230,2026-07-22,Instagram,Friendship,Long,Text,List,36,134017,44817,7060,796,394,718,0.395,128,6.692,1.822,5.4784,0.04332115701739332,Non-Viral
C00084,2026-07-22,Instagram,Friendship,Long,Text,Question,50,69660,241514,4773,561,861,532,0.415,239,9.657,0.618,9.8694,0.050561154177433246,Non-Viral
C02246,2026-07-22,Instagram,Dating,Short,Visual,List,53,137795,34926,7672,506,366,607,0.671,252,6.641,1.658,5.0125,0.07016760042091513,Viral
C03190,2026-07-22,YouTube,Dating,Long,Text,List,27,21453,134795,705,60,49,51,0.34,35,4.032,1.041,3.2233,0.03616053698783387,Non-Viral
C04675,2026-07-22,Instagram,Friendship,Long,Text,Story,51,132935,235865,11013,1098,721,1283,0.44,289,10.618,1.779,8.9386,0.0505750178658743,Non-Viral
C02790,2026-07-22,Instagram,Friendship,Short,Visual,Story,19,30821,211754,2100,62,231,338,0.607,65,8.861,1.463,8.1503,0.06766440738457545,Viral
C03051,2026-07-23,Instagram,Dating,Short,Text,Confession,24,59408,65949,5536,291,394,682,0.571,271,11.62,1.731,9.6797,0.06426317667654188,Non-Viral
C04891,2026-07-23,Instagram,Dating,Long,Visual,Advice,22,33398,220691,1918,189,251,223,0.335,64,7.728,0.888,7.3103,0.03973390622192946,Non-Viral
C01080,2026-07-23,Instagram,Family Pressure,Long,Visual,Question,19,45650,228212,3830,271,202,249,0.486,66,9.972,1.233,7.5038,0.05311807228915663,Non-Viral
C01969,2026-07-23,YouTube,Friendship,Short,Visual,List,18,151319,201517,10240,1186,2279,1485,0.584,457,10.038,0.652,11.0403,0.06929717748597335,Viral
C00816,2026-07-23,Instagram,Family Pressure,Short,Text,Confession,26,118682,97271,2958,110,269,144,0.469,126,2.933,0.535,2.3078,0.04842297736809288,Non-Viral
C01650,2026-07-23,Instagram,Family Pressure,Long,Text,List,32,74903,198839,3325,164,548,428,0.42,234,5.961,0.781,5.8856,0.04733489980374618,Non-Viral
C03148,2026-07-23,Instagram,Burnout,Short,Text,Story,53,20764,155428,1724,178,85,189,0.562,58,10.48,2.224,8.4858,0.062058697746099026,Non-Viral
C01659,2026-07-23,Instagram,Family Pressure,Short,Text,Confession,24,114044,157435,4926,415,647,597,0.558,93,5.774,0.923,5.4545,0.06046925046473292,Non-Viral
C02704,2026-07-23,Instagram,Dating,Short,Visual,List,40,11358,75050,609,62,97,90,0.539,15,7.554,0.928,7.6466,0.06093909138932911,Non-Viral
C01016,2026-07-23,YouTube,Family Pressure,Short,Visual,List,40,49792,134457,2919,210,436,507,0.581,81,8.178,1.163,8.2272,0.06572773136246787,Non-Viral
C03507,2026-07-23,YouTube,College Life,Short,Text,List,28,80234,199901,2239,213,297,240,0.497,72,3.725,0.808,3.5023,0.052661338086098165,Non-Viral
C04943,2026-07-23,YouTube,Burnout,Short,Visual,Question,12,173833,30769,14849,1605,1572,1008,0.55,482,10.95,0.641,9.5287,0.06219397352631549,Non-Viral
C01086,2026-07-23,YouTube,Family Pressure,Long,Visual,Advice,23,90747,59933,2382,138,284,152,0.384,79,3.257,0.535,2.8144,0.040538913683096964,Non-Viral
C00589,2026-07-23,Instagram,Family Pressure,Short,Visual,Confession,38,141950,157130,8945,564,609,1565,0.526,228,8.23,2.57,7.2388,0.05843409651285665,Non-Viral
C02784,2026-07-23,Instagram,Burnout,Short,Text,Confession,29,144202,32511,7817,728,502,1274,0.514,483,7.157,2.538,6.279,0.05637427220149513,Non-Viral
C01097,2026-07-23,YouTube,Career Stress,Short,Visual,Confession,51,150241,176562,8776,624,1310,1167,0.604,380,7.905,0.891,7.7129,0.06727695103200858,Viral
C02208,2026-07-23,Instagram,College Life,Short,Visual,Question,29,15438,196602,973,126,171,109,0.739,20,8.933,0.637,9.1106,0.08222685581033813,Viral
C04973,2026-07-23,Instagram,Self-Doubt,Short,Text,Confession,23,178147,78809,8033,399,1469,596,0.519,462,5.892,0.406,5.7335,0.05695032360915424,Non-Viral
C04366,2026-07-23,Instagram,College Life,Long,Text,Confession,49,23155,200943,798,39,185,93,0.436,65,4.815,0.503,5.176,0.048652904340315266,Non-Viral
C00868,2026-07-23,Instagram,Dating,Short,Visual,Advice,20,126111,222906,8674,422,1555,387,0.515,506,8.753,0.249,8.2538,0.058471239622237554,Non-Viral
C04847,2026-07-23,Instagram,Burnout,Short,Text,Question,17,31604,41838,795,88,84,133,0.493,23,3.481,1.583,3.3145,0.052176218200227824,Non-Viral
C04696,2026-07-23,YouTube,Friendship,Long,Visual,Advice,47,9186,25945,382,22,59,56,0.559,10,5.65,0.949,5.5846,0.060978380143696935,Non-Viral
C04483,2026-07-23,Instagram,Friendship,Long,Text,Question,44,65309,125739,4640,706,862,478,0.474,119,10.237,0.555,10.5973,0.05715669509562235,Non-Viral
C02826,2026-07-24,Instagram,Self-Doubt,Long,Text,Confession,33,54777,215069,3678,283,738,626,0.385,80,9.721,0.848,10.4597,0.048766170107892005,Non-Viral
C04108,2026-07-24,Instagram,Social Anxiety,Short,Visual,Story,30,119462,27141,6968,693,1326,1157,0.497,412,8.491,0.873,9.0535,0.05847057139508798,Non-Viral
C03572,2026-07-24,Instagram,Social Anxiety,Short,Text,Advice,43,127146,21671,6086,345,391,651,0.486,134,5.877,1.665,4.7469,0.05192688405455147,Non-Viral
C01093,2026-07-24,YouTube,Burnout,Short,Visual,List,48,13562,201677,1533,36,200,90,0.594,49,13.707,0.45,11.8014,0.0684252175195399,Viral
C00963,2026-07-24,Instagram,Dating,Long,Text,Confession,18,122710,175596,5707,523,763,185,0.267,282,5.85,0.242,5.1316,0.030589658544535898,Non-Viral
C04641,2026-07-24,Instagram,Burnout,Short,Visual,Question,49,127022,215219,9142,536,556,999,0.653,462,8.843,1.797,7.1177,0.07026213254396878,Viral
C00459,2026-07-24,Instagram,Career Stress,Short,Visual,Story,34,118428,128103,5585,586,551,774,0.55,363,6.33,1.405,5.8031,0.05979658526699767,Non-Viral
C01500,2026-07-24,Instagram,Social Anxiety,Short,Visual,Confession,47,173641,7756,12578,883,542,540,0.793,627,8.375,0.996,5.943,0.0824003622416365,Viral
C02457,2026-07-24,YouTube,Social Anxiety,Short,Text,Confession,31,71070,235601,2675,114,313,313,0.428,128,4.805,1.0,4.3246,0.046343689320388355,Non-Viral
C00093,2026-07-24,YouTube,Friendship,Short,Visual,Confession,30,71407,9467,4450,258,522,305,0.566,150,7.751,0.584,6.7052,0.061712944109120954,Non-Viral
C01961,2026-07-24,Instagram,Social Anxiety,Short,Text,Advice,43,82449,75315,3228,270,198,430,0.598,78,5.004,2.172,4.2123,0.06293648437215733,Non-Viral
C01126,2026-07-24,Instagram,Self-Doubt,Short,Text,List,24,57915,16830,4380,172,250,542,0.603,227,9.227,2.168,7.3936,0.0654955451955452,Non-Viral
C04548,2026-07-24,Instagram,Self-Doubt,Short,Visual,Question,49,53037,227715,2080,123,103,303,0.571,75,4.919,2.942,4.034,0.06003568640760224,Non-Viral
C03459,2026-07-24,YouTube,Career Stress,Short,Text,Advice,37,117534,63384,10805,1009,1021,1321,0.462,146,12.044,1.294,10.7382,0.05476858440961765,Non-Viral
C00590,2026-07-24,YouTube,Burnout,Short,Text,Question,32,89378,222794,4346,368,331,271,0.425,333,5.948,0.819,4.7663,0.045693738951419816,Non-Viral
C00513,2026-07-24,YouTube,Self-Doubt,Short,Text,Confession,52,81959,110051,2342,290,308,399,0.447,54,4.074,1.295,4.0606,0.04838232896936273,Non-Viral
C01125,2026-07-24,YouTube,Dating,Long,Text,List,54,143390,208086,12018,1111,1047,1058,0.44,641,10.624,1.011,9.0191,0.05066155240951252,Non-Viral
C00019,2026-07-24,Instagram,Social Anxiety,Short,Visual,Question,33,42651,246676,4014,122,487,598,0.58,130,12.241,1.228,11.3643,0.06777351058591827,Viral
C02451,2026-07-24,Instagram,Friendship,Short,Visual,List,45,167256,42524,6721,490,676,1006,0.526,356,5.317,1.488,4.8641,0.056662634524322006,Non-Viral
C02168,2026-07-24,Instagram,Social Anxiety,Long,Visual,Advice,47,104426,247434,7614,351,1269,840,0.287,223,9.647,0.662,9.4043,0.03708584260624749,Non-Viral
C04002,2026-07-24,Instagram,Burnout,Long,Text,List,8,93565,214988,3794,140,191,360,0.45,48,4.793,1.885,3.6338,0.04729733340458505,Non-Viral
C03231,2026-07-24,Instagram,Friendship,Short,Visual,Question,53,32160,172031,1109,111,83,134,0.617,64,4.468,1.614,3.8495,0.06462910447761194,Non-Viral
C01024,2026-07-24,Instagram,Burnout,Long,Text,Question,21,141971,239653,6243,364,425,898,0.339,221,5.586,2.113,4.7464,0.03752926231413458,Non-Viral
C04762,2026-07-25,YouTube,Dating,Short,Visual,Story,31,161956,129774,12402,671,1760,523,0.676,882,9.482,0.297,8.3563,0.07408046382968214,Viral
C02149,2026-07-25,Instagram,Friendship,Short,Visual,Question,39,71849,129473,3794,481,642,385,0.485,112,7.379,0.6,7.3968,0.0551326601622848,Non-Viral
C04919,2026-07-25,Instagram,Social Anxiety,Long,Visual,List,43,43232,134444,1342,202,325,307,0.392,34,5.033,0.945,5.9285,0.04541414692820134,Non-Viral
C01599,2026-07-25,YouTube,Social Anxiety,Long,Text,Story,59,74786,37153,3564,384,330,308,0.362,217,6.132,0.933,5.3005,0.04019138876260263,Non-Viral
C03998,2026-07-25,Instagram,College Life,Short,Visual,List,27,173248,13443,7759,439,1567,895,0.47,151,6.153,0.571,6.366,0.05300006926486886,Non-Viral
C00775,2026-07-25,YouTube,Career Stress,Short,Visual,Confession,27,89322,240198,8395,617,344,705,0.642,450,11.264,2.049,8.4694,0.0693370323100692,Viral
C00723,2026-07-25,YouTube,Family Pressure,Short,Text,Confession,37,135270,54088,4286,559,904,618,0.396,94,4.707,0.684,5.1227,0.044597782213351075,Non-Viral
C01144,2026-07-25,Instagram,Self-Doubt,Short,Text,Question,20,98783,145218,5782,931,579,526,0.435,252,7.914,0.908,7.1637,0.04914874522944232,Non-Viral
C04280,2026-07-25,YouTube,Career Stress,Short,Visual,Story,37,51745,168727,1867,78,147,143,0.551,33,4.319,0.973,3.4351,0.057433558797951506,Non-Viral
C01657,2026-07-25,YouTube,Burnout,Short,Visual,List,16,103162,230751,3861,606,316,226,0.535,186,4.855,0.715,4.1096,0.056416771679494396,Non-Viral
C03629,2026-07-25,Instagram,Family Pressure,Long,Visual,List,48,177885,79494,7386,447,386,861,0.404,104,5.104,2.231,4.072,0.043205464204401724,Non-Viral
C04785,2026-07-25,YouTube,Social Anxiety,Short,Visual,Story,15,12512,212328,633,67,95,112,0.618,39,7.249,1.179,7.4009,0.06870537084398977,Viral
C00361,2026-07-25,Instagram,Friendship,Long,Text,Story,31,95189,121934,6627,499,776,1050,0.292,205,9.404,1.353,8.9191,0.036964027356102075,Non-Viral
C02036,2026-07-25,Instagram,Dating,Long,Text,Advice,32,75786,49134,3427,291,479,391,0.524,136,6.054,0.816,5.7649,0.0573679360304014,Non-Viral
C04057,2026-07-25,YouTube,Self-Doubt,Short,Visual,Question,36,37407,158064,1305,87,101,151,0.539,43,4.395,1.495,3.7105,0.05667488170663245,Non-Viral
C00477,2026-07-25,YouTube,Career Stress,Short,Visual,Confession,39,154878,51219,5752,660,824,978,0.583,109,5.304,1.187,5.3552,0.06322774958354317,Non-Viral
C04857,2026-07-25,YouTube,Dating,Short,Text,Story,21,49481,168355,2706,232,320,164,0.683,170,6.916,0.512,6.0407,0.07290782926779978,Viral
C02439,2026-07-25,Instagram,College Life,Short,Visual,Question,24,41999,52095,2590,409,361,141,0.504,144,8.336,0.391,7.7942,0.05673586513964618,Non-Viral
C00865,2026-07-25,Instagram,Family Pressure,Short,Text,List,43,152998,119286,6840,804,840,646,0.58,372,5.967,0.769,5.5151,0.06252554935358631,Non-Viral
C03316,2026-07-25,YouTube,Social Anxiety,Short,Text,List,28,33056,105840,2778,248,555,221,0.67,47,11.502,0.398,11.7014,0.07768641093901259,Viral
C01884,2026-07-25,Instagram,Career Stress,Long,Visual,List,26,178791,145841,9008,1301,1876,2165,0.424,760,8.026,1.154,9.1803,0.05184594526570129,Non-Viral
C01844,2026-07-25,Instagram,Family Pressure,Short,Text,Question,45,25979,214025,1762,104,279,220,0.645,25,9.104,0.789,8.9072,0.07247374802725279,Viral
C02621,2026-07-25,Instagram,College Life,Long,Visual,Advice,22,82246,101426,5296,429,842,285,0.491,96,8.331,0.338,7.7663,0.05552888407946892,Non-Viral
C01548,2026-07-26,Instagram,Burnout,Short,Visual,Advice,18,89049,220496,6823,911,547,984,0.565,119,10.404,1.799,9.4184,0.06411378566856449,Non-Viral
C04319,2026-07-26,Instagram,Self-Doubt,Short,Text,Question,37,110316,55581,7747,576,822,567,0.433,239,8.804,0.69,7.5578,0.04897823343848581,Non-Viral
C01163,2026-07-26,YouTube,Burnout,Short,Text,Confession,43,17390,214750,525,36,53,88,0.546,32,4.037,1.66,3.7464,0.057800115008625655,Non-Viral
C01007,2026-07-26,Instagram,Friendship,Long,Text,Question,16,98459,173232,3348,237,249,388,0.505,63,4.288,1.558,3.6081,0.05318131912775877,Non-Viral
C02919,2026-07-26,Instagram,Burnout,Short,Text,Confession,47,7357,153342,588,58,57,79,0.62,16,10.629,1.386,9.6507,0.06989044447465,Viral
C02673,2026-07-26,YouTube,Self-Doubt,Short,Visual,Advice,32,152601,239950,10951,455,1487,1525,0.497,288,9.448,1.026,8.9573,0.05753022391727446,Non-Viral
C03966,2026-07-26,YouTube,College Life,Long,Text,Advice,28,108507,41033,2914,541,326,513,0.393,125,3.957,1.574,3.9375,0.042818206198678425,Non-Viral
C01896,2026-07-26,Instagram,Burnout,Short,Text,Confession,41,17019,222620,682,27,77,48,0.466,27,4.9,0.623,4.163,0.049720042305658387,Non-Viral
C03710,2026-07-26,YouTube,Burnout,Short,Text,Story,43,57837,172267,4599,298,219,626,0.516,244,9.928,2.858,8.0493,0.05732384459774885,Non-Viral
C01158,2026-07-26,Instagram,College Life,Long,Text,Question,34,168397,37381,4795,395,587,597,0.47,112,3.785,1.017,3.5303,0.04998401990534273,Non-Viral
C01863,2026-07-26,YouTube,Dating,Long,Visual,List,34,46782,19662,4074,384,748,299,0.421,221,11.767,0.4,11.6605,0.052443721944337565,Non-Viral
C00297,2026-07-26,Instagram,College Life,Long,Visual,Confession,29,56260,106712,1859,306,132,186,0.566,83,4.413,1.409,3.8331,0.05946349093494489,Non-Viral
C00856,2026-07-26,Instagram,Friendship,Short,Text,Advice,20,123847,58868,6117,327,259,836,0.632,95,6.087,3.228,4.8431,0.06656221305320274,Viral
C03806,2026-07-26,Instagram,Self-Doubt,Short,Visual,Confession,50,178690,188388,20658,2235,2124,1765,0.543,882,14.988,0.831,13.198,0.06448831495886732,Non-Viral
C04839,2026-07-26,Instagram,Family Pressure,Short,Visual,Question,35,76285,115801,6910,651,997,653,0.67,313,12.074,0.655,11.442,0.07672930458150358,Viral
C04475,2026-07-26,Instagram,Friendship,Short,Visual,List,18,41131,179504,4171,299,329,315,0.625,231,12.433,0.957,10.0921,0.06948743040529042,Viral
C00650,2026-07-26,Instagram,College Life,Short,Visual,Advice,24,155508,179921,13573,363,1743,1153,0.628,396,10.824,0.662,9.5596,0.07041825758160353,Viral
C03936,2026-07-26,Instagram,Self-Doubt,Short,Text,Story,39,115282,22212,7010,621,947,927,0.631,321,8.245,0.979,7.921,0.07001695147551222,Viral
C00882,2026-07-26,YouTube,Dating,Long,Visual,Advice,33,115719,128323,9617,1051,1287,793,0.503,217,11.016,0.616,10.2248,0.05872299017447438,Non-Viral
C02319,2026-07-26,Instagram,Family Pressure,Short,Visual,Story,48,135276,143757,10876,570,1444,903,0.657,530,10.196,0.625,9.1894,0.0731381264969396,Viral
C04781,2026-07-26,YouTube,Dating,Short,Text,List,19,36385,182614,1627,288,201,85,0.526,51,6.049,0.423,5.5476,0.056974055242545014,Non-Viral
C03918,2026-07-26,Instagram,Self-Doubt,Short,Text,Question,34,12722,65368,1236,91,156,96,0.578,32,12.412,0.615,11.1185,0.06665473982078289,Viral
C00560,2026-07-26,Instagram,Burnout,Long,Text,Advice,45,12939,57827,588,69,102,85,0.477,17,6.523,0.833,6.7509,0.054018108045444005,Non-Viral
C03778,2026-07-26,YouTube,Dating,Long,Visual,List,51,120847,155417,5530,148,876,411,0.406,209,5.763,0.469,5.3266,0.04506597764114956,Non-Viral
C04327,2026-07-26,Instagram,Friendship,Short,Text,Story,26,142982,58468,6672,390,390,531,0.469,325,5.583,1.362,4.3033,0.049650695891790574,Non-Viral
C04897,2026-07-26,Instagram,Social Anxiety,Short,Text,List,63,35076,60110,1463,180,125,277,0.581,71,5.83,2.216,5.5038,0.06284255901471092,Non-Viral
C03156,2026-07-26,Instagram,Burnout,Long,Visual,Confession,45,2414,12048,192,21,32,11,0.534,2,10.605,0.344,10.1698,0.06203711681855841,Non-Viral
C03334,2026-07-26,YouTube,Self-Doubt,Short,Text,List,44,24811,213182,1513,117,141,135,0.587,23,7.682,0.957,6.5495,0.063597021482407,Non-Viral
C02655,2026-07-26,Instagram,Self-Doubt,Short,Visual,Advice,50,11983,99516,332,15,56,29,0.552,20,3.605,0.518,3.4591,0.05821677376283068,Non-Viral
C00780,2026-07-26,Instagram,Burnout,Short,Visual,List,30,63012,71980,2918,294,249,245,0.486,270,5.881,0.984,4.9784,0.05224454389640069,Non-Viral
C03332,2026-07-26,Instagram,Friendship,Short,Text,Question,29,146461,171672,6093,372,820,540,0.617,201,5.343,0.659,4.8781,0.06570652733492192,Non-Viral
C01314,2026-07-27,Instagram,Family Pressure,Short,Text,Confession,34,47805,152513,4455,457,640,359,0.42,216,12.365,0.561,11.6118,0.05171132726702228,Non-Viral
C01560,2026-07-27,YouTube,Career Stress,Short,Visual,Confession,33,109746,99354,9223,903,1097,669,0.677,156,10.836,0.61,9.6541,0.07526109562079712,Viral
C02672,2026-07-27,Instagram,Social Anxiety,Long,Visual,Advice,58,16708,139953,512,23,115,59,0.435,25,4.243,0.513,4.5098,0.047863179315298064,Non-Viral
C01465,2026-07-27,Instagram,Self-Doubt,Long,Visual,List,14,30676,36147,1164,95,151,182,0.492,75,5.19,1.205,5.0251,0.05365951232233668,Non-Viral
C04704,2026-07-27,YouTube,Burnout,Short,Visual,List,42,104627,170734,5792,709,538,972,0.523,279,7.657,1.807,7.185,0.058417445783593154,Non-Viral
C01127,2026-07-27,YouTube,Burnout,Short,Text,Question,35,118466,95472,2404,229,527,156,0.524,155,2.799,0.296,2.9025,0.0550868468590144,Non-Viral
C00146,2026-07-27,YouTube,Social Anxiety,Long,Visual,Story,36,158975,57526,9232,665,788,641,0.566,299,7.124,0.813,5.8245,0.06066762069507784,Non-Viral
C01150,2026-07-27,YouTube,College Life,Long,Visual,Story,29,10293,79628,677,71,145,56,0.654,36,9.22,0.386,9.6376,0.07440612066452928,Viral
C01552,2026-07-27,YouTube,Career Stress,Long,Text,Advice,30,26849,37858,689,17,80,44,0.452,24,3.091,0.55,2.5997,0.04712744608737756,Non-Viral
C04184,2026-07-27,YouTube,Social Anxiety,Short,Visual,Advice,38,97427,138585,5555,292,503,735,0.674,276,7.272,1.461,6.3581,0.07243607829451795,Viral
C02150,2026-07-27,Instagram,College Life,Short,Visual,Question,32,2292,9612,86,8,13,11,0.556,4,5.148,0.846,5.0611,0.06011570680628273,Non-Viral
C00835,2026-07-27,Instagram,Self-Doubt,Short,Visual,Question,36,149436,10741,9023,1028,1102,952,0.577,305,8.1,0.864,7.5373,0.06396154340319601,Non-Viral
C04148,2026-07-27,Instagram,Burnout,Long,Text,Confession,31,174807,157569,12243,508,836,836,0.393,438,8.251,1.0,6.329,0.04332272220220014,Non-Viral
C04971,2026-07-27,Instagram,Family Pressure,Long,Text,Confession,21,173006,202710,9183,290,678,367,0.269,452,6.08,0.541,4.5053,0.029551353132261312,Non-Viral
C01347,2026-07-27,YouTube,Dating,Long,Visual,Advice,22,87727,176379,3631,162,620,230,0.568,196,5.293,0.371,4.9911,0.061043847390199135,Non-Viral
C02640,2026-07-27,YouTube,College Life,Short,Text,Advice,11,55549,182584,1761,166,210,121,0.466,82,4.065,0.576,3.6031,0.04940293074582801,Non-Viral
C00151,2026-07-27,YouTube,College Life,Short,Visual,Advice,20,103578,146219,9270,755,1180,507,0.479,333,11.307,0.43,9.965,0.05558840873544575,Non-Viral
C01401,2026-07-27,Instagram,Career Stress,Long,Text,List,10,24000,159068,1462,133,189,98,0.384,75,7.842,0.519,7.0562,0.044000000000000004,Non-Viral
C01310,2026-07-27,YouTube,Self-Doubt,Short,Text,List,13,150161,76091,9428,965,1137,386,0.414,292,7.935,0.339,6.8889,0.04654248040436598,Non-Viral
C02512,2026-07-27,Instagram,Dating,Short,Visual,Question,40,158957,177020,5648,226,927,808,0.411,329,4.787,0.872,4.756,0.04546250055046333,Non-Viral
C00125,2026-07-27,Instagram,Social Anxiety,Short,Visual,Confession,33,16659,94726,2064,111,309,238,0.488,113,16.34,0.77,15.6162,0.062432270844588515,Non-Viral
C04067,2026-07-27,Instagram,Career Stress,Long,Visual,Question,20,165602,109851,10129,815,783,1156,0.498,475,7.779,1.476,6.611,0.05476008502312774,Non-Viral
C01856,2026-07-27,YouTube,Dating,Short,Visual,List,45,44491,207087,3402,143,319,150,0.501,164,9.022,0.47,7.1307,0.05482005574161067,Non-Viral
C02377,2026-07-27,Instagram,Dating,Short,Text,Question,50,162067,133027,8975,439,1042,1202,0.399,627,7.193,1.154,6.5874,0.045424567000067875,Non-Viral
C00643,2026-07-27,YouTube,Self-Doubt,Long,Visual,Confession,45,144929,240415,13765,1647,1719,543,0.483,387,12.195,0.316,10.7611,0.05646606752271802,Non-Viral
C00232,2026-07-28,Instagram,Family Pressure,Long,Text,Story,53,110965,51310,3697,253,709,557,0.327,152,4.701,0.786,4.9286,0.03742311089082143,Non-Viral
C04142,2026-07-28,YouTube,Social Anxiety,Short,Text,List,27,137240,219246,9887,699,1530,1134,0.495,350,9.655,0.741,9.3632,0.05775961818711746,Non-Viral
C03379,2026-07-28,YouTube,Friendship,Long,Text,List,61,36091,72337,2594,94,380,351,0.363,126,9.473,0.924,9.0881,0.04434632733922585,Non-Viral
C01042,2026-07-28,Instagram,Dating,Short,Visual,Advice,34,167213,232582,6436,515,1268,431,0.759,110,5.173,0.34,5.1769,0.08054766495427988,Viral
C03732,2026-07-28,Instagram,Career Stress,Short,Visual,Question,30,30866,117605,2329,295,290,96,0.541,153,9.752,0.331,8.6471,0.060694634873323404,Non-Viral
C02153,2026-07-28,Instagram,Burnout,Long,Text,Confession,35,120921,245408,5786,369,466,649,0.408,400,6.012,1.393,5.0798,0.04460206911950778,Non-Viral
C00610,2026-07-28,YouTube,Dating,Long,Visual,Confession,8,29227,194993,814,109,206,104,0.542,78,4.219,0.505,4.7781,0.05899864508844562,Non-Viral
C00006,2026-07-28,Instagram,Dating,Short,Visual,Question,34,111866,52574,4803,401,525,241,0.546,272,5.337,0.459,4.5233,0.0578959076037402,Non-Viral
C00037,2026-07-28,YouTube,College Life,Long,Text,Story,29,170177,32499,4465,710,957,502,0.446,168,3.898,0.525,4.2147,0.048641380445066024,Non-Viral
C01706,2026-07-28,YouTube,Family Pressure,Short,Visual,Confession,14,101024,110204,7533,536,686,516,0.625,393,9.177,0.752,7.5829,0.06788386917960089,Viral
C04451,2026-07-28,Instagram,College Life,Long,Text,Story,22,162421,110995,13921,738,1993,2020,0.418,545,11.496,1.014,11.1356,0.051734368092795885,Non-Viral
C03578,2026-07-28,Instagram,Friendship,Long,Visual,Advice,46,18396,180983,704,22,55,48,0.41,37,4.506,0.873,3.5116,0.04330756686236138,Non-Viral
C02994,2026-07-28,Instagram,Family Pressure,Short,Visual,Confession,39,106087,216806,13303,948,1449,872,0.571,712,15.621,0.602,13.3518,0.06705268034726215,Viral
C03339,2026-07-28,Instagram,Burnout,Long,Text,Story,41,98464,136388,8823,816,1321,912,0.401,174,12.057,0.69,11.6007,0.05015900633734157,Non-Viral
C03962,2026-07-28,YouTube,College Life,Short,Visual,List,23,171615,108010,6018,348,696,804,0.587,159,4.584,1.155,4.2112,0.062234656061533083,Non-Viral
C01247,2026-07-28,Instagram,College Life,Short,Visual,List,8,100536,68726,3582,316,994,811,0.525,180,5.673,0.816,6.8324,0.05984065409405587,Non-Viral
C01292,2026-07-28,Instagram,Self-Doubt,Short,Visual,Question,30,20074,165665,1045,53,145,139,0.579,21,6.885,0.959,6.5508,0.06362382185912126,Non-Viral
C03985,2026-07-28,YouTube,Dating,Long,Text,Question,34,98344,41424,3207,370,519,452,0.458,246,4.625,0.871,4.6973,0.05011800618238022,Non-Viral
C04312,2026-07-28,Instagram,Family Pressure,Short,Text,Story,36,5972,132249,399,30,65,17,0.604,29,8.557,0.262,7.9287,0.06690535833891494,Viral
C04149,2026-07-29,YouTube,Burnout,Short,Visual,Advice,45,108495,151405,10334,488,587,1553,0.609,200,11.947,2.646,9.923,0.06830356698465367,Viral
C00668,2026-07-29,Instagram,Burnout,Short,Text,Story,49,152031,18904,8290,1186,924,1418,0.527,377,7.773,1.535,7.5853,0.05940323815537621,Non-Viral
C02869,2026-07-29,YouTube,Burnout,Short,Text,Confession,42,4293,93517,280,37,26,44,0.424,23,9.015,1.692,8.4207,0.04949294199860238,Non-Viral
C02332,2026-07-29,Instagram,Burnout,Short,Visual,List,50,129968,57809,4892,265,1027,572,0.747,319,5.198,0.557,5.4386,0.07988204481103041,Viral
C04333,2026-07-29,Instagram,Career Stress,Short,Text,Story,36,83144,207135,4623,502,393,965,0.652,339,7.797,2.455,7.4251,0.07171460117386703,Viral
C02198,2026-07-29,Instagram,Friendship,Short,Visual,Advice,23,10244,233316,920,37,135,46,0.568,33,11.109,0.341,9.8838,0.06461921124560718,Non-Viral
C01521,2026-07-29,Instagram,Self-Doubt,Short,Text,List,33,172947,5559,7559,800,442,288,0.707,323,5.255,0.652,3.979,0.07304349251504796,Viral
C01509,2026-07-29,Instagram,Social Anxiety,Long,Visual,Advice,45,174133,160682,18953,1306,2094,2214,0.62,664,14.108,1.057,12.7176,0.07235070894086704,Viral
C01486,2026-07-29,Instagram,College Life,Short,Text,Question,51,53731,249399,2103,90,355,126,0.587,78,4.977,0.355,4.6593,0.06262790009491728,Non-Viral
C01589,2026-07-29,Instagram,Friendship,Short,Text,Question,33,21704,141507,1075,65,93,145,0.551,22,6.349,1.559,5.5474,0.059481680796166614,Non-Viral
C04558,2026-07-29,Instagram,Burnout,Long,Text,Question,58,84284,125146,3911,589,322,368,0.422,181,6.158,1.143,5.3877,0.04627728631768782,Non-Viral
C02601,2026-07-29,Instagram,Dating,Long,Visual,Confession,30,22890,49967,962,62,53,93,0.503,14,5.111,1.755,4.0149,0.05296710353866318,Non-Viral
C01735,2026-07-29,Instagram,Career Stress,Long,Visual,Confession,63,66082,49661,1885,322,284,311,0.301,67,4.24,1.095,4.3877,0.034176753124905423,Non-Viral
C01419,2026-07-29,YouTube,Career Stress,Long,Visual,Story,52,64473,65699,6290,303,254,539,0.497,182,11.456,2.122,8.4369,0.05468580801265646,Non-Viral
C04944,2026-07-29,Instagram,Social Anxiety,Short,Visual,Story,32,104071,134689,6566,648,774,322,0.526,290,7.985,0.416,6.9385,0.057808943894072325,Non-Viral
C02847,2026-07-29,YouTube,Social Anxiety,Short,Text,Question,63,7275,159631,743,65,86,62,0.498,36,13.141,0.721,11.6976,0.059016494845360826,Non-Viral
C02903,2026-07-29,Instagram,Social Anxiety,Long,Text,Story,33,28787,9047,2952,246,360,240,0.479,101,13.193,0.667,11.8283,0.05731049779414319,Non-Viral
C03264,2026-07-29,YouTube,Burnout,Short,Visual,Question,44,18613,73963,1290,83,218,301,0.794,106,10.165,1.381,10.8822,0.09019084510825769,Viral
C04694,2026-07-29,Instagram,Family Pressure,Short,Visual,Confession,38,103444,39756,3299,318,607,287,0.539,165,4.361,0.473,4.371,0.05783401260585438,Non-Viral
C02906,2026-07-29,YouTube,Career Stress,Long,Visual,Confession,33,73749,30520,4743,186,485,805,0.467,184,8.433,1.66,7.7499,0.05331229304804133,Non-Viral
C03107,2026-07-29,Instagram,Self-Doubt,Long,Visual,Story,32,27454,165274,1510,126,146,166,0.463,44,7.096,1.137,6.2432,0.051195461499235095,Non-Viral
C02098,2026-07-29,Instagram,Burnout,Short,Visual,Question,49,165613,246754,16593,1369,847,2115,0.626,591,12.634,2.497,10.338,0.06997260963813227,Viral
C00829,2026-07-29,Instagram,College Life,Short,Text,List,31,20960,153036,458,27,53,34,0.596,17,2.729,0.642,2.3688,0.06141774809160305,Non-Viral
C02482,2026-07-29,Instagram,Social Anxiety,Short,Visual,Question,25,176461,37583,17405,1177,1047,1111,0.452,521,11.753,1.061,8.9714,0.05075930205541168,Non-Viral
C01325,2026-07-30,YouTube,Dating,Short,Visual,Question,8,170545,53152,7931,438,405,1224,0.631,253,5.862,3.022,4.8582,0.06670696590342726,Viral
C00504,2026-07-30,YouTube,Career Stress,Short,Text,Advice,21,161316,82704,13741,421,1778,1175,0.552,374,10.61,0.661,9.4138,0.06273645019712862,Non-Viral
C02818,2026-07-30,YouTube,Friendship,Long,Visual,List,44,20606,89068,1540,133,120,99,0.513,53,9.182,0.825,7.4129,0.05633008832378919,Non-Viral
C01280,2026-07-30,YouTube,Career Stress,Short,Visual,List,41,68972,31829,3239,170,350,380,0.631,66,6.001,1.086,5.342,0.06740609522704866,Viral
C03881,2026-07-30,YouTube,Dating,Long,Visual,Advice,41,163809,237735,13211,485,2125,2282,0.579,605,11.051,1.074,11.1545,0.0683609636833141,Viral
C01734,2026-07-30,YouTube,Social Anxiety,Short,Visual,Story,59,134882,14220,15272,1085,1982,1395,0.57,201,14.631,0.704,13.3446,0.06792176865704838,Viral
C00427,2026-07-30,YouTube,Career Stress,Short,Text,Confession,26,123902,221984,3786,148,253,304,0.519,216,3.625,1.202,2.8103,0.05373411082952656,Non-Viral
C03456,2026-07-30,Instagram,Family Pressure,Short,Text,Advice,14,114465,236769,5655,685,1052,881,0.568,195,7.228,0.837,7.6644,0.06414241908006814,Non-Viral
C04674,2026-07-30,Instagram,Dating,Short,Visual,Story,40,70824,141809,4338,454,572,203,0.62,165,7.86,0.355,7.0202,0.06745577770247374,Viral
C03470,2026-07-30,YouTube,Social Anxiety,Short,Visual,Advice,30,43988,208559,1905,56,121,248,0.594,29,5.297,2.05,4.3091,0.06252016913703738,Non-Viral
C00492,2026-07-30,YouTube,Self-Doubt,Short,Visual,Question,34,171242,43014,5729,610,315,690,0.55,171,4.289,2.19,3.5648,0.05757092302122144,Non-Viral
C03340,2026-07-30,Instagram,Career Stress,Short,Visual,List,28,140033,158355,2963,326,617,485,0.587,211,3.136,0.786,3.4217,0.06207099112352089,Non-Viral
C04749,2026-07-30,YouTube,Burnout,Long,Visual,Advice,54,5792,54452,266,29,35,53,0.48,14,6.613,1.514,6.6903,0.05421546961325967,Non-Viral
C03463,2026-07-30,Instagram,Burnout,Short,Visual,Question,52,149712,152846,7095,954,668,549,0.533,288,6.189,0.822,5.3974,0.057363802500801545,Non-Viral
C03120,2026-07-30,Instagram,Family Pressure,Short,Text,Confession,44,59650,130473,5539,324,270,559,0.527,185,11.219,2.07,8.6899,0.058363034367141665,Non-Viral
C03873,2026-07-30,YouTube,College Life,Long,Text,List,43,159704,118634,7734,683,1469,606,0.444,197,6.57,0.413,6.5812,0.05031907528928518,Non-Viral
C01214,2026-07-30,YouTube,Career Stress,Short,Visual,List,17,43763,65960,4208,122,562,638,0.425,72,12.636,1.135,11.9942,0.05307057331535772,Non-Viral
C02558,2026-07-30,Instagram,Family Pressure,Short,Text,List,66,65208,68903,3378,415,617,239,0.765,62,7.129,0.387,7.1165,0.0828121089436879,Viral
C04754,2026-07-31,Instagram,Family Pressure,Long,Text,List,65,95121,136484,1666,124,153,327,0.371,94,2.386,2.137,2.2414,0.03905067335288737,Non-Viral
C02756,2026-07-31,YouTube,Burnout,Long,Text,Question,52,155036,238173,8849,1009,668,657,0.455,499,7.213,0.984,5.9702,0.04968644701875694,Non-Viral
C01023,2026-07-31,Instagram,Self-Doubt,Long,Text,Advice,26,4045,81582,211,9,22,38,0.399,10,6.922,1.727,6.4524,0.04549950556242275,Non-Viral
C02105,2026-07-31,YouTube,Career Stress,Short,Visual,Story,39,54352,94889,3751,144,586,373,0.524,122,8.931,0.637,8.4551,0.05970791875183986,Non-Viral
C02797,2026-07-31,YouTube,College Life,Long,Text,List,60,33393,179658,1229,99,139,138,0.385,25,4.806,0.993,4.3602,0.04205763183900818,Non-Viral
C03841,2026-07-31,YouTube,Social Anxiety,Short,Text,Advice,25,10761,134986,869,72,48,85,0.513,51,9.98,1.771,7.9593,0.056680540841929195,Non-Viral
C02879,2026-07-31,Instagram,Career Stress,Short,Visual,List,52,41537,34312,1289,106,145,187,0.537,100,4.158,1.29,3.8821,0.05700428292847341,Non-Viral
C04479,2026-07-31,YouTube,Career Stress,Short,Visual,Confession,44,172179,64448,16856,888,1207,2516,0.462,934,12.468,2.085,10.6941,0.05451198926698378,Non-Viral
C04540,2026-07-31,YouTube,Social Anxiety,Long,Visual,List,33,5821,211843,137,23,33,23,0.374,8,3.711,0.697,4.2604,0.04172915306648342,Non-Viral
C04609,2026-07-31,Instagram,Career Stress,Long,Visual,Confession,37,158339,93915,12904,1495,909,840,0.536,447,10.198,0.924,8.2743,0.05919116831608133,Non-Viral
C04550,2026-07-31,Instagram,Family Pressure,Short,Visual,Story,57,154815,212501,13496,1667,702,1298,0.436,271,11.086,1.849,9.0111,0.049770913671155895,Non-Viral
C04426,2026-08-01,Instagram,Family Pressure,Short,Visual,Question,34,44525,17526,1729,190,217,124,0.721,94,5.076,0.571,4.6008,0.07576872543514879,Viral
C02386,2026-08-01,YouTube,Social Anxiety,Short,Visual,Story,48,163926,138099,15190,859,837,1747,0.509,1205,11.367,2.087,9.0825,0.05718088283737784,Non-Viral
C03160,2026-08-01,YouTube,Career Stress,Short,Visual,Question,52,162871,8190,15387,823,2834,1074,0.569,583,12.352,0.379,12.0206,0.06746633777652253,Viral
C03905,2026-08-01,Instagram,Self-Doubt,Short,Visual,Confession,33,86823,100848,2508,335,400,262,0.519,175,4.037,0.655,4.0087,0.05545723713762483,Non-Viral
C01408,2026-08-01,YouTube,Self-Doubt,Short,Visual,Confession,12,42408,135137,4945,473,716,666,0.49,118,16.035,0.93,15.7093,0.06298203169213357,Non-Viral
C03418,2026-08-01,YouTube,Dating,Short,Text,Question,59,120560,44086,4101,331,497,453,0.514,196,4.464,0.911,4.1009,0.054794160583941605,Non-Viral
C00396,2026-08-01,Instagram,Family Pressure,Short,Text,Question,39,170614,142724,6064,614,500,248,0.519,140,4.353,0.496,3.4868,0.05419465342820636,Non-Viral
C02390,2026-08-01,YouTube,Family Pressure,Long,Text,Story,36,97692,84460,4396,215,295,278,0.509,80,5.306,0.942,4.0551,0.05344268517381157,Non-Viral
C01898,2026-08-01,YouTube,Social Anxiety,Short,Text,Question,38,99318,96512,10141,372,1481,1168,0.648,358,13.252,0.789,12.4927,0.07560015707122578,Viral
C00921,2026-08-01,YouTube,Burnout,Short,Visual,Question,31,164965,143494,13252,1046,915,1250,0.698,294,9.98,1.366,8.1472,0.0755203043069742,Viral
C04922,2026-08-01,Instagram,Friendship,Long,Text,Confession,20,140039,245839,4627,327,680,953,0.384,199,4.704,1.401,4.8201,0.04297693928120024,Non-Viral
C00558,2026-08-01,Instagram,Dating,Short,Visual,Question,35,74957,10760,5911,603,961,528,0.583,272,10.677,0.549,10.4046,0.0673892111477247,Viral
C02710,2026-08-01,Instagram,Self-Doubt,Short,Text,Question,35,118806,14086,3272,487,360,270,0.503,123,3.694,0.75,3.3555,0.052960219180849456,Non-Viral
C02142,2026-08-01,Instagram,Burnout,Short,Visual,Advice,24,40253,109921,1765,76,149,133,0.484,94,5.274,0.893,4.2469,0.05134015352892952,Non-Viral
C04817,2026-08-01,YouTube,Self-Doubt,Long,Visual,Question,38,4896,155560,241,36,29,45,0.509,9,7.169,1.552,7.1793,0.057425735294117645,Non-Viral
C04472,2026-08-01,Instagram,Self-Doubt,Short,Text,Story,16,26931,123465,2135,59,120,226,0.523,78,9.432,1.883,7.3076,0.05715128662136572,Non-Viral
C01943,2026-08-01,YouTube,Dating,Short,Visual,Question,21,88889,218837,9681,899,1083,1546,0.514,204,14.86,1.428,14.0962,0.06361748472814409,Non-Viral
C01658,2026-08-01,Instagram,Family Pressure,Short,Visual,Story,31,163344,67132,14393,1097,1319,1219,0.564,517,11.037,0.924,9.3282,0.06327995885982957,Non-Viral
C01245,2026-08-01,Instagram,College Life,Long,Visual,Question,21,8819,16241,441,39,87,66,0.563,13,7.178,0.759,7.6199,0.06364777185621952,Non-Viral
C04865,2026-08-02,Instagram,Friendship,Short,Text,Story,47,97137,115514,3681,172,259,426,0.565,117,4.672,1.645,3.8374,0.05928112356774452,Non-Viral
C02227,2026-08-02,YouTube,Family Pressure,Short,Visual,Story,8,121390,248794,12087,1351,2229,1868,0.503,799,14.445,0.838,15.2344,0.06484897438009721,Non-Viral
C02304,2026-08-02,Instagram,College Life,Short,Visual,Advice,20,15982,221214,1068,118,51,111,0.598,18,8.434,2.176,6.7951,0.06442708046552371,Non-Viral
C02651,2026-08-02,YouTube,Self-Doubt,Short,Visual,Advice,38,12224,119319,973,40,58,91,0.552,45,9.506,1.569,7.383,0.060059293193717285,Non-Viral
C02652,2026-08-02,Instagram,College Life,Long,Text,Confession,44,122608,217871,5001,417,612,240,0.473,85,5.114,0.392,4.4385,0.050643582800469794,Non-Viral
C00781,2026-08-02,YouTube,Social Anxiety,Short,Visual,List,34,94481,146586,2700,246,281,216,0.638,228,3.644,0.769,3.1689,0.06621477122384396,Non-Viral
C02678,2026-08-02,Instagram,Dating,Short,Text,Advice,41,62823,106988,4376,189,307,322,0.602,215,8.268,1.049,6.4252,0.06438795664008405,Non-Viral
C03358,2026-08-02,Instagram,Family Pressure,Short,Visual,Question,29,143437,108169,8073,409,1530,729,0.674,709,7.488,0.476,7.4583,0.07415244183857722,Viral
C00812,2026-08-02,YouTube,Dating,Short,Text,Advice,29,88507,77073,4823,304,557,448,0.442,259,6.928,0.804,6.1402,0.04906571683595648,Non-Viral
C02001,2026-08-02,Instagram,College Life,Short,Text,Story,20,159744,134216,10106,764,660,483,0.518,507,7.52,0.732,5.7248,0.05528369891826924,Non-Viral
C01716,2026-08-02,Instagram,Social Anxiety,Long,Visual,Story,28,177746,83641,20132,2045,1463,1746,0.317,704,14.282,1.193,11.8228,0.04007655981006605,Non-Viral
C04330,2026-08-02,YouTube,Social Anxiety,Short,Text,Story,40,169363,6050,7538,1271,1282,675,0.533,320,6.357,0.527,6.4191,0.0590276382680987,Non-Viral
C01824,2026-08-02,Instagram,Self-Doubt,Short,Text,Confession,29,92677,99463,3405,320,658,489,0.568,70,5.257,0.743,5.5402,0.062095812337473154,Non-Viral
C01713,2026-08-02,Instagram,Social Anxiety,Short,Visual,Advice,52,167583,204970,4444,486,322,900,0.599,345,3.671,2.795,3.4114,0.06281079644116647,Non-Viral
C01634,2026-08-02,Instagram,College Life,Short,Visual,Confession,49,105798,44580,9105,803,496,1203,0.598,146,10.971,2.425,9.1221,0.06645938864628821,Viral
C01893,2026-08-02,Instagram,Dating,Short,Visual,Advice,52,16185,198628,408,48,89,67,0.553,28,3.781,0.753,4.1829,0.059461260426320675,Non-Viral
C01201,2026-08-02,YouTube,Family Pressure,Long,Visual,Question,65,134655,141352,12305,854,896,940,0.455,433,11.136,1.049,8.9128,0.05153987969254763,Non-Viral
C04139,2026-08-03,YouTube,Social Anxiety,Short,Visual,Confession,27,101230,232213,9939,1126,1981,1669,0.53,875,14.536,0.843,15.7458,0.06842082386644276,Viral
C01371,2026-08-03,Instagram,Social Anxiety,Short,Visual,Advice,24,114327,147822,10865,579,1199,1300,0.446,208,12.196,1.084,10.9318,0.053490288383321524,Non-Viral
C04990,2026-08-03,Instagram,Career Stress,Long,Visual,Advice,23,19682,238341,519,65,94,86,0.596,23,3.882,0.915,4.1205,0.06355539071232598,Non-Viral
C03548,2026-08-03,Instagram,Self-Doubt,Short,Text,Story,22,116261,156161,2759,329,543,558,0.541,208,3.603,1.028,3.9721,0.05806607632826142,Non-Viral
C03579,2026-08-03,Instagram,Dating,Long,Text,Question,45,122457,152428,8245,800,1210,1510,0.365,511,9.607,1.248,9.7769,0.04562565226977633,Non-Viral
C00517,2026-08-03,YouTube,Career Stress,Short,Visual,List,25,90128,172708,3057,170,771,354,0.515,59,4.829,0.459,5.3308,0.05681078022368188,Non-Viral
C03046,2026-08-03,Instagram,College Life,Long,Visual,List,39,27197,19363,767,37,137,89,0.492,48,3.787,0.65,3.7798,0.052652586682354674,Non-Viral
C03581,2026-08-03,Instagram,College Life,Short,Visual,Confession,23,135681,166553,4273,769,1092,969,0.61,176,5.235,0.887,6.2676,0.06761441174519645,Viral
C02701,2026-08-03,Instagram,Career Stress,Short,Text,Story,40,11372,210588,767,57,135,112,0.425,44,9.418,0.83,9.6553,0.051548540274358075,Non-Viral
C03239,2026-08-03,YouTube,Family Pressure,Short,Visual,Confession,39,120698,148545,13873,1202,1479,1840,0.586,588,15.24,1.244,13.9658,0.070181384944241,Viral
C03428,2026-08-03,YouTube,Social Anxiety,Short,Text,Story,28,161164,60821,17309,2036,2487,1426,0.619,1108,14.431,0.573,13.664,0.07339357176540667,Viral
C02757,2026-08-03,Instagram,Self-Doubt,Short,Visual,Advice,51,66000,100107,7426,248,1125,646,0.676,325,14.311,0.574,13.2606,0.07877045454545456,Viral
C01815,2026-08-03,Instagram,Career Stress,Short,Text,Confession,31,35836,129506,2180,134,359,105,0.498,44,7.752,0.292,7.1939,0.05574792945641255,Non-Viral
C00904,2026-08-03,YouTube,Self-Doubt,Short,Text,List,18,79882,245668,2408,369,461,221,0.497,174,4.33,0.479,4.4847,0.05381982674444806,Non-Viral
C01792,2026-08-03,Instagram,Self-Doubt,Short,Visual,Confession,29,59236,75731,4075,178,445,402,0.63,232,8.61,0.903,7.5014,0.06886720912958336,Viral
C01141,2026-08-03,Instagram,Social Anxiety,Short,Visual,Story,32,51801,214596,4637,463,425,364,0.506,75,11.369,0.856,9.6832,0.05774078878786124,Non-Viral
C02498,2026-08-04,Instagram,Family Pressure,Short,Text,Story,61,167144,232179,5174,423,768,754,0.501,320,4.259,0.982,4.208,0.05390061503852966,Non-Viral
C04574,2026-08-04,Instagram,Dating,Short,Text,Confession,54,131315,47435,14306,779,2076,1912,0.477,388,14.525,0.921,13.9919,0.06007215855005141,Non-Viral
C02091,2026-08-04,Instagram,Self-Doubt,Short,Visual,Story,21,85195,153914,7222,265,301,299,0.625,169,9.492,0.993,6.4669,0.06560933740242972,Non-Viral
C04469,2026-08-04,Instagram,Social Anxiety,Short,Text,Story,55,21390,131264,1141,119,116,56,0.564,62,6.695,0.483,5.6522,0.06046030855539972,Non-Viral
C04713,2026-08-04,YouTube,College Life,Long,Text,Confession,34,18603,50244,891,94,126,121,0.441,24,6.623,0.96,6.4855,0.049857135945815194,Non-Viral
C04012,2026-08-04,Instagram,Burnout,Short,Text,Confession,49,156184,198905,15660,889,1210,1235,0.557,428,12.161,1.021,9.7728,0.062412275265071974,Non-Viral
C04728,2026-08-04,Instagram,College Life,Short,Visual,Confession,26,164849,41943,10936,1102,969,879,0.627,592,8.423,0.907,7.1496,0.06794752955735249,Viral
C01912,2026-08-04,Instagram,Social Anxiety,Long,Visual,Advice,58,153794,179691,7668,668,618,1256,0.529,338,6.639,2.032,5.9833,0.05780981442709079,Non-Viral
C00375,2026-08-04,Instagram,Career Stress,Long,Text,Advice,49,140081,114010,7711,970,790,1028,0.518,271,7.495,1.301,6.9506,0.057578085536225475,Non-Viral
C03474,2026-08-04,YouTube,Career Stress,Short,Visual,Question,44,15442,51694,1212,105,133,67,0.638,50,9.824,0.504,8.3959,0.0699973837585805,Viral
C00035,2026-08-04,YouTube,Friendship,Long,Text,List,26,5950,188865,155,10,16,33,0.447,11,3.597,2.062,3.4706,0.04782605042016807,Non-Viral
C01004,2026-08-04,Instagram,College Life,Long,Visual,Question,31,38871,168159,1634,150,216,267,0.425,102,5.832,1.236,5.7215,0.047640078721926375,Non-Viral
C01324,2026-08-04,Instagram,Self-Doubt,Long,Text,Story,34,28585,49186,1442,200,116,117,0.225,103,6.559,1.009,5.6078,0.026603550813363654,Non-Viral
C02240,2026-08-04,Instagram,Burnout,Long,Visual,Confession,28,19945,106508,668,66,93,62,0.335,27,4.457,0.667,4.1915,0.03702719979944848,Non-Viral
C04701,2026-08-04,Instagram,Family Pressure,Long,Visual,Confession,13,171879,67381,5321,547,844,402,0.401,148,4.139,0.476,3.9662,0.04348872113521722,Non-Viral
C01375,2026-08-04,YouTube,Burnout,Short,Text,Question,14,174618,109226,16822,571,1061,977,0.621,219,11.128,0.921,8.2491,0.06700327457650414,Viral
C03506,2026-08-04,Instagram,Burnout,Short,Text,Advice,42,107154,229277,7924,525,1190,722,0.507,422,9.669,0.607,9.1117,0.058453793605465036,Non-Viral
C01752,2026-08-04,Instagram,Self-Doubt,Short,Visual,List,39,24745,60239,2151,106,238,317,0.591,107,11.364,1.332,10.4365,0.0679139017983431,Viral
C00389,2026-08-05,Instagram,Friendship,Short,Text,List,49,8860,174009,373,47,48,23,0.53,16,5.542,0.479,5.0451,0.05701241534988714,Non-Viral
C03795,2026-08-05,Instagram,Family Pressure,Short,Visual,List,19,92607,240535,3987,217,157,488,0.478,152,5.236,3.108,4.0666,0.050495260617447926,Non-Viral
C02471,2026-08-05,Instagram,Social Anxiety,Long,Text,Advice,32,74171,190848,3248,282,418,508,0.443,131,6.008,1.215,5.8203,0.04946104677030107,Non-Viral
C00565,2026-08-05,Instagram,Friendship,Short,Visual,Confession,15,33372,18895,2869,101,397,224,0.58,127,10.761,0.564,9.6638,0.06582092772384034,Non-Viral
C02452,2026-08-05,YouTube,College Life,Long,Visual,Question,32,4166,234890,98,13,19,12,0.519,5,3.409,0.632,3.5886,0.05528454152664426,Non-Viral
C01389,2026-08-05,YouTube,Family Pressure,Short,Text,Story,37,172457,100470,9235,388,1183,741,0.428,560,6.696,0.626,5.9322,0.04751334883478201,Non-Viral
C00362,2026-08-05,Instagram,College Life,Short,Visual,Question,35,145789,200360,11771,554,716,1544,0.571,214,10.004,2.156,8.1985,0.06305723957225853,Non-Viral
C00358,2026-08-05,Instagram,College Life,Short,Visual,Story,24,172326,27574,8024,371,569,1214,0.656,194,5.906,2.134,5.0506,0.06952221719299467,Viral
C03126,2026-08-05,Instagram,Friendship,Short,Visual,Question,37,154524,156146,17433,661,2881,740,0.673,398,14.053,0.257,12.8336,0.0777682767725402,Viral
C04717,2026-08-05,YouTube,Career Stress,Short,Text,Question,30,168377,91330,12617,1557,2208,535,0.513,706,10.047,0.242,9.7032,0.0595413274972235,Non-Viral
C03162,2026-08-05,Instagram,Friendship,Short,Text,List,31,166388,26666,6663,615,1768,1092,0.516,286,6.093,0.618,7.057,0.05890491381590019,Non-Viral
C04863,2026-08-05,YouTube,Family Pressure,Short,Text,Story,31,110696,155734,5398,376,471,276,0.458,379,5.891,0.586,4.7228,0.04897220134422202,Non-Viral
C01606,2026-08-05,Instagram,Dating,Short,Visual,Advice,38,153618,218888,9018,694,657,481,0.519,299,7.063,0.732,5.5221,0.05544157715892669,Non-Viral
C01692,2026-08-05,YouTube,Self-Doubt,Long,Text,Confession,45,83653,174785,4230,299,286,365,0.547,155,6.192,1.276,4.9628,0.05808362043202277,Non-Viral
C02042,2026-08-05,Instagram,Self-Doubt,Long,Text,Confession,55,74294,168164,4564,305,188,480,0.357,269,7.453,2.553,5.7387,0.03939276119202089,Non-Viral
C04808,2026-08-05,YouTube,Self-Doubt,Short,Text,Confession,18,29479,201626,2443,314,287,347,0.537,64,11.503,1.209,11.0163,0.06321015977475491,Non-Viral
C04282,2026-08-06,Instagram,Burnout,Short,Visual,List,28,122537,54012,4932,388,709,369,0.554,150,5.221,0.52,4.8255,0.05938206256069596,Non-Viral
C00304,2026-08-06,Instagram,Dating,Short,Visual,Story,36,151621,228195,13887,1246,959,1546,0.597,686,11.633,1.612,9.749,0.06683786348856689,Viral
C04334,2026-08-06,YouTube,College Life,Short,Visual,Confession,33,88931,239436,5127,291,1140,921,0.518,231,8.41,0.808,9.2903,0.0611662502389493,Non-Viral
C01878,2026-08-06,Instagram,College Life,Short,Visual,List,35,145231,96648,6747,778,1305,1078,0.62,182,6.822,0.826,7.3066,0.06907390295460336,Viral
C01557,2026-08-06,Instagram,Family Pressure,Short,Visual,List,23,45534,47060,3207,196,439,318,0.546,120,9.136,0.724,8.4563,0.0616793253393069,Non-Viral
C04565,2026-08-06,Instagram,Career Stress,Long,Visual,List,55,47146,9962,2318,300,284,92,0.605,38,6.35,0.324,5.6102,0.06475062571586136,Non-Viral
C00828,2026-08-06,YouTube,Family Pressure,Short,Text,Advice,36,7878,221504,518,76,115,26,0.526,19,9.33,0.226,9.7741,0.06160609291698402,Non-Viral
C00579,2026-08-06,Instagram,College Life,Short,Text,List,28,31445,211276,1207,95,112,66,0.523,76,4.707,0.589,3.8607,0.054985641596438234,Non-Viral
C02300,2026-08-06,YouTube,Burnout,Short,Visual,Question,36,137364,30859,10743,280,1574,1381,0.522,508,10.176,0.877,9.6645,0.06067820389621735,Non-Viral
C01304,2026-08-06,Instagram,Self-Doubt,Long,Visual,Story,39,97340,124974,4855,568,963,538,0.472,403,7.113,0.559,7.4425,0.05418530922539552,Non-Viral
C00048,2026-08-06,Instagram,Dating,Short,Visual,Question,43,108511,165789,11121,1225,515,828,0.519,700,12.615,1.608,9.7677,0.05801827372340131,Non-Viral
C03030,2026-08-06,YouTube,College Life,Short,Text,List,27,28923,220957,774,66,67,85,0.453,35,3.43,1.269,2.963,0.04756636241053833,Non-Viral
C01384,2026-08-06,Instagram,Family Pressure,Short,Visual,Question,47,115531,56551,7968,741,999,1152,0.413,222,9.4,1.153,8.9989,0.04914464775687911,Non-Viral
C04406,2026-08-06,YouTube,College Life,Long,Text,Question,18,64878,194509,2373,144,267,113,0.402,131,4.465,0.423,3.7447,0.04290738925367614,Non-Viral
C02446,2026-08-06,YouTube,Burnout,Short,Visual,Question,34,40036,60089,1365,211,248,215,0.734,36,5.093,0.867,5.4276,0.07858907982815466,Viral
C03820,2026-08-06,Instagram,Burnout,Long,Text,Question,40,77635,165368,2851,328,243,493,0.357,156,5.043,2.029,4.6789,0.039647317575835644,Non-Viral
C02061,2026-08-06,YouTube,Self-Doubt,Short,Text,Confession,38,125743,127011,10369,803,1221,1212,0.624,418,10.82,0.993,9.9218,0.07061914539974393,Viral
C02978,2026-08-06,Instagram,Social Anxiety,Short,Text,Question,53,145320,85939,14070,480,2353,2574,0.666,793,13.403,1.094,13.7366,0.07969558216350124,Viral
C00364,2026-08-06,Instagram,Burnout,Short,Text,Confession,25,20042,118821,614,53,59,40,0.621,14,3.822,0.678,3.2108,0.0644201277317633,Non-Viral
C04620,2026-08-07,YouTube,Family Pressure,Short,Text,Confession,46,137081,80996,8483,783,1623,1139,0.505,728,8.774,0.702,9.1647,0.05917735134701381,Non-Viral
C00095,2026-08-07,Instagram,Career Stress,Long,Visual,Advice,43,19265,185929,1201,50,194,101,0.377,26,8.025,0.521,7.5759,0.04419364131845316,Non-Viral
C00740,2026-08-07,Instagram,Burnout,Short,Visual,List,17,101614,95715,4865,249,835,590,0.724,142,6.435,0.707,6.3879,0.07820727065168186,Viral
C03243,2026-08-07,YouTube,Dating,Long,Visual,Story,38,65474,128745,5882,781,882,821,0.521,273,12.778,0.931,12.8303,0.06371300668967836,Non-Viral
C04190,2026-08-07,Instagram,Friendship,Long,Visual,Confession,24,137819,78210,7174,868,527,670,0.535,448,6.704,1.271,5.6669,0.05762388712731917,Non-Viral
C03109,2026-08-07,Instagram,Career Stress,Long,Text,Advice,26,165822,37038,7628,762,930,747,0.544,213,6.071,0.803,5.5728,0.05896453305351522,Non-Viral
C01471,2026-08-07,YouTube,Social Anxiety,Short,Visual,Story,31,163136,196016,7570,794,455,997,0.562,368,6.017,2.191,5.1092,0.06001859307571597,Non-Viral
C04850,2026-08-07,Instagram,Social Anxiety,Short,Text,Confession,39,16528,193154,1412,76,115,247,0.705,55,11.193,2.148,10.0375,0.07880409002904162,Viral
C04433,2026-08-07,Instagram,Dating,Long,Text,Advice,8,175526,234705,8280,288,820,585,0.44,232,5.682,0.713,4.6728,0.04734822191584153,Non-Viral
C04450,2026-08-07,YouTube,Self-Doubt,Long,Text,Story,48,121579,200030,7033,301,396,751,0.464,171,6.976,1.896,5.4763,0.05009019320770857,Non-Viral
C00179,2026-08-07,YouTube,Career Stress,Short,Visual,Confession,51,77497,214036,4872,345,934,494,0.562,231,8.575,0.529,8.7016,0.0642035356207337,Non-Viral
C04597,2026-08-07,Instagram,College Life,Short,Visual,Advice,13,67824,142963,2938,262,434,394,0.602,80,5.939,0.908,5.8268,0.06540169851380043,Non-Viral
C02838,2026-08-07,YouTube,Family Pressure,Short,Visual,List,48,154933,200399,3908,322,544,444,0.504,186,3.368,0.816,3.1994,0.05315151194387251,Non-Viral
C01632,2026-08-07,Instagram,Self-Doubt,Short,Visual,Advice,45,132208,197914,5720,741,592,797,0.759,337,5.938,1.346,5.553,0.08056424119569165,Viral
C03831,2026-08-07,Instagram,Family Pressure,Short,Text,Confession,45,56956,182650,4530,453,646,258,0.584,212,10.336,0.399,9.4784,0.06605590982512817,Non-Viral
C04933,2026-08-07,YouTube,Social Anxiety,Long,Visual,Question,31,24184,116241,1222,148,76,199,0.437,47,6.802,2.618,6.0329,0.04850069467416474,Non-Viral
C03518,2026-08-08,YouTube,Friendship,Short,Text,List,52,79878,221663,3531,376,549,481,0.503,54,6.181,0.876,6.1826,0.055905423270487496,Non-Viral
C04981,2026-08-08,Instagram,Friendship,Short,Visual,Question,45,121969,45392,5893,642,754,559,0.412,303,6.434,0.741,5.9765,0.04614633882379949,Non-Viral
C00592,2026-08-08,YouTube,Burnout,Long,Visual,Story,37,80388,44376,7678,524,407,1023,0.376,198,11.982,2.514,9.8174,0.044673816987610096,Non-Viral
C02989,2026-08-08,Instagram,Social Anxiety,Short,Text,Question,20,127546,51437,14134,1390,481,1730,0.518,209,13.905,3.597,11.0196,0.05920085929782197,Non-Viral
C01428,2026-08-08,YouTube,Self-Doubt,Short,Visual,Confession,40,120292,176324,4804,178,770,181,0.402,119,4.932,0.235,4.44,0.0437538522927543,Non-Viral
C00220,2026-08-08,Instagram,College Life,Long,Visual,Question,41,162394,170393,11640,1105,1083,406,0.37,551,8.765,0.375,7.1053,0.04177172801950811,Non-Viral
C03826,2026-08-08,Instagram,Dating,Short,Visual,List,19,20343,66191,1643,86,187,163,0.43,41,10.22,0.872,9.0326,0.050174458044536206,Non-Viral
C02778,2026-08-08,YouTube,Family Pressure,Short,Visual,Advice,28,119557,237708,4388,524,657,209,0.591,112,4.833,0.318,4.4907,0.06275474208954725,Non-Viral
C01315,2026-08-08,Instagram,Burnout,Short,Visual,Story,35,73286,176936,8974,293,541,1029,0.604,360,14.787,1.902,11.7451,0.06853388641759682,Viral
C01037,2026-08-08,Instagram,Career Stress,Short,Visual,List,25,145512,56894,12553,704,1558,963,0.673,433,10.843,0.618,9.5748,0.07482927593600529,Viral
C04081,2026-08-08,YouTube,Dating,Short,Text,Advice,24,87692,15744,3032,239,769,226,0.501,189,4.865,0.294,5.2838,0.05522817588833646,Non-Viral
C01732,2026-08-08,Instagram,College Life,Short,Visual,Story,30,31249,126376,2193,207,224,334,0.71,48,9.466,1.491,8.7907,0.07842583762680405,Viral
C01206,2026-08-08,Instagram,Burnout,Short,Visual,Question,28,28998,72533,1870,151,159,95,0.462,90,7.845,0.597,6.3056,0.05043132629836541,Non-Viral
C01826,2026-08-08,Instagram,Burnout,Short,Visual,List,37,64069,57174,4647,210,948,237,0.59,80,9.43,0.25,9.297,0.06725984485476595,Viral
C02939,2026-08-08,YouTube,Family Pressure,Long,Visual,Question,36,116925,219167,3729,209,259,351,0.475,178,3.89,1.355,3.1276,0.049665490699166134,Non-Viral
C01569,2026-08-09,YouTube,Self-Doubt,Short,Text,List,34,94596,30085,7907,244,1331,995,0.473,330,11.076,0.748,10.8911,0.05717409615628568,Non-Viral
C01287,2026-08-09,YouTube,Burnout,Long,Visual,Story,38,13585,112271,449,25,54,18,0.313,18,4.019,0.333,3.3861,0.03376227456753773,Non-Viral
C00202,2026-08-09,Instagram,College Life,Long,Visual,Question,58,32304,54419,1629,245,195,330,0.431,116,7.426,1.692,7.513,0.050018647845468056,Non-Viral
C01108,2026-08-09,Instagram,Burnout,Short,Text,List,38,137014,146278,7646,1241,1699,963,0.583,276,8.429,0.567,9.2746,0.0673472506459194,Viral
C02068,2026-08-09,Instagram,College Life,Long,Visual,Confession,9,67821,231174,3691,234,316,285,0.507,205,6.673,0.902,5.4769,0.05457490600256558,Non-Viral
C01390,2026-08-09,Instagram,College Life,Short,Visual,Confession,19,130665,189036,8196,395,1484,563,0.577,164,8.141,0.379,7.8586,0.06455684766387326,Non-Viral
C04823,2026-08-09,Instagram,Self-Doubt,Short,Visual,Question,48,168408,194441,18472,1800,850,2314,0.524,626,13.916,2.722,11.3498,0.06039665099045176,Non-Viral
C02287,2026-08-09,Instagram,Dating,Short,Visual,Confession,33,172843,72969,7674,498,287,345,0.607,124,5.094,1.202,3.5495,0.0624782033406039,Non-Viral
C03704,2026-08-09,Instagram,Self-Doubt,Short,Visual,Confession,31,32373,39467,963,137,194,62,0.479,69,4.189,0.32,4.303,0.05180603280511537,Non-Viral
C00843,2026-08-09,Instagram,Burnout,Short,Visual,Advice,34,12857,21895,577,28,129,90,0.597,29,6.409,0.698,6.9806,0.0666417437971533,Viral
C00345,2026-08-09,Instagram,Family Pressure,Short,Visual,Question,42,78331,204563,5041,564,771,985,0.705,282,9.397,1.278,9.7656,0.07978176583983351,Viral
C03128,2026-08-09,YouTube,Family Pressure,Short,Visual,Story,52,126264,216969,8546,1221,957,755,0.591,452,9.091,0.789,8.3044,0.06575510359247291,Non-Viral
C03910,2026-08-09,Instagram,Self-Doubt,Short,Visual,Question,36,33481,68415,2489,309,130,149,0.637,105,9.19,1.146,7.1563,0.06816671246378543,Viral
C03298,2026-08-09,YouTube,Career Stress,Short,Visual,List,55,65911,195917,1773,164,136,301,0.688,89,3.602,2.213,3.2506,0.07147178467934032,Viral
C03750,2026-08-09,Instagram,Self-Doubt,Short,Visual,Question,51,2962,53995,265,23,34,40,0.607,10,12.221,1.176,11.7826,0.07108149898717084,Viral
C04207,2026-08-09,Instagram,College Life,Long,Visual,Question,56,18133,184043,649,28,98,92,0.459,14,4.781,0.939,4.6573,0.050085738708432144,Non-Viral
C00067,2026-08-09,Instagram,Burnout,Short,Text,List,42,8375,107801,642,58,91,70,0.651,28,10.281,0.769,9.803,0.0735358208955224,Viral
C03095,2026-08-10,Instagram,Social Anxiety,Short,Visual,Confession,39,32828,246522,1359,166,176,81,0.651,73,5.428,0.46,4.9302,0.06901129523577434,Viral
C04153,2026-08-10,YouTube,Self-Doubt,Long,Visual,Story,37,9195,172038,977,35,45,71,0.462,20,12.268,1.578,8.8961,0.05128972267536705,Non-Viral
C02633,2026-08-10,Instagram,Self-Doubt,Long,Visual,Story,45,46489,231126,3842,329,665,248,0.383,66,10.936,0.373,10.552,0.04739892662780443,Non-Viral
C02693,2026-08-10,Instagram,Burnout,Long,Text,Advice,32,178658,151939,12511,1542,1317,1580,0.479,258,9.487,1.2,8.7763,0.05516499792900402,Non-Viral
C04515,2026-08-10,Instagram,Social Anxiety,Short,Visual,List,21,116717,17909,5199,461,329,201,0.513,96,5.303,0.611,4.0097,0.053677545687432,Non-Viral
C02785,2026-08-10,Instagram,Burnout,Short,Visual,List,33,15226,55028,1258,128,66,68,0.467,46,9.983,1.03,7.5857,0.05125142519374754,Non-Viral
C03384,2026-08-10,YouTube,Career Stress,Short,Text,List,40,154096,18518,3823,188,662,402,0.481,107,3.293,0.607,3.234,0.05099884228013706,Non-Viral
C02164,2026-08-10,Instagram,Career Stress,Long,Visual,Confession,70,161140,127185,9227,723,1827,792,0.585,294,7.8,0.433,7.9204,0.06574959662405361,Non-Viral
C01708,2026-08-10,Instagram,Dating,Short,Visual,Confession,44,122436,164820,8594,1406,2252,1055,0.519,293,10.869,0.468,12.4735,0.06448453396059983,Non-Viral
C04249,2026-08-10,Instagram,Burnout,Short,Text,Advice,40,169854,207950,5336,578,463,878,0.503,152,4.271,1.896,3.9328,0.05358782366032004,Non-Viral
C02114,2026-08-10,Instagram,Burnout,Short,Text,Advice,22,158700,76939,4843,403,317,414,0.502,217,3.766,1.306,3.0277,0.052262381852551984,Non-Viral
C02894,2026-08-10,Instagram,Social Anxiety,Short,Visual,Question,66,78918,141557,3331,422,484,445,0.492,226,5.933,0.919,5.8802,0.05445355432220786,Non-Viral
C01154,2026-08-10,Instagram,Social Anxiety,Long,Visual,Story,26,154561,210412,9422,603,667,789,0.521,439,7.428,1.183,5.9488,0.05615859175341775,Non-Viral
C03202,2026-08-10,Instagram,Career Stress,Short,Visual,Story,33,92597,118248,9951,1035,873,1031,0.68,576,13.921,1.181,12.1051,0.07725947924878776,Viral
C03590,2026-08-10,YouTube,Dating,Short,Visual,List,34,117337,7764,4090,401,244,622,0.492,125,4.565,2.549,3.9395,0.05223868345023309,Non-Viral
C04514,2026-08-10,YouTube,Burnout,Short,Text,Confession,26,74010,204726,3787,171,373,711,0.503,82,6.813,1.906,6.3383,0.05579655451965951,Non-Viral
C02101,2026-08-10,Instagram,Career Stress,Short,Visual,List,34,61277,183708,4765,166,271,664,0.637,153,9.573,2.45,7.7884,0.06934730649346411,Viral
C00840,2026-08-10,Instagram,Friendship,Long,Text,Advice,32,46772,165618,1817,58,254,268,0.386,109,5.125,1.055,4.9036,0.04294875566578295,Non-Viral
C01507,2026-08-11,Instagram,Self-Doubt,Short,Visual,Story,41,142520,161144,10544,1153,1574,491,0.628,275,9.656,0.312,8.9149,0.07001688184114511,Viral
C00943,2026-08-11,Instagram,Dating,Short,Visual,Question,19,42207,91823,2712,102,408,104,0.459,110,7.88,0.255,6.968,0.051351702324259015,Non-Viral
C03330,2026-08-11,YouTube,Friendship,Short,Visual,Question,36,16368,173047,1651,112,230,104,0.559,43,12.812,0.452,11.5561,0.0651558651026393,Non-Viral
C00153,2026-08-11,YouTube,Self-Doubt,Short,Text,Story,40,57945,113735,4006,216,467,306,0.518,231,8.62,0.655,7.4899,0.05757012684442144,Non-Viral
C02531,2026-08-11,Instagram,Burnout,Short,Text,List,23,159113,54249,10041,678,1719,457,0.562,355,8.104,0.266,7.61,0.06256245938421123,Non-Viral
C01951,2026-08-11,YouTube,Friendship,Long,Text,List,27,77429,200855,2573,310,374,301,0.379,169,4.595,0.805,4.4886,0.041840384093814985,Non-Viral
C00324,2026-08-11,YouTube,College Life,Short,Visual,Question,39,75905,7115,5116,238,678,284,0.547,147,8.321,0.419,7.2683,0.06031227850602728,Non-Viral
C02113,2026-08-11,YouTube,Career Stress,Long,Visual,Story,25,93435,173884,6443,788,578,1115,0.514,323,9.551,1.929,8.9554,0.05902883287847167,Non-Viral
C04335,2026-08-11,Instagram,College Life,Short,Text,Question,17,32450,221962,2040,85,240,144,0.455,57,7.732,0.6,6.6425,0.05055238828967643,Non-Viral
C00529,2026-08-11,Instagram,Friendship,Short,Visual,Advice,32,82052,240986,4392,155,836,716,0.559,85,7.433,0.856,7.7615,0.06338610637156926,Non-Viral
C01354,2026-08-11,Instagram,Burnout,Short,Text,Advice,8,164357,36452,11708,871,1304,1618,0.579,655,9.431,1.241,8.7057,0.06521852005086488,Non-Viral
C02305,2026-08-11,YouTube,Family Pressure,Short,Text,Story,31,137110,101135,5948,509,873,699,0.649,217,5.856,0.801,5.6557,0.06985149879658668,Viral
C02796,2026-08-11,Instagram,Career Stress,Short,Visual,Story,29,156112,82259,5692,459,445,750,0.582,92,4.706,1.685,4.0801,0.06136503535922927,Non-Viral
C00642,2026-08-11,Instagram,Burnout,Long,Visual,Story,37,29784,148982,3345,147,425,364,0.404,115,14.373,0.856,13.0808,0.051227961321514914,Non-Viral
C01170,2026-08-11,Instagram,Dating,Long,Text,Confession,56,169128,156472,11974,852,1538,1062,0.347,480,9.121,0.691,8.2795,0.04143158790974883,Non-Viral
C01948,2026-08-11,Instagram,Social Anxiety,Short,Visual,Story,55,135916,205347,17577,1636,1836,1679,0.687,1068,16.722,0.914,14.7948,0.08029024691721358,Viral
C00669,2026-08-12,Instagram,Career Stress,Short,Visual,Story,20,114225,145825,13682,352,995,1408,0.677,476,14.39,1.415,11.5299,0.07578010505581091,Viral
C01705,2026-08-12,YouTube,Burnout,Short,Visual,List,25,25608,125201,2028,228,172,181,0.609,39,10.188,1.052,8.7238,0.0673784442361762,Viral
C00530,2026-08-12,Instagram,Burnout,Short,Visual,Confession,54,179992,52995,14380,1138,988,1628,0.532,783,10.075,1.648,8.3987,0.059331939197297665,Non-Viral
C04640,2026-08-12,Instagram,College Life,Long,Text,Confession,26,117571,224453,2967,103,292,231,0.456,130,3.056,0.791,2.5312,0.04743846356669587,Non-Viral
C03658,2026-08-12,Instagram,Social Anxiety,Short,Visual,Confession,33,94120,232770,4768,674,1116,1121,0.61,428,8.159,1.004,9.5463,0.07098300042498937,Viral
C01006,2026-08-12,Instagram,Career Stress,Short,Text,Question,28,114451,129637,6849,224,963,682,0.447,351,7.617,0.708,7.0017,0.050567576517461625,Non-Viral
C01530,2026-08-12,YouTube,Burnout,Short,Visual,Question,44,134507,71062,8149,347,718,844,0.388,265,7.478,1.175,6.2725,0.04347150408528924,Non-Viral
C01564,2026-08-12,Instagram,Self-Doubt,Short,Visual,List,37,56104,13714,4346,155,546,203,0.53,172,9.358,0.372,7.9308,0.05887925994581492,Non-Viral
C03845,2026-08-12,Instagram,Career Stress,Long,Visual,Advice,37,14494,81205,1335,71,113,116,0.367,58,11.281,1.027,9.2797,0.043344128604939976,Non-Viral
C03402,2026-08-12,Instagram,Dating,Short,Visual,Question,44,91735,210855,5553,967,384,1205,0.59,340,8.84,3.138,8.4908,0.06640557039297977,Non-Viral
C00969,2026-08-12,Instagram,Self-Doubt,Short,Visual,List,51,19474,235655,1506,62,144,80,0.543,38,9.202,0.556,7.3842,0.059337485878607384,Non-Viral
C03749,2026-08-12,Instagram,Self-Doubt,Short,Visual,List,35,38572,203016,911,79,154,124,0.676,57,3.287,0.805,3.3288,0.07066828787721664,Viral
C03201,2026-08-12,YouTube,Friendship,Long,Text,Advice,41,54431,147510,2244,136,206,338,0.448,106,5.372,1.641,4.8134,0.0487407690470504,Non-Viral
C02625,2026-08-12,Instagram,Career Stress,Long,Text,Confession,37,128952,12939,7843,433,571,1064,0.436,510,7.686,1.863,6.5234,0.04857161734598921,Non-Viral
C00804,2026-08-12,YouTube,Self-Doubt,Short,Text,Confession,35,29743,69216,1476,170,244,192,0.563,35,7.0,0.787,7.0907,0.06278555962747537,Non-Viral
C04829,2026-08-12,Instagram,College Life,Short,Visual,Confession,53,131566,18501,10844,426,1948,922,0.44,550,10.747,0.473,10.4503,0.05325087028563611,Non-Viral
C01972,2026-08-12,Instagram,Family Pressure,Short,Text,Confession,33,77468,62886,7986,276,1080,646,0.44,357,12.893,0.598,11.539,0.05330965043630919,Non-Viral
C03445,2026-08-12,Instagram,Social Anxiety,Short,Text,Confession,29,71244,169338,3370,196,381,162,0.547,107,5.768,0.425,4.8369,0.05820134748189322,Non-Viral
C04431,2026-08-12,Instagram,Burnout,Short,Visual,Question,40,115731,222154,8550,843,602,351,0.606,519,8.94,0.583,6.9536,0.06494326152889027,Non-Viral
C02383,2026-08-12,Instagram,Self-Doubt,Long,Text,Advice,46,47958,113737,3473,373,508,450,0.362,50,10.017,0.886,9.8419,0.044948279744776685,Non-Viral
C02961,2026-08-12,YouTube,Family Pressure,Short,Visual,Advice,34,138483,41140,11891,614,1467,725,0.566,515,10.613,0.494,9.1834,0.06360266458698902,Non-Viral
C01081,2026-08-12,YouTube,Self-Doubt,Short,Visual,Story,39,67117,184935,4854,139,644,487,0.589,140,9.124,0.756,8.2565,0.06570528033136165,Non-Viral
C00733,2026-08-12,Instagram,Career Stress,Long,Visual,Story,22,44068,189212,4295,264,270,285,0.456,105,11.605,1.056,8.9033,0.051195897249705004,Non-Viral
C01103,2026-08-12,Instagram,Friendship,Short,Visual,Question,42,63890,158046,2586,151,160,161,0.626,125,4.786,1.006,3.6336,0.0648374393488809,Non-Viral
C04869,2026-08-12,YouTube,Dating,Short,Text,List,21,4405,79294,316,29,34,38,0.356,6,9.467,1.118,8.6152,0.042648808172531215,Non-Viral
C00715,2026-08-12,Instagram,Career Stress,Short,Text,List,21,29401,232583,1285,73,111,82,0.495,58,5.275,0.739,4.2482,0.05240806435155267,Non-Viral
C04959,2026-08-12,Instagram,Family Pressure,Long,Visual,Confession,45,58960,160563,1595,225,328,131,0.54,49,3.865,0.399,4.0383,0.057742367706919956,Non-Viral
C04731,2026-08-12,Instagram,College Life,Long,Text,Question,44,73222,42653,2917,391,388,485,0.426,104,5.71,1.25,5.7073,0.047772625713583344,Non-Viral
C01067,2026-08-13,YouTube,Family Pressure,Long,Visual,Confession,21,22356,193746,1531,147,229,269,0.446,81,9.733,1.175,9.89,0.053805582393988194,Non-Viral
C01623,2026-08-13,YouTube,Career Stress,Short,Text,Advice,8,54403,181767,3697,210,272,436,0.524,127,8.483,1.603,7.0796,0.05763316728856865,Non-Viral
C00577,2026-08-13,Instagram,Burnout,Long,Text,Advice,33,154269,56572,3799,378,314,490,0.555,142,3.229,1.561,2.8447,0.05773635338272758,Non-Viral
C04430,2026-08-13,YouTube,Social Anxiety,Long,Text,Question,22,126009,59552,7414,968,1778,579,0.502,268,8.522,0.326,9.2462,0.05908031807251863,Non-Viral
C02831,2026-08-13,YouTube,College Life,Short,Text,Advice,59,167933,62723,10828,1234,1903,568,0.45,246,8.654,0.298,8.4022,0.05221627077465418,Non-Viral
C00586,2026-08-13,Instagram,Dating,Long,Text,Story,37,108760,29175,6006,211,889,768,0.502,121,7.24,0.864,6.9166,0.056287716072085325,Non-Viral
C03892,2026-08-13,Instagram,Career Stress,Long,Text,Advice,18,99124,115483,2344,362,405,351,0.429,87,3.493,0.867,3.6641,0.046348710705782656,Non-Viral
C00264,2026-08-13,Instagram,Burnout,Short,Visual,Confession,43,176035,146438,17963,1493,1645,687,0.509,568,12.377,0.418,9.9582,0.05754810975090181,Non-Viral
C02624,2026-08-13,Instagram,College Life,Short,Text,Advice,43,114716,151507,5723,921,761,578,0.535,365,6.959,0.76,6.6965,0.05920103560096238,Non-Viral
C01262,2026-08-13,Instagram,Burnout,Long,Text,Story,59,144092,80812,9618,1591,1756,707,0.453,623,9.488,0.403,9.631,0.053912206090553264,Non-Viral
C01990,2026-08-13,Instagram,Self-Doubt,Short,Text,Story,38,160024,100900,7833,774,1181,1015,0.771,338,6.751,0.859,6.6556,0.08304942008698696,Viral
C02014,2026-08-13,Instagram,Self-Doubt,Short,Text,Story,38,86330,101689,5252,557,714,972,0.707,196,8.682,1.361,8.7426,0.07876729989574888,Viral
C04979,2026-08-13,Instagram,Self-Doubt,Long,Text,Story,41,23187,232804,1195,53,179,193,0.364,71,6.987,1.078,6.9004,0.04271388277914349,Non-Viral
C03801,2026-08-13,Instagram,Dating,Short,Visual,Story,13,151589,217585,14653,716,1847,1225,0.639,749,12.165,0.663,10.8131,0.0725157306928603,Viral
C03520,2026-08-13,YouTube,Friendship,Short,Visual,Advice,44,4367,113746,190,32,42,34,0.606,10,6.824,0.81,7.717,0.06836276620105336,Viral
C01679,2026-08-13,YouTube,Friendship,Short,Text,Confession,26,36750,154277,1575,47,210,88,0.518,24,5.224,0.419,4.5279,0.05528163265306123,Non-Viral
C00452,2026-08-13,YouTube,Friendship,Long,Text,Advice,41,99905,93805,3157,108,161,290,0.354,72,3.72,1.801,2.8062,0.03715817026174866,Non-Viral
C00527,2026-08-13,Instagram,Burnout,Long,Visual,Story,24,159147,56706,15494,651,1440,917,0.449,786,11.626,0.637,9.3483,0.051313881505777675,Non-Viral
C03276,2026-08-13,Instagram,Burnout,Long,Visual,Confession,19,155058,153593,11183,562,1027,413,0.551,590,8.503,0.402,6.6694,0.05942322098827536,Non-Viral
C03900,2026-08-13,YouTube,Career Stress,Short,Text,Confession,45,171387,70025,6323,367,380,301,0.489,282,4.301,0.792,3.1823,0.050745822611983404,Non-Viral
C02166,2026-08-13,Instagram,Self-Doubt,Short,Text,Story,52,134271,101117,8607,1193,2121,491,0.573,307,9.244,0.231,10.0081,0.0668381727997855,Viral
C04988,2026-08-13,Instagram,Dating,Short,Text,Confession,35,27564,219982,3100,163,457,115,0.524,161,13.913,0.252,12.3186,0.061999477579451456,Non-Viral
C00061,2026-08-13,Instagram,Burnout,Long,Visual,Advice,35,160473,24054,15057,1636,675,2020,0.594,832,12.082,2.993,10.0001,0.06659840720868931,Viral
C03605,2026-08-13,Instagram,Social Anxiety,Short,Visual,Question,29,133795,234725,11639,520,1715,518,0.513,289,10.757,0.302,9.5523,0.058812612578945406,Non-Viral
C02533,2026-08-13,Instagram,Social Anxiety,Short,Visual,Advice,46,18058,22334,1429,67,74,64,0.621,27,9.049,0.865,6.4514,0.06556383874183187,Non-Viral
C00024,2026-08-14,Instagram,Self-Doubt,Long,Text,Advice,45,132247,155167,5339,455,1123,919,0.429,234,5.925,0.818,6.472,0.04932207384666571,Non-Viral
C04851,2026-08-14,Instagram,Dating,Short,Text,Advice,8,69551,194379,3762,313,431,358,0.53,205,6.993,0.831,6.2681,0.0580078359764777,Non-Viral
C02500,2026-08-14,Instagram,Self-Doubt,Short,Visual,Confession,44,87147,186458,2769,453,374,146,0.428,77,4.294,0.39,3.991,0.046013535749939764,Non-Viral
C04380,2026-08-14,Instagram,Dating,Short,Text,Confession,33,21782,16037,1049,29,97,85,0.561,44,5.785,0.876,4.7241,0.05947434579010193,Non-Viral
C04292,2026-08-14,Instagram,Friendship,Short,Text,Story,51,72657,44296,2378,262,345,418,0.443,133,4.684,1.212,4.7525,0.048703567447045716,Non-Viral
C03114,2026-08-14,YouTube,Burnout,Short,Visual,Question,18,50606,151111,2411,317,444,172,0.504,125,6.608,0.387,6.6336,0.05630740228431411,Non-Viral
C00499,2026-08-14,YouTube,Self-Doubt,Short,Visual,Confession,16,29486,243920,2461,229,224,154,0.641,136,10.405,0.688,8.6617,0.07025037644984061,Viral
C04268,2026-08-14,Instagram,Career Stress,Long,Visual,Question,8,142901,138117,7470,470,394,879,0.481,407,6.447,2.231,5.1644,0.05167940112385498,Non-Viral
C03003,2026-08-14,Instagram,Dating,Long,Text,List,28,16997,211896,1249,84,189,144,0.418,48,9.802,0.762,9.4458,0.05008675648643879,Non-Viral
C04232,2026-08-14,Instagram,Friendship,Short,Text,Story,43,7214,205540,355,49,76,37,0.64,25,7.167,0.487,7.6657,0.07129830884391461,Viral
C02612,2026-08-14,Instagram,Self-Doubt,Short,Visual,Story,43,51498,59382,4369,512,766,167,0.585,62,11.29,0.218,10.8441,0.06765763718979377,Viral
C03313,2026-08-14,YouTube,Burnout,Short,Text,Advice,26,131937,118309,10065,326,831,1315,0.539,166,9.502,1.582,8.0679,0.06009500216012188,Non-Viral
C01182,2026-08-14,Instagram,Career Stress,Short,Text,List,27,15071,147787,471,21,48,41,0.641,17,3.855,0.854,3.2712,0.06655836374494062,Viral
C04436,2026-08-14,YouTube,Social Anxiety,Long,Text,Story,38,128013,134187,11750,804,1504,1471,0.438,328,12.131,0.978,11.3543,0.0534763609945865,Non-Viral
C02570,2026-08-14,Instagram,Burnout,Short,Text,Confession,41,165835,170686,6484,694,471,824,0.46,467,5.109,1.749,4.4285,0.04939644827690175,Non-Viral
C04295,2026-08-14,Instagram,Social Anxiety,Short,Visual,Advice,20,3957,19650,308,9,54,33,0.531,10,10.21,0.611,9.9949,0.062084078847611836,Non-Viral
C03896,2026-08-14,YouTube,Self-Doubt,Long,Visual,List,27,151722,56050,9200,1114,1134,845,0.402,404,8.102,0.745,7.4894,0.046335563728398,Non-Viral
C00862,2026-08-14,Instagram,Career Stress,Long,Text,Story,29,74327,175144,2693,134,385,186,0.407,148,4.572,0.483,4.1365,0.044052079325144294,Non-Viral
C03495,2026-08-14,Instagram,College Life,Short,Visual,Advice,25,133152,78579,11380,1351,1001,613,0.708,226,10.773,0.612,8.9713,0.07708604902667628,Viral
C03642,2026-08-14,Instagram,Burnout,Long,Visual,Question,38,42474,133042,2464,146,101,192,0.625,65,6.835,1.901,5.0337,0.06544179968922165,Non-Viral
C00438,2026-08-14,Instagram,Family Pressure,Long,Visual,Advice,42,24463,67030,1602,74,229,113,0.495,63,8.249,0.493,7.4602,0.05555199689326738,Non-Viral
C02493,2026-08-14,YouTube,Burnout,Short,Text,List,42,167526,174238,12867,1669,1668,1408,0.555,660,10.513,0.844,10.0026,0.06399629311271088,Non-Viral
C00421,2026-08-14,YouTube,Social Anxiety,Short,Text,Advice,33,161102,20256,21280,1418,3213,2262,0.545,401,17.488,0.704,16.7161,0.06900726868691885,Viral
C04369,2026-08-14,Instagram,Self-Doubt,Long,Text,Question,22,27163,200602,800,52,115,114,0.47,47,3.98,0.991,3.8692,0.05045138607664838,Non-Viral
C03643,2026-08-14,Instagram,Dating,Short,Text,List,19,27998,24202,1232,44,225,202,0.602,59,6.083,0.898,6.2897,0.06621650117865562,Non-Viral
C03943,2026-08-14,YouTube,College Life,Long,Visual,Question,41,9994,50521,672,25,71,43,0.553,19,8.115,0.606,6.729,0.0601629177506504,Non-Viral
C04088,2026-08-14,YouTube,Self-Doubt,Short,Visual,Question,33,139672,205966,8321,487,1335,834,0.644,267,7.859,0.625,7.5634,0.07101549916948278,Viral
C03972,2026-08-14,Instagram,Career Stress,Short,Visual,Question,41,17910,115738,933,112,59,81,0.667,23,6.616,1.373,5.4355,0.07047721943048577,Viral
C04543,2026-08-14,Instagram,Self-Doubt,Short,Text,List,25,81346,204717,4664,239,420,560,0.47,254,7.232,1.333,6.2333,0.051829370835689524,Non-Viral
C02413,2026-08-15,Instagram,Self-Doubt,Long,Visual,Question,23,109267,58539,6182,302,701,325,0.494,123,6.873,0.464,5.7629,0.053593855418378834,Non-Viral
C01273,2026-08-15,YouTube,Career Stress,Long,Visual,Question,41,109004,46335,3883,172,1010,765,0.535,209,5.348,0.757,6.2011,0.060011687644490115,Non-Viral
C03734,2026-08-15,Instagram,Burnout,Long,Text,Advice,51,47933,117608,3750,180,174,349,0.456,148,9.29,2.006,7.0202,0.049981115306782384,Non-Viral
C01977,2026-08-15,Instagram,Career Stress,Short,Visual,Story,52,108818,176734,3979,376,530,315,0.508,174,4.779,0.594,4.3867,0.054378452094322634,Non-Viral
C00722,2026-08-15,YouTube,Self-Doubt,Short,Visual,Question,35,67419,236458,5881,213,660,673,0.67,436,11.016,1.02,9.7688,0.07487389311618387,Viral
C04273,2026-08-15,Instagram,College Life,Long,Text,Confession,39,179992,145745,7680,1254,1868,1128,0.358,665,6.628,0.604,7.5453,0.04339533757055869,Non-Viral
C01143,2026-08-15,YouTube,Dating,Long,Visual,Advice,27,142745,43722,5647,509,928,617,0.51,294,5.395,0.665,5.3277,0.055757084311184285,Non-Viral
C02733,2026-08-15,Instagram,Friendship,Short,Text,Advice,65,127247,119617,5617,867,459,1023,0.342,358,6.26,2.229,5.9192,0.03925709368393754,Non-Viral
C04132,2026-08-15,Instagram,Self-Doubt,Long,Text,List,34,114158,188808,1692,304,399,408,0.327,136,2.455,1.023,2.9039,0.03574446468929028,Non-Viral
C02887,2026-08-15,Instagram,Career Stress,Short,Text,Question,45,57037,160539,2328,259,229,315,0.586,62,5.489,1.376,5.0309,0.06274467801602468,Non-Viral
C02228,2026-08-15,Instagram,Social Anxiety,Short,Visual,Confession,49,21619,124427,2235,127,382,247,0.701,134,13.835,0.647,13.6362,0.082360049030945,Viral
C00693,2026-08-15,Instagram,Social Anxiety,Short,Visual,Confession,12,44802,162088,5750,289,598,363,0.674,88,15.624,0.607,13.0095,0.0768047140752645,Viral
C02675,2026-08-15,Instagram,Career Stress,Short,Text,List,8,6790,208071,289,17,29,24,0.516,15,5.287,0.828,4.4919,0.0549578792341679,Non-Viral
C02862,2026-08-15,Instagram,Self-Doubt,Long,Text,Confession,8,92980,122450,8766,612,611,1093,0.456,293,11.919,1.789,10.0237,0.05307096149709615,Non-Viral
C04989,2026-08-15,Instagram,Friendship,Short,Visual,Question,32,33260,227288,3362,305,604,285,0.567,143,13.698,0.472,13.5914,0.06881815995189416,Viral
C01533,2026-08-15,Instagram,Self-Doubt,Short,Text,List,32,143641,81001,9800,807,567,1340,0.421,311,8.712,2.363,7.304,0.04751767322700343,Non-Viral
C04820,2026-08-15,Instagram,Family Pressure,Short,Text,List,24,178222,54160,13745,773,1409,1684,0.402,415,9.881,1.195,8.7683,0.04724290154975256,Non-Viral
C01751,2026-08-15,Instagram,Self-Doubt,Long,Visual,Story,37,117466,12296,12262,1285,765,1255,0.444,319,13.252,1.641,10.9508,0.052176718369570774,Non-Viral
C00470,2026-08-15,Instagram,Family Pressure,Short,Visual,Story,36,85037,165281,3736,314,739,464,0.621,283,6.177,0.628,6.449,0.06820146171666451,Viral
C01516,2026-08-15,Instagram,Dating,Short,Text,List,22,70116,140576,3728,134,485,596,0.641,278,7.05,1.229,6.7203,0.07004942666438474,Viral
C00491,2026-08-15,YouTube,Burnout,Short,Text,Confession,60,139641,7329,6652,560,490,800,0.576,345,6.088,1.633,5.1819,0.061499284594066214,Non-Viral
C04840,2026-08-15,YouTube,College Life,Short,Visual,Question,29,175146,206894,14782,1138,583,630,0.474,329,9.782,1.081,6.9125,0.05095160837244356,Non-Viral
C02572,2026-08-15,Instagram,Dating,Long,Visual,Question,38,160789,218054,6730,699,525,1596,0.611,239,5.939,3.04,5.7097,0.06619922942489848,Non-Viral
C00754,2026-08-16,Instagram,Burnout,Short,Visual,Advice,35,137561,69793,10346,1143,574,1218,0.564,368,9.655,2.122,8.0295,0.06218034471979703,Non-Viral
C00382,2026-08-16,Instagram,Social Anxiety,Short,Visual,Story,19,37609,154940,1641,244,180,124,0.599,91,5.82,0.689,5.2501,0.06401603605519955,Non-Viral
C00764,2026-08-16,Instagram,Social Anxiety,Long,Visual,Confession,25,41875,190146,1609,210,218,214,0.504,59,5.376,0.982,5.2573,0.055028059701492535,Non-Viral
C03921,2026-08-16,Instagram,Friendship,Long,Text,Advice,35,62082,234556,3531,183,363,157,0.431,118,6.82,0.433,5.5459,0.046932028607325794,Non-Viral
C02289,2026-08-16,Instagram,Dating,Long,Visual,Confession,27,173559,44874,14801,715,2997,1039,0.487,708,11.265,0.347,11.2596,0.05888443295939709,Non-Viral
C01447,2026-08-16,Instagram,Social Anxiety,Long,Visual,Story,16,147954,220666,9338,551,1004,398,0.451,254,7.631,0.396,6.2881,0.04951927896508374,Non-Viral
C01443,2026-08-16,Instagram,College Life,Short,Visual,Advice,26,174133,225455,11347,1011,2047,1512,0.621,730,9.141,0.739,9.3922,0.07086571356377022,Viral
C02458,2026-08-16,Instagram,Dating,Short,Visual,Question,23,135849,37523,7364,824,431,1184,0.586,553,7.216,2.747,6.3151,0.06355218956341231,Non-Viral
C02782,2026-08-16,Instagram,Family Pressure,Long,Text,Story,61,56567,202049,2895,413,156,230,0.382,78,6.53,1.474,5.2946,0.04175596018880266,Non-Viral
C02695,2026-08-16,YouTube,Dating,Short,Visual,List,15,139215,32119,5551,219,725,226,0.541,249,4.828,0.312,4.1167,0.05716647990518264,Non-Viral
C02791,2026-08-16,Instagram,Self-Doubt,Short,Text,List,48,126187,138592,11949,646,1183,1237,0.569,545,11.899,1.046,10.2756,0.06482752026753945,Non-Viral
C02953,2026-08-16,YouTube,Social Anxiety,Short,Visual,List,40,59293,82431,3623,352,758,574,0.636,216,8.95,0.757,9.717,0.07314750139139528,Viral
C02878,2026-08-16,YouTube,Friendship,Short,Text,Story,44,164830,119190,9774,769,899,971,0.389,274,7.531,1.08,6.4791,0.04382143420493843,Non-Viral
C00181,2026-08-16,YouTube,Social Anxiety,Long,Visual,Story,32,110721,230559,12980,760,1568,1228,0.531,774,14.935,0.783,13.3579,0.06382967187796354,Non-Viral
C04404,2026-08-16,Instagram,Social Anxiety,Long,Visual,Advice,34,127943,125771,7236,534,1297,1073,0.447,220,7.925,0.827,8.1724,0.05240382123289278,Non-Viral
C00348,2026-08-16,Instagram,Friendship,Short,Visual,List,33,21165,38756,861,132,132,63,0.651,59,5.613,0.477,5.4359,0.06973501063075833,Viral
C02169,2026-08-16,YouTube,Self-Doubt,Short,Text,Story,37,123940,163246,8721,505,536,566,0.526,276,8.333,1.056,6.3402,0.05652730353396806,Non-Viral
C02631,2026-08-16,Instagram,Career Stress,Short,Visual,List,53,97327,160684,3626,503,781,167,0.605,242,5.216,0.214,5.3885,0.06540100383244116,Non-Viral
C02942,2026-08-16,YouTube,Family Pressure,Short,Visual,Story,30,118867,105418,7060,416,981,528,0.655,351,7.559,0.538,6.8589,0.07107135285655397,Viral
C03439,2026-08-16,YouTube,Burnout,Short,Visual,List,38,125735,42417,6723,340,720,377,0.69,147,6.49,0.524,5.3967,0.07288197399292161,Viral
C00409,2026-08-16,YouTube,Social Anxiety,Short,Visual,List,40,113682,19580,8998,1195,1752,503,0.757,307,10.95,0.287,11.0426,0.08553928854172164,Viral
C00286,2026-08-16,YouTube,Career Stress,Short,Visual,List,55,111837,199127,8662,387,553,455,0.589,457,8.993,0.823,6.6888,0.06286469862389013,Non-Viral
C01766,2026-08-16,Instagram,Social Anxiety,Short,Text,Confession,33,31411,46235,1236,91,76,94,0.497,65,4.766,1.237,3.7264,0.05212112635700869,Non-Viral
C00680,2026-08-16,Instagram,Career Stress,Short,Text,Question,20,107212,27701,4358,272,706,301,0.517,274,5.258,0.426,4.95,0.05588609857105548,Non-Viral
C02649,2026-08-16,YouTube,College Life,Short,Visual,Question,35,101019,116972,6462,607,739,651,0.657,229,8.374,0.881,7.5832,0.07182657024916106,Viral
C02148,2026-08-16,Instagram,Friendship,Long,Visual,Advice,47,28965,7612,1686,123,218,229,0.557,74,7.789,1.05,7.3865,0.06209564992232005,Non-Viral
C04208,2026-08-16,Instagram,Friendship,Long,Text,Confession,31,89513,167427,7960,435,1288,740,0.444,170,11.644,0.575,11.1453,0.0540840682358987,Non-Viral
C00936,2026-08-17,Instagram,Family Pressure,Short,Visual,Story,41,161879,130391,9997,621,1677,667,0.522,224,8.007,0.398,7.5952,0.05867335355419789,Non-Viral
C02713,2026-08-17,YouTube,Career Stress,Short,Text,List,36,17569,157566,1202,88,106,85,0.489,63,8.43,0.802,6.9497,0.053817752860151405,Non-Viral
C01109,2026-08-17,Instagram,Family Pressure,Short,Text,Advice,36,173226,9542,10895,575,1858,1073,0.508,585,8.313,0.578,8.0992,0.05798281320356067,Non-Viral
C01689,2026-08-17,Instagram,Self-Doubt,Short,Visual,List,36,51591,10428,3933,362,345,203,0.575,198,9.387,0.588,7.6573,0.0627421934058266,Non-Viral
C03352,2026-08-17,YouTube,College Life,Long,Text,Advice,59,45137,51615,1673,114,211,155,0.444,134,4.77,0.735,4.3213,0.047912639298136786,Non-Viral
C02233,2026-08-17,Instagram,Family Pressure,Short,Text,Advice,23,153254,96471,10328,1044,795,1553,0.529,478,8.952,1.953,7.9743,0.05929624414370914,Non-Viral
C01837,2026-08-17,Instagram,Dating,Short,Visual,List,35,32094,71789,1866,262,310,334,0.491,167,8.637,1.077,9.1107,0.057793213684800906,Non-Viral
C04381,2026-08-17,Instagram,Social Anxiety,Short,Visual,Story,52,35043,25490,1988,315,341,294,0.613,55,8.384,0.862,8.7821,0.06954415717832377,Viral
C03688,2026-08-17,Instagram,Dating,Short,Text,Confession,24,89437,239572,8701,361,1415,1092,0.627,173,12.935,0.772,12.6581,0.07408790433489496,Viral
C01874,2026-08-17,Instagram,Friendship,Short,Text,Question,47,115671,8574,4030,213,624,326,0.558,217,4.489,0.522,4.2003,0.05934929066058045,Non-Viral
C01910,2026-08-17,Instagram,Dating,Short,Text,Story,24,134682,242531,9197,522,1300,450,0.497,394,8.516,0.346,7.5597,0.05562729540695861,Non-Viral
C02097,2026-08-17,Instagram,College Life,Short,Visual,Confession,29,58538,49029,4109,385,342,633,0.542,167,9.343,1.851,8.4116,0.06105964672520415,Non-Viral
C03743,2026-08-17,Instagram,College Life,Short,Visual,Question,46,36704,233297,3499,254,614,460,0.579,112,13.151,0.749,13.3296,0.0702256320836966,Viral
C04477,2026-08-17,YouTube,Career Stress,Short,Text,Question,57,138544,142043,4397,576,702,670,0.52,294,4.58,0.954,4.6978,0.056354573276359864,Non-Viral
C03553,2026-08-17,YouTube,Burnout,Short,Visual,Advice,34,60215,207002,5117,284,663,487,0.607,259,10.879,0.735,9.8771,0.06878851615046086,Viral
C03172,2026-08-17,YouTube,Social Anxiety,Short,Text,Story,49,15268,58163,1250,90,177,62,0.596,46,10.342,0.35,9.2677,0.06691922976159287,Viral
C00081,2026-08-17,Instagram,Friendship,Short,Visual,Question,25,111154,88379,8517,1087,1113,956,0.475,350,10.502,0.859,10.0221,0.05605299854256257,Non-Viral
C00319,2026-08-17,Instagram,Friendship,Long,Visual,Story,8,171669,137566,8421,478,1367,820,0.643,473,6.458,0.6,6.2146,0.06973400380965697,Viral
C02918,2026-08-18,YouTube,Social Anxiety,Long,Visual,Confession,32,33406,92269,1956,194,163,76,0.509,83,7.151,0.466,5.7175,0.054649326468299106,Non-Viral
C03310,2026-08-18,YouTube,Friendship,Short,Visual,Question,32,10039,152212,780,48,96,60,0.568,10,9.802,0.625,8.6662,0.06361342763223428,Non-Viral
C03462,2026-08-18,Instagram,Social Anxiety,Short,Visual,List,21,29620,248039,2038,255,397,399,0.557,109,10.429,1.005,11.4467,0.06706394328156652,Viral
C03956,2026-08-18,YouTube,Family Pressure,Short,Text,Question,30,157058,71128,12212,1000,1551,1643,0.455,202,10.446,1.059,9.8976,0.05403729195583798,Non-Viral
C02221,2026-08-18,Instagram,Career Stress,Long,Text,Confession,43,26493,142516,1072,152,217,210,0.261,54,6.232,0.968,6.9264,0.033024470614879405,Non-Viral
C03705,2026-08-18,Instagram,Burnout,Short,Visual,Story,17,123183,185072,5423,395,312,307,0.574,172,5.226,0.984,3.9405,0.05976842746158155,Non-Viral
C04237,2026-08-18,Instagram,Dating,Long,Text,Advice,41,75210,132865,2848,216,340,335,0.445,78,4.971,0.985,4.5712,0.048301356202632637,Non-Viral
C01681,2026-08-18,YouTube,Friendship,Short,Visual,Question,34,10906,210979,1076,41,76,35,0.49,17,11.26,0.461,8.2294,0.05366257106180085,Non-Viral
C04960,2026-08-18,YouTube,Dating,Short,Text,List,40,37572,94312,1102,112,163,117,0.509,21,3.976,0.718,3.838,0.054233599488981155,Non-Viral
C04074,2026-08-18,Instagram,Family Pressure,Short,Text,List,18,117564,223536,5691,236,275,689,0.455,297,5.861,2.505,4.5954,0.04861192201694397,Non-Viral
C00926,2026-08-18,Instagram,Burnout,Short,Text,Confession,27,156923,118006,9456,926,1489,812,0.442,214,8.082,0.545,7.7796,0.050907429758544,Non-Viral
C04965,2026-08-18,YouTube,Career Stress,Short,Visual,Confession,36,71269,45113,5690,607,789,1054,0.544,218,11.422,1.336,11.5485,0.06509609507640068,Non-Viral
C00694,2026-08-18,YouTube,Self-Doubt,Short,Text,Confession,28,16518,60249,735,66,82,102,0.522,12,5.963,1.244,5.5485,0.05688579731202325,Non-Viral
C02620,2026-08-18,Instagram,College Life,Long,Visual,Story,36,113902,110031,7548,1048,1211,1158,0.447,252,9.627,0.956,9.9164,0.053914500184369024,Non-Viral
C04723,2026-08-18,Instagram,Self-Doubt,Long,Visual,Question,40,32095,18303,2557,223,94,218,0.51,115,9.634,2.319,7.2628,0.055397881289920556,Non-Viral
C04122,2026-08-18,Instagram,Burnout,Short,Visual,Story,33,47269,108559,3684,419,731,644,0.581,120,11.589,0.881,12.5907,0.07047597579809177,Viral
C02828,2026-08-18,YouTube,Friendship,Short,Visual,List,27,82593,241739,6359,488,870,780,0.445,200,10.288,0.897,9.7847,0.05295955468381098,Non-Viral
C03186,2026-08-19,Instagram,Dating,Short,Visual,Question,30,16619,85935,954,45,139,87,0.597,35,7.371,0.626,6.8325,0.06544041759431976,Non-Viral
C01421,2026-08-19,Instagram,Burnout,Long,Text,List,36,6816,135691,139,7,9,15,0.313,9,2.494,1.667,2.01,0.03270845070422535,Non-Viral
C02908,2026-08-19,Instagram,College Life,Long,Text,List,47,139545,108232,5541,509,399,749,0.359,176,5.158,1.877,4.4638,0.03934405030635279,Non-Viral
C01727,2026-08-19,Instagram,Friendship,Short,Text,Advice,8,117654,132229,7965,1109,1382,336,0.548,553,9.173,0.243,8.8939,0.062356479167729115,Non-Viral
C02028,2026-08-19,YouTube,College Life,Short,Visual,Story,21,122667,170406,6236,625,1279,434,0.606,425,6.99,0.339,7.1417,0.06711764533248551,Viral
C04911,2026-08-19,YouTube,Self-Doubt,Short,Visual,Story,57,39372,249234,2594,165,246,271,0.467,78,8.321,1.102,7.1739,0.05220518134715026,Non-Viral
C02054,2026-08-19,YouTube,Family Pressure,Short,Visual,Confession,22,110569,109599,13119,1177,1670,1038,0.619,299,15.379,0.622,13.9379,0.07310974233284194,Viral
C03961,2026-08-19,Instagram,College Life,Long,Visual,Story,15,78065,238888,4778,243,622,205,0.439,119,7.491,0.33,6.4427,0.04874019727150452,Non-Viral
C04602,2026-08-19,Instagram,Social Anxiety,Long,Text,Advice,36,11921,25133,438,47,62,99,0.386,26,5.419,1.597,5.6497,0.04402320275144703,Non-Viral
C03441,2026-08-19,YouTube,Dating,Long,Text,List,41,162175,66062,5967,408,333,274,0.425,131,4.305,0.823,3.171,0.044308231848312014,Non-Viral
C00383,2026-08-19,Instagram,Social Anxiety,Short,Text,Confession,56,159370,210871,5721,637,733,672,0.606,366,4.871,0.917,4.6176,0.06453424107422978,Non-Viral
C02397,2026-08-19,Instagram,Self-Doubt,Short,Visual,Story,48,13522,86863,868,120,243,175,0.614,33,10.398,0.72,12.5203,0.07470054725632304,Viral
C00640,2026-08-19,Instagram,Friendship,Short,Visual,Question,41,109427,45691,8067,743,1007,568,0.547,489,9.49,0.564,8.5034,0.061416806638215436,Non-Viral
C00763,2026-08-19,Instagram,Friendship,Short,Visual,List,57,95865,62123,2670,129,460,235,0.639,150,3.645,0.511,3.5242,0.06699654201220466,Viral
C04468,2026-08-19,Instagram,Dating,Short,Text,Confession,33,178541,35840,11043,1004,2414,717,0.491,369,8.501,0.297,8.7955,0.05723258579261907,Non-Viral
C00949,2026-08-19,Instagram,Dating,Short,Visual,Advice,51,162587,135318,10743,1488,1911,1565,0.579,647,9.661,0.819,10.1278,0.06744965649160142,Viral
C00965,2026-08-19,YouTube,Friendship,Short,Visual,Confession,44,120098,19483,12552,454,1169,1323,0.531,174,12.904,1.132,10.9161,0.06135201085779947,Non-Viral
C02528,2026-08-19,Instagram,Burnout,Short,Text,Question,42,9160,88888,610,48,111,29,0.582,37,8.712,0.261,8.3843,0.06538886462882096,Non-Viral
C02744,2026-08-19,Instagram,Family Pressure,Short,Text,List,38,123619,161674,10420,723,1422,785,0.539,262,10.799,0.552,9.8128,0.06185872802724501,Non-Viral
C04687,2026-08-19,Instagram,College Life,Short,Visual,Advice,35,52719,111938,4049,370,276,598,0.558,144,10.04,2.167,8.7321,0.06261158595572755,Non-Viral
C00571,2026-08-19,Instagram,Family Pressure,Short,Visual,Confession,15,127187,115135,7232,790,619,754,0.451,121,7.387,1.218,6.4205,0.050000264964186594,Non-Viral
C04438,2026-08-19,Instagram,Family Pressure,Long,Text,Story,37,80521,68568,3110,167,271,188,0.466,171,4.64,0.694,3.7189,0.04912604910520237,Non-Viral
C03575,2026-08-20,YouTube,Social Anxiety,Short,Visual,Confession,43,111785,186964,5944,647,705,871,0.614,223,7.306,1.235,6.9772,0.06744374468846447,Viral
C00340,2026-08-20,Instagram,Self-Doubt,Long,Visual,Story,30,32462,98174,3278,206,265,307,0.496,173,12.495,1.158,10.3413,0.057062571622204426,Non-Viral
C01934,2026-08-20,Instagram,Friendship,Short,Visual,Confession,39,125046,42236,8550,646,840,1142,0.647,389,8.939,1.36,8.0354,0.07123759416534715,Viral
C01930,2026-08-20,Instagram,Burnout,Long,Visual,Confession,26,170478,201888,7021,701,999,702,0.395,170,5.527,0.703,5.2576,0.04398914229402035,Non-Viral
C04643,2026-08-20,YouTube,College Life,Short,Visual,Confession,23,122106,186446,5731,869,514,844,0.605,122,6.517,1.642,6.0595,0.06553537909685028,Non-Viral
C00671,2026-08-20,YouTube,Friendship,Short,Text,Question,40,172431,223523,10959,1082,2024,1459,0.479,1005,9.003,0.721,9.3327,0.05666176557579553,Non-Viral
C01295,2026-08-20,Instagram,College Life,Short,Visual,List,16,101832,185128,3240,359,242,538,0.432,131,4.3,2.223,3.8892,0.046383184067876504,Non-Viral
C01832,2026-08-20,YouTube,Family Pressure,Short,Text,Story,18,14846,42062,441,49,50,79,0.495,22,4.169,1.58,4.055,0.053107032197224846,Non-Viral
C02387,2026-08-20,Instagram,Burnout,Short,Text,List,24,23368,31355,873,163,122,167,0.697,30,5.67,1.369,5.9098,0.07523962684012324,Viral
C01269,2026-08-20,YouTube,Family Pressure,Short,Text,Confession,27,5366,66864,343,39,58,59,0.64,7,9.299,1.017,9.7279,0.07325270219903093,Viral
C00776,2026-08-20,YouTube,Dating,Short,Text,Question,40,40660,164401,3527,146,305,419,0.496,159,10.814,1.374,9.1872,0.05660565666502706,Non-Viral
C04199,2026-08-20,YouTube,Self-Doubt,Long,Text,Confession,12,17091,144315,1412,120,80,81,0.414,58,9.906,1.012,7.5361,0.04598135860979463,Non-Viral
C03840,2026-08-20,YouTube,College Life,Short,Visual,Advice,8,27519,76440,2473,311,164,385,0.62,77,12.112,2.348,10.7744,0.07057407609288129,Viral
C02122,2026-08-20,YouTube,Career Stress,Long,Visual,Advice,44,10160,145770,940,66,42,86,0.472,19,11.161,2.048,8.5335,0.05257401574803149,Non-Viral
C03902,2026-08-20,Instagram,College Life,Long,Visual,Question,43,109871,85649,6522,953,949,683,0.479,190,8.289,0.72,8.1036,0.054952816484786705,Non-Viral
C00293,2026-08-20,YouTube,Friendship,Long,Text,Story,30,179278,177569,10816,1101,1040,834,0.482,515,7.693,0.802,6.6085,0.05312726380258593,Non-Viral
C04006,2026-08-20,Instagram,Burnout,Long,Text,Story,40,111328,210284,6966,214,359,681,0.413,176,7.384,1.897,5.6078,0.04487457243460765,Non-Viral
C02165,2026-08-20,Instagram,Career Stress,Short,Text,List,36,52805,162780,2561,132,166,166,0.53,129,5.729,1.0,4.3717,0.05573269576744627,Non-Viral
C01440,2026-08-21,Instagram,Family Pressure,Long,Visual,Question,22,167848,146961,10235,421,1580,1237,0.646,659,8.027,0.783,7.7231,0.07142313760068635,Viral
C02389,2026-08-21,Instagram,Social Anxiety,Long,Text,Question,32,151609,77208,7445,1097,1880,974,0.491,547,7.517,0.518,8.5457,0.057692827602582965,Non-Viral
C03488,2026-08-21,Instagram,Career Stress,Short,Visual,Confession,42,39539,125399,1821,86,160,113,0.494,94,5.514,0.706,4.4146,0.05240462834163737,Non-Viral
C01083,2026-08-21,Instagram,Social Anxiety,Short,Text,Question,27,8041,176692,422,28,80,44,0.548,10,7.138,0.55,7.2255,0.061440965054097754,Non-Viral
C03036,2026-08-21,YouTube,Friendship,Long,Visual,Confession,52,13027,146653,1515,116,58,172,0.482,78,14.286,2.966,11.1269,0.055500222614569744,Non-Viral
C04872,2026-08-21,YouTube,Career Stress,Long,Text,Story,42,105226,70730,4748,290,663,606,0.444,134,5.994,0.914,5.7115,0.04937643168038318,Non-Viral
C01784,2026-08-21,Instagram,Friendship,Long,Visual,Story,26,51257,193016,5409,272,652,222,0.484,213,12.788,0.34,10.7546,0.056219419786565736,Non-Viral
C02543,2026-08-21,Instagram,Career Stress,Short,Visual,Confession,33,126563,133229,8747,1581,817,1197,0.588,521,9.752,1.465,9.1575,0.06641596991221763,Non-Viral
C02770,2026-08-21,Instagram,Friendship,Short,Visual,Story,50,146039,57142,7968,349,487,554,0.633,400,6.408,1.138,4.8456,0.06629714459836072,Non-Viral
C01054,2026-08-21,Instagram,Friendship,Short,Text,Advice,28,14461,157124,932,109,165,161,0.585,52,9.453,0.976,10.0028,0.06810514487241545,Viral
C00448,2026-08-21,YouTube,Friendship,Short,Visual,Advice,22,84089,141431,9421,661,1001,1115,0.635,422,14.506,1.114,13.0041,0.0740138603146666,Viral
C00274,2026-08-21,Instagram,Friendship,Short,Text,Question,26,127397,165097,8286,317,787,517,0.55,300,7.776,0.657,6.2902,0.05937058957432279,Non-Viral
C04599,2026-08-21,Instagram,Dating,Short,Visual,List,17,11457,46718,671,51,37,131,0.422,35,7.768,3.541,6.8517,0.04775119141136423,Non-Viral
C03645,2026-08-22,Instagram,Friendship,Short,Text,Story,48,68359,167592,4928,669,443,514,0.611,194,9.588,1.16,8.5205,0.0677399449962697,Viral
C03398,2026-08-22,YouTube,Career Stress,Short,Visual,List,51,42989,176622,2621,181,709,180,0.629,225,8.586,0.254,9.4652,0.07220935820791365,Viral
C03211,2026-08-22,YouTube,College Life,Long,Visual,Story,42,80218,31845,3609,327,460,112,0.476,166,5.62,0.243,4.8605,0.051210785609214896,Non-Viral
C03383,2026-08-22,YouTube,Social Anxiety,Short,Visual,Confession,40,160542,79346,11685,985,1065,864,0.515,368,9.094,0.811,7.626,0.05702005082782076,Non-Viral
C01377,2026-08-22,Instagram,Friendship,Long,Visual,Question,27,155432,181041,11841,735,648,1370,0.514,409,9.389,2.114,7.5319,0.05662961809665963,Non-Viral
C03635,2026-08-22,Instagram,Family Pressure,Long,Text,Story,29,41895,107851,1531,172,333,277,0.362,125,5.521,0.832,6.1499,0.04237615467239528,Non-Viral
C01376,2026-08-22,Instagram,Friendship,Short,Text,Story,36,14146,230315,513,48,41,29,0.529,17,4.461,0.707,3.6017,0.055328248268061646,Non-Viral
C04982,2026-08-22,YouTube,Career Stress,Long,Visual,Confession,29,64581,167981,2436,135,186,321,0.462,65,4.766,1.726,4.0577,0.04930075718864682,Non-Viral
C02513,2026-08-22,Instagram,Dating,Short,Text,Confession,11,63770,110211,3805,570,429,456,0.569,139,8.248,1.063,7.7725,0.06341325074486436,Non-Viral
C00515,2026-08-22,Instagram,Self-Doubt,Long,Visual,List,36,158330,30563,9628,1002,1413,1056,0.492,202,8.273,0.747,8.001,0.05616614665571907,Non-Viral
C00451,2026-08-22,Instagram,College Life,Short,Visual,Confession,17,83142,239126,9979,260,439,1401,0.625,395,14.528,3.191,11.4244,0.07040033917875442,Viral
C00503,2026-08-22,Instagram,Family Pressure,Short,Visual,Confession,40,6317,138154,228,17,36,34,0.692,5,4.987,0.944,4.9945,0.07378287161627355,Viral
C01448,2026-08-22,Instagram,College Life,Short,Visual,Question,49,63829,32307,2899,149,401,347,0.459,66,5.947,0.865,5.5931,0.05070815930063138,Non-Viral
C01700,2026-08-22,Instagram,Social Anxiety,Long,Text,Story,36,133635,120209,5493,650,934,547,0.302,511,5.705,0.586,5.7002,0.03530270512964418,Non-Viral
C01810,2026-08-22,Instagram,College Life,Long,Visual,Story,38,32087,23081,1804,299,394,332,0.368,62,8.817,0.843,9.962,0.0468274254370929,Non-Viral
C03664,2026-08-22,Instagram,Social Anxiety,Short,Text,Advice,48,5553,33137,198,17,27,14,0.457,9,4.61,0.519,4.2049,0.049103565640194496,Non-Viral
C00999,2026-08-22,Instagram,Burnout,Short,Text,List,20,93113,194079,3280,384,538,461,0.57,114,5.008,0.857,5.1035,0.061703961852802504,Non-Viral
C00649,2026-08-22,YouTube,Self-Doubt,Short,Text,Advice,35,77892,89683,5793,275,881,239,0.479,164,9.228,0.271,8.255,0.05443982437220767,Non-Viral
C04095,2026-08-22,YouTube,College Life,Short,Visual,List,43,158654,76555,14284,1500,677,891,0.543,194,10.937,1.316,8.3231,0.05932319512902291,Non-Viral
C02143,2026-08-22,Instagram,Burnout,Long,Visual,Story,29,143389,109394,12611,753,1927,684,0.576,173,11.141,0.355,10.1709,0.06586632447398336,Non-Viral
C04937,2026-08-22,Instagram,Family Pressure,Short,Visual,Confession,40,157237,97240,10559,1248,2548,1986,0.562,726,10.393,0.779,11.9358,0.06847192073112562,Viral
C02731,2026-08-22,YouTube,Self-Doubt,Long,Visual,Story,39,40295,176346,3722,429,577,517,0.498,220,13.017,0.896,13.0773,0.06168981263184018,Non-Viral
C03839,2026-08-22,Instagram,Friendship,Short,Visual,Question,36,48160,176139,4089,391,229,247,0.596,145,10.291,1.079,7.9153,0.06449617940199336,Non-Viral
C02117,2026-08-22,Instagram,Friendship,Short,Visual,List,21,154950,234998,7367,733,1580,1674,0.595,700,7.328,1.059,8.3066,0.06803920619554694,Viral
C02363,2026-08-22,Instagram,Friendship,Short,Visual,Story,14,20609,124849,1128,62,165,128,0.515,56,7.196,0.776,6.832,0.05741731767674318,Non-Viral
C02677,2026-08-22,Instagram,College Life,Short,Text,List,41,140897,106980,8419,316,1118,443,0.595,417,7.307,0.396,6.3333,0.0643503516753373,Non-Viral
C01223,2026-08-22,YouTube,Burnout,Short,Visual,List,39,129729,43909,5493,365,243,684,0.655,188,5.23,2.815,4.1556,0.06834670351270726,Viral
C03004,2026-08-22,Instagram,Dating,Short,Visual,List,30,113239,5064,8473,665,867,999,0.668,386,9.718,1.152,8.6834,0.07377286270631145,Viral
C03753,2026-08-22,Instagram,Self-Doubt,Long,Text,Confession,15,64421,102741,3909,633,508,340,0.451,180,8.367,0.669,7.9291,0.05170576520078857,Non-Viral
C00751,2026-08-22,YouTube,College Life,Short,Visual,Advice,24,164952,230684,13559,723,873,1929,0.606,268,10.357,2.21,8.694,0.06714735923177652,Viral
C00683,2026-08-22,Instagram,Friendship,Long,Visual,Advice,8,49265,165949,3643,406,531,634,0.319,144,10.584,1.194,10.7409,0.04184722419567645,Non-Viral
C00684,2026-08-22,Instagram,Career Stress,Long,Text,Confession,16,56498,120771,2048,151,302,169,0.443,73,4.726,0.56,4.4152,0.04800367092640448,Non-Viral
C00200,2026-08-22,YouTube,Self-Doubt,Long,Text,Story,50,59387,38150,5630,408,562,560,0.473,190,12.057,0.996,10.4956,0.05541793826931821,Non-Viral
C01939,2026-08-22,Instagram,Family Pressure,Short,Text,Story,52,160695,9036,13343,863,1631,585,0.572,309,10.219,0.359,8.7302,0.06366504247176329,Non-Viral
C00195,2026-08-22,YouTube,Self-Doubt,Short,Text,Advice,32,132287,99161,5988,917,441,999,0.619,107,6.308,2.265,5.8135,0.06670546085405218,Viral
C02814,2026-08-23,Instagram,Friendship,Short,Visual,List,22,93547,195917,6101,639,1608,967,0.484,137,9.958,0.601,11.5097,0.06026088276481341,Non-Viral
C00609,2026-08-23,Instagram,Social Anxiety,Long,Visual,List,44,91908,117821,6781,1007,1708,1505,0.501,539,11.97,0.881,14.1827,0.06501872307089698,Non-Viral
C03689,2026-08-23,Instagram,Burnout,Short,Visual,Confession,42,161559,246924,10291,377,1782,748,0.509,384,8.169,0.42,7.7699,0.0576025049672256,Non-Viral
C04357,2026-08-23,Instagram,Friendship,Short,Visual,Advice,47,136945,223242,8289,850,1090,674,0.524,235,7.962,0.618,7.3296,0.05838926576362773,Non-Viral
C00853,2026-08-23,Instagram,Career Stress,Short,Text,Advice,43,85835,83623,4447,151,655,553,0.507,217,6.764,0.844,6.4321,0.05633057028018874,Non-Viral
C00337,2026-08-23,Instagram,Friendship,Short,Text,List,43,103645,134661,7236,675,1033,419,0.6,144,9.034,0.406,8.2662,0.06667470693231704,Viral
C00466,2026-08-23,Instagram,Career Stress,Long,Visual,Confession,34,48465,191969,1299,139,180,101,0.436,79,3.547,0.561,3.3014,0.04632670999690498,Non-Viral
C04987,2026-08-23,Instagram,Friendship,Long,Text,List,32,171318,16736,10081,1182,1383,1650,0.477,162,8.345,1.193,8.3252,0.05525699926452562,Non-Viral
C04510,2026-08-23,Instagram,Self-Doubt,Long,Text,Confession,45,60814,110505,1622,117,194,137,0.397,58,3.404,0.706,3.0297,0.04209994080310456,Non-Viral
C02837,2026-08-23,YouTube,Dating,Long,Visual,Question,50,56893,224937,3160,307,540,367,0.488,109,7.688,0.68,7.7241,0.05581580159246305,Non-Viral
C01210,2026-08-23,YouTube,Burnout,Short,Visual,List,30,175298,147809,11719,399,1502,878,0.653,415,8.27,0.585,7.2562,0.07099972275781813,Viral
C01369,2026-08-23,Instagram,Self-Doubt,Short,Visual,Confession,42,62782,96526,2226,245,504,110,0.544,93,4.914,0.218,5.1169,0.05912348762384123,Non-Viral
C02670,2026-08-23,Instagram,Friendship,Long,Text,Advice,28,24200,32855,504,26,75,51,0.441,20,2.711,0.68,2.5537,0.04628801652892562,Non-Viral
C02668,2026-08-23,YouTube,Self-Doubt,Long,Visual,Advice,51,51510,91143,1888,119,122,132,0.498,67,4.389,1.082,3.4023,0.051981129877693655,Non-Viral
C01243,2026-08-23,YouTube,College Life,Short,Text,Story,30,119285,47416,8044,614,1847,877,0.555,562,9.542,0.475,10.2595,0.06544550865574046,Non-Viral
C03214,2026-08-23,YouTube,Dating,Short,Visual,List,25,38720,136377,3150,303,304,271,0.555,110,10.403,0.891,8.9966,0.062306559917355384,Non-Viral
C02599,2026-08-24,YouTube,Career Stress,Short,Visual,Story,20,173887,27608,12162,1704,2792,2308,0.525,412,10.907,0.827,12.4385,0.06517719841046198,Non-Viral
C02579,2026-08-24,Instagram,Family Pressure,Short,Text,List,9,75322,118545,1341,197,352,89,0.621,49,2.627,0.253,2.9208,0.06494976500889514,Non-Viral
C02611,2026-08-24,Instagram,Dating,Long,Visual,Confession,13,10890,223902,611,28,59,38,0.432,15,6.758,0.644,5.5142,0.04707052341597796,Non-Viral
C02589,2026-08-24,YouTube,Self-Doubt,Short,Visual,Story,53,18572,129474,1660,54,69,92,0.591,83,10.096,1.333,7.0106,0.06269412018091751,Non-Viral
C00046,2026-08-24,Instagram,Friendship,Short,Text,Story,51,130737,180652,8924,1002,1456,1926,0.624,795,10.179,1.323,10.85,0.07298078432272426,Viral
C02806,2026-08-24,Instagram,Family Pressure,Short,Text,List,19,138673,75994,8108,520,1920,1319,0.532,455,8.558,0.687,9.5419,0.06284643441765882,Non-Viral
C02542,2026-08-24,Instagram,Social Anxiety,Short,Visual,Story,47,81968,25559,6066,710,1026,298,0.62,262,9.882,0.29,9.4817,0.07002264298262736,Viral
C00064,2026-08-24,Instagram,Social Anxiety,Short,Visual,List,35,64501,126754,6734,280,1128,964,0.63,128,14.118,0.855,14.1068,0.07600444954341794,Viral
C03283,2026-08-24,Instagram,Social Anxiety,Long,Text,Question,35,42647,46653,2422,192,421,181,0.364,94,7.541,0.43,7.3253,0.04279083640115366,Non-Viral
C01955,2026-08-24,Instagram,Friendship,Long,Text,Question,72,175006,232589,16795,1697,1071,1687,0.281,378,12.142,1.575,10.0168,0.03520032798875468,Non-Viral
C01233,2026-08-24,Instagram,Dating,Short,Visual,Story,30,108119,34860,10163,935,514,1295,0.506,588,11.938,2.519,9.8188,0.057629754252259094,Non-Viral
C03949,2026-08-24,YouTube,College Life,Long,Visual,Advice,28,80259,195490,2621,160,312,386,0.441,132,4.335,1.237,4.06,0.04759119724890667,Non-Viral
C04136,2026-08-24,Instagram,Family Pressure,Short,Text,Advice,27,111307,214429,5376,753,753,684,0.585,377,6.797,0.908,6.6883,0.06440259372725884,Non-Viral
C04793,2026-08-24,YouTube,Self-Doubt,Long,Text,List,50,166667,171538,8415,937,537,406,0.501,483,6.177,0.756,4.8216,0.0531239939520121,Non-Viral
C00861,2026-08-24,Instagram,Family Pressure,Short,Visual,Confession,14,88299,121240,7000,601,492,590,0.552,141,9.834,1.199,7.9927,0.06073290524241498,Non-Viral
C00797,2026-08-24,YouTube,Family Pressure,Short,Visual,List,44,112080,157773,9629,967,1210,649,0.552,422,11.113,0.536,9.9866,0.06308945396145611,Non-Viral
C00208,2026-08-24,Instagram,Self-Doubt,Short,Text,Advice,62,150666,150196,7973,351,766,991,0.4,432,6.691,1.294,5.8361,0.044610529250129434,Non-Viral
C04364,2026-08-24,Instagram,Social Anxiety,Short,Visual,List,38,13949,130040,844,44,47,53,0.516,16,7.083,1.128,5.2692,0.05472925657753245,Non-Viral
C03944,2026-08-24,YouTube,Social Anxiety,Short,Visual,Question,44,153489,239082,16621,1433,3151,1217,0.592,595,14.608,0.386,14.5593,0.07221721947501124,Viral
C00355,2026-08-24,YouTube,Self-Doubt,Short,Visual,Confession,16,103742,206398,7650,823,1932,836,0.71,483,10.836,0.433,12.0756,0.08298791232095004,Viral
C03912,2026-08-24,YouTube,Dating,Short,Visual,List,33,164271,154541,7803,848,1683,729,0.551,208,6.735,0.433,7.1105,0.061816036305860446,Non-Viral
C04360,2026-08-24,Instagram,Friendship,Short,Visual,List,45,153627,147654,13690,464,1102,1637,0.588,476,10.996,1.485,9.1917,0.06567769727977504,Non-Viral
C03663,2026-08-24,Instagram,Friendship,Long,Visual,Question,44,34498,165524,3367,139,432,259,0.452,75,12.166,0.6,10.7427,0.05369179662589136,Non-Viral
C04761,2026-08-24,YouTube,College Life,Short,Text,List,18,59246,196950,2935,131,307,194,0.493,84,6.021,0.632,5.0181,0.05294581575127435,Non-Viral
C01567,2026-08-24,Instagram,Social Anxiety,Short,Visual,Confession,37,50369,75140,3886,406,324,409,0.557,169,9.976,1.262,8.6204,0.062239736742837865,Non-Viral
C00417,2026-08-24,Instagram,Self-Doubt,Short,Visual,Confession,32,125033,69853,8865,1168,769,643,0.672,254,9.154,0.836,7.8199,0.0729116921132821,Viral
C03908,2026-08-24,Instagram,Burnout,Short,Visual,Question,41,84206,91137,2916,269,256,364,0.598,196,4.519,1.422,3.9872,0.06294407524404437,Non-Viral
C01226,2026-08-24,YouTube,College Life,Short,Visual,Story,16,111682,205502,3224,366,230,195,0.516,198,3.595,0.848,2.902,0.05354212138034778,Non-Viral
C04137,2026-08-25,Instagram,Career Stress,Short,Text,List,19,80415,91544,5315,405,223,437,0.541,258,7.934,1.96,5.979,0.05773365043835106,Non-Viral
C02963,2026-08-25,Instagram,Family Pressure,Long,Visual,List,53,135332,85549,6280,557,869,1043,0.594,472,6.465,1.2,6.4054,0.06521902284751574,Non-Viral
C02750,2026-08-25,YouTube,Social Anxiety,Short,Visual,List,40,41830,246719,1647,227,184,326,0.629,78,5.699,1.772,5.661,0.06803148458044465,Viral
C02840,2026-08-25,Instagram,Burnout,Long,Text,Advice,27,101885,69130,9059,490,1093,744,0.445,281,11.175,0.681,9.8459,0.052239608381999314,Non-Viral
C00404,2026-08-25,YouTube,Self-Doubt,Short,Text,Question,44,32322,175886,1894,148,257,154,0.438,57,7.589,0.599,6.955,0.04949426396881382,Non-Viral
C00947,2026-08-25,YouTube,Burnout,Long,Visual,List,34,115084,113606,6288,287,796,587,0.503,80,6.915,0.737,6.2011,0.055316770359042096,Non-Viral
C00959,2026-08-25,Instagram,Friendship,Short,Visual,Question,36,50232,181019,3888,105,418,538,0.616,121,9.852,1.287,8.8221,0.0688712613473483,Viral
C00441,2026-08-25,YouTube,Friendship,Short,Visual,Confession,24,103040,213757,9231,576,893,1265,0.416,526,11.612,1.417,10.3732,0.050021486801242236,Non-Viral
C04325,2026-08-25,Instagram,Self-Doubt,Short,Text,Question,56,41680,230705,1759,195,108,134,0.434,55,5.269,1.241,4.2322,0.04623229366602687,Non-Viral
C04582,2026-08-25,YouTube,Dating,Short,Visual,Question,26,177258,10355,8911,555,1343,1685,0.595,389,7.048,1.255,7.1574,0.06623086687201706,Non-Viral
C03516,2026-08-25,Instagram,College Life,Long,Text,List,26,20052,81320,703,89,105,59,0.447,47,4.768,0.562,4.5781,0.0486048473967684,Non-Viral
C03511,2026-08-25,YouTube,Dating,Short,Visual,Advice,38,136275,248717,7426,981,778,938,0.595,268,7.428,1.206,6.8938,0.0652138139790864,Non-Viral
C04824,2026-08-25,YouTube,Burnout,Long,Text,Advice,49,61684,214200,2131,154,334,303,0.479,90,4.737,0.907,4.7087,0.052184741586148754,Non-Viral
C03355,2026-08-25,Instagram,Social Anxiety,Long,Visual,Confession,38,10064,75782,522,41,26,62,0.511,8,6.469,2.385,5.2116,0.05472182034976153,Non-Viral
C00325,2026-08-25,YouTube,College Life,Short,Text,Question,15,117344,169490,6619,234,583,332,0.431,140,6.62,0.569,5.1758,0.046483641259885466,Non-Viral
C02872,2026-08-26,YouTube,College Life,Short,Text,Advice,16,104528,87944,5929,370,804,735,0.6,350,7.498,0.914,7.0809,0.0661017143731823,Non-Viral
C04921,2026-08-26,Instagram,Dating,Short,Visual,Advice,31,169620,140455,10855,1784,991,1537,0.658,792,8.942,1.551,8.3425,0.07272518570923242,Viral
C03685,2026-08-26,Instagram,Self-Doubt,Short,Text,Question,26,21063,202004,529,50,144,87,0.603,45,3.846,0.604,4.4889,0.06497169918814984,Non-Viral
C02170,2026-08-26,Instagram,Family Pressure,Short,Visual,Confession,38,32391,16115,3682,106,149,229,0.55,72,12.862,1.537,8.9685,0.05968185607113088,Non-Viral
C02880,2026-08-26,YouTube,College Life,Short,Visual,List,33,29696,133850,1616,65,239,207,0.635,65,7.163,0.866,6.8578,0.0695412176724138,Viral
C02132,2026-08-26,Instagram,Career Stress,Short,Visual,Confession,48,27911,135034,2377,322,110,257,0.592,68,10.985,2.336,9.0126,0.06546634660169826,Non-Viral
C02824,2026-08-26,Instagram,Self-Doubt,Short,Text,Confession,25,86985,169724,4740,502,878,545,0.382,189,7.662,0.621,7.8715,0.045487463355751,Non-Viral
C03789,2026-08-26,Instagram,Dating,Short,Text,Confession,24,150405,170385,9192,603,1245,1050,0.593,642,8.038,0.843,7.5367,0.06572066420664206,Non-Viral
C01250,2026-08-26,Instagram,College Life,Short,Text,List,32,7039,90500,481,14,40,48,0.568,18,8.282,1.2,6.7836,0.06170126438414547,Non-Viral
C02270,2026-08-26,YouTube,Social Anxiety,Short,Text,Confession,25,93054,142889,3705,547,506,564,0.398,246,5.719,1.115,5.716,0.0449470114127281,Non-Viral
C02388,2026-08-26,YouTube,Social Anxiety,Short,Text,List,64,162181,237000,14086,828,1587,2000,0.442,813,11.408,1.26,10.5105,0.053068794741677514,Non-Viral
C02536,2026-08-26,Instagram,College Life,Long,Text,Story,52,76318,158933,1991,141,189,140,0.395,61,3.225,0.741,2.6914,0.04144187478707514,Non-Viral
C04835,2026-08-26,Instagram,Career Stress,Long,Text,Advice,41,72333,126693,3162,408,217,557,0.479,254,6.006,2.567,5.4719,0.05240624196424868,Non-Viral
C04114,2026-08-26,Instagram,Career Stress,Short,Visual,Advice,44,78924,168200,4035,513,293,376,0.621,174,6.61,1.283,5.5978,0.06617480614261821,Non-Viral
C03199,2026-08-26,YouTube,Career Stress,Short,Text,Question,14,80401,108442,7890,758,758,259,0.549,263,12.021,0.342,9.7934,0.06152305195209015,Non-Viral
C01797,2026-08-26,Instagram,Family Pressure,Short,Visual,Advice,51,11617,191893,700,41,118,44,0.398,14,7.773,0.373,7.347,0.046036549883790995,Non-Viral
C04154,2026-08-26,Instagram,Dating,Short,Text,Advice,47,121387,154921,4823,379,902,206,0.503,200,5.198,0.228,5.0236,0.05462130294018305,Non-Viral
C01649,2026-08-26,Instagram,Friendship,Short,Text,List,8,165510,219883,3818,228,206,586,0.561,187,2.923,2.845,2.4415,0.0579288925140475,Non-Viral
C00012,2026-08-26,Instagram,Burnout,Short,Visual,List,47,177665,79580,10411,330,1912,513,0.493,204,7.411,0.268,7.0146,0.05528767343033237,Non-Viral
C01746,2026-08-26,Instagram,Dating,Long,Text,List,51,49773,213541,2544,124,451,225,0.438,116,6.719,0.499,6.5517,0.04960736543909349,Non-Viral
C02627,2026-08-26,Instagram,Social Anxiety,Short,Visual,Question,25,17889,153310,776,105,94,143,0.389,30,6.25,1.521,6.2245,0.044543132651349994,Non-Viral
C04317,2026-08-26,Instagram,Burnout,Short,Visual,Confession,32,84685,188597,6168,575,220,576,0.65,321,8.902,2.618,6.7999,0.06922802149140934,Viral
C01475,2026-08-26,Instagram,Career Stress,Short,Visual,List,42,134382,80194,12637,457,513,1653,0.44,454,11.356,3.222,8.8174,0.04991820333080324,Non-Viral
C01198,2026-08-27,Instagram,Friendship,Short,Visual,Confession,29,119450,236081,5379,497,1005,471,0.499,377,6.155,0.469,6.1884,0.05549313520301381,Non-Viral
C02555,2026-08-27,YouTube,Dating,Long,Visual,Advice,27,31026,113844,2411,93,300,255,0.471,92,9.859,0.85,8.8796,0.05436648617288726,Non-Viral
C00594,2026-08-27,YouTube,Dating,Short,Visual,Story,38,118341,80940,6280,431,774,370,0.479,233,6.638,0.478,5.7871,0.05232745962937612,Non-Viral
C00914,2026-08-27,Instagram,Career Stress,Short,Text,Advice,23,29418,23628,1350,137,59,77,0.62,34,5.517,1.305,4.1182,0.0643862941056496,Non-Viral
C00894,2026-08-27,Instagram,College Life,Short,Text,Question,18,113554,129986,5513,287,886,423,0.619,207,6.26,0.477,5.8924,0.06690774961692235,Viral
C04253,2026-08-27,YouTube,College Life,Long,Visual,Question,30,166373,123011,5341,694,1122,488,0.291,293,4.595,0.435,4.8406,0.03364040018512619,Non-Viral
C02690,2026-08-27,Instagram,Family Pressure,Short,Visual,Advice,21,32275,162606,2643,174,187,192,0.718,112,9.902,1.027,7.8311,0.0770006196746708,Viral
C00851,2026-08-27,Instagram,Social Anxiety,Short,Visual,Story,41,75113,224826,3457,398,252,523,0.651,236,6.164,2.075,5.4951,0.06949338063983598,Viral
C04077,2026-08-27,Instagram,Dating,Short,Visual,List,26,162282,213560,10514,538,1642,928,0.528,364,8.394,0.565,7.9159,0.05956599992605465,Non-Viral
C04089,2026-08-27,YouTube,Social Anxiety,Short,Visual,List,30,38033,148121,2353,306,161,280,0.611,42,8.151,1.739,7.0426,0.06642037967028633,Viral
C04090,2026-08-27,Instagram,Self-Doubt,Short,Visual,Advice,37,133313,245965,13711,1091,1861,1220,0.552,604,13.414,0.656,12.3881,0.06545481385911352,Non-Viral
C02230,2026-08-27,Instagram,Social Anxiety,Short,Text,List,34,19779,241993,1507,125,112,175,0.447,55,9.702,1.562,8.2259,0.05085046261186107,Non-Viral
C00141,2026-08-27,YouTube,Social Anxiety,Short,Visual,Confession,31,121110,26172,18203,826,2308,1561,0.559,651,18.907,0.676,16.833,0.06936544463710677,Viral
C02974,2026-08-27,Instagram,Career Stress,Long,Text,Confession,34,90112,244329,6969,483,757,785,0.331,200,9.981,1.037,8.9333,0.040297709517045456,Non-Viral
C03426,2026-08-27,Instagram,Dating,Short,Visual,List,35,14717,97323,586,108,37,61,0.621,17,5.382,1.649,4.6749,0.0655755724672148,Non-Viral
C01381,2026-08-27,YouTube,Dating,Short,Text,Advice,34,77089,19664,3302,335,282,728,0.537,228,6.028,2.582,5.7797,0.05883108225557473,Non-Viral
C01830,2026-08-27,YouTube,Social Anxiety,Short,Text,Story,31,143299,88848,14595,660,1379,1056,0.52,462,12.345,0.766,10.1442,0.059232081172932126,Non-Viral
C01707,2026-08-27,Instagram,Burnout,Short,Visual,List,44,172365,150847,17553,1129,2990,1266,0.564,517,13.308,0.423,12.7474,0.06739208075885475,Viral
C01676,2026-08-27,Instagram,Social Anxiety,Short,Text,List,49,124776,87066,3140,311,336,493,0.508,105,3.43,1.467,3.2302,0.053570965570301984,Non-Viral
C03270,2026-08-27,YouTube,Social Anxiety,Long,Text,Story,24,69540,58557,2044,213,472,439,0.39,71,4.556,0.93,5.2279,0.04440767903364971,Non-Viral
C03593,2026-08-28,Instagram,Family Pressure,Short,Visual,List,29,135579,96528,10711,488,1576,417,0.663,286,9.73,0.265,8.5924,0.07299351448233135,Viral
C00555,2026-08-28,Instagram,Friendship,Long,Text,Question,14,90982,27264,7290,454,721,1111,0.422,439,10.525,1.541,9.5744,0.05017795168275044,Non-Viral
C04102,2026-08-28,Instagram,College Life,Short,Visual,Advice,31,151466,117330,12292,909,2243,2030,0.627,762,11.537,0.905,12.0809,0.0742847781020163,Viral
C04123,2026-08-28,Instagram,Dating,Short,Text,Confession,37,65074,220185,4122,253,471,421,0.497,146,8.094,0.894,7.2156,0.055481110735470386,Non-Viral
C04135,2026-08-28,YouTube,Burnout,Long,Visual,Confession,64,88027,149096,7783,297,615,1281,0.502,390,11.333,2.083,9.9333,0.058215722448794124,Non-Viral
C01828,2026-08-28,YouTube,Career Stress,Short,Visual,Confession,38,13593,124169,983,138,194,168,0.567,21,10.91,0.866,11.8922,0.06835305672037079,Viral
C00772,2026-08-28,Instagram,Career Stress,Short,Visual,Advice,17,19305,126072,868,40,71,41,0.545,41,5.284,0.577,4.087,0.05710295260295261,Non-Viral
C03361,2026-08-28,Instagram,Friendship,Short,Text,Confession,37,60082,22669,5164,500,602,656,0.357,336,11.521,1.09,10.7353,0.04473265537099298,Non-Viral
C04524,2026-08-28,Instagram,Social Anxiety,Long,Visual,Advice,17,18955,130105,1736,138,231,71,0.48,30,11.48,0.307,10.0765,0.05569981535214983,Non-Viral
C03219,2026-08-28,Instagram,College Life,Short,Visual,Advice,22,81132,47016,7320,646,807,1139,0.527,155,12.217,1.411,11.4973,0.06258204407632008,Non-Viral
C03785,2026-08-28,YouTube,Career Stress,Long,Visual,Question,40,129779,234213,8739,934,1467,692,0.576,221,9.117,0.472,8.904,0.06536589432804998,Non-Viral
C01457,2026-08-28,YouTube,Social Anxiety,Short,Text,List,40,108971,228860,7361,352,1265,607,0.579,618,8.796,0.48,8.4587,0.06527948628534197,Non-Viral
C04963,2026-08-28,Instagram,Burnout,Short,Text,List,52,173154,14338,15540,1604,1297,2182,0.744,539,11.91,1.682,10.6443,0.08294066322464397,Viral
C01393,2026-08-28,Instagram,Burnout,Long,Visual,Confession,50,34571,76224,2403,66,144,111,0.488,52,7.879,0.771,5.6536,0.05192400566949178,Non-Viral
C04652,2026-08-28,YouTube,Social Anxiety,Short,Visual,Advice,38,101672,59022,8702,999,904,816,0.611,244,11.233,0.903,10.0259,0.06898270123534503,Viral
C01570,2026-08-28,Instagram,Social Anxiety,Short,Visual,Confession,42,26989,187887,1152,103,141,111,0.658,31,5.584,0.787,5.0965,0.06995724924969433,Viral
C03371,2026-08-28,Instagram,Dating,Short,Text,Question,65,150390,216104,12304,652,668,1046,0.637,413,9.755,1.566,7.4646,0.06843568721324557,Viral
C03746,2026-08-28,Instagram,Burnout,Long,Text,Story,29,133590,92578,3930,397,228,470,0.507,178,3.762,2.061,3.1323,0.05296925668088929,Non-Viral
C03748,2026-08-28,YouTube,College Life,Short,Visual,Confession,31,116237,23195,7325,367,1468,746,0.592,257,8.522,0.508,8.6969,0.06728219413783908,Viral
C03978,2026-08-28,Instagram,College Life,Long,Text,List,35,173902,158641,4836,486,319,649,0.4,220,3.617,2.034,3.1063,0.04236426263067705,Non-Viral
C01228,2026-08-28,Instagram,Burnout,Long,Text,Story,21,125387,36908,4363,286,897,561,0.486,212,4.871,0.625,5.1229,0.05350361839744153,Non-Viral
C01246,2026-08-28,YouTube,Burnout,Short,Visual,Confession,24,22352,153766,1584,77,171,252,0.636,40,9.324,1.474,8.61,0.07094162491052255,Viral
C04774,2026-08-28,Instagram,Burnout,Short,Text,List,25,129082,138492,5010,522,1205,665,0.57,162,5.734,0.552,6.3781,0.06335293844223051,Non-Viral
C03779,2026-08-28,YouTube,College Life,Short,Visual,Advice,30,60878,17064,2358,165,317,348,0.667,159,5.237,1.098,5.0486,0.07116466703899603,Viral
C01203,2026-08-28,Instagram,Burnout,Short,Visual,List,32,106176,167796,6254,297,1058,705,0.553,286,7.83,0.666,7.6821,0.062195626130198925,Non-Viral
C03404,2026-08-28,YouTube,College Life,Short,Visual,Confession,44,28036,210684,3135,231,304,267,0.498,97,14.043,0.878,11.9846,0.05877239263803681,Non-Viral
C03412,2026-08-28,Instagram,Family Pressure,Short,Text,Story,32,105169,215139,3465,418,170,411,0.42,176,4.245,2.418,3.5101,0.04449598265648623,Non-Viral
C02035,2026-08-28,Instagram,Dating,Short,Visual,Story,39,155784,55639,5458,258,1278,405,0.565,458,4.75,0.317,4.9813,0.06121999691881066,Non-Viral
C04601,2026-08-29,Instagram,Career Stress,Long,Visual,Confession,42,167475,33472,7589,907,545,647,0.482,464,5.785,1.187,4.827,0.05163573667711599,Non-Viral
C04693,2026-08-29,Instagram,College Life,Long,Text,Advice,17,132389,101609,6009,788,812,585,0.378,321,6.189,0.72,5.8861,0.04277851029919404,Non-Viral
C03534,2026-08-29,Instagram,Friendship,Long,Text,Story,39,127069,45886,5364,559,802,951,0.492,189,6.041,1.186,6.1608,0.05494530373261771,Non-Viral
C01088,2026-08-29,Instagram,Friendship,Short,Visual,Confession,31,25249,125733,1346,105,191,189,0.536,19,7.252,0.99,7.0557,0.05987351578280329,Non-Viral
C00347,2026-08-29,Instagram,Self-Doubt,Short,Visual,Question,20,119033,55034,8387,482,977,1630,0.593,514,9.641,1.668,9.3314,0.06770901262675057,Viral
C02755,2026-08-29,YouTube,Social Anxiety,Long,Visual,Question,43,74629,235292,10401,982,458,406,0.371,274,16.411,0.886,11.8714,0.04346749788956036,Non-Viral
C00265,2026-08-29,Instagram,College Life,Short,Visual,Confession,57,169102,66775,7480,1091,639,1006,0.596,609,6.041,1.574,5.5029,0.06405293373230359,Non-Viral
C01082,2026-08-29,YouTube,Dating,Long,Text,Question,44,119095,50020,6861,461,1069,1171,0.424,130,8.029,1.095,8.1204,0.04996958730425291,Non-Viral
C04266,2026-08-29,Instagram,Dating,Short,Text,List,47,173978,207877,8099,834,731,1499,0.474,599,6.416,2.051,6.0304,0.05259462230856775,Non-Viral
C04993,2026-08-29,YouTube,Social Anxiety,Short,Text,Question,37,111732,104006,8251,514,439,616,0.528,475,8.789,1.403,6.6637,0.05691207174309956,Non-Viral
C02039,2026-08-29,Instagram,Social Anxiety,Long,Visual,Story,28,27578,184817,2478,170,204,304,0.486,61,11.444,1.49,9.8412,0.05616037421132787,Non-Viral
C01962,2026-08-29,Instagram,Social Anxiety,Short,Text,Advice,54,150932,210916,5503,593,589,628,0.581,76,4.845,1.066,4.4152,0.061693671322184826,Non-Viral
C04792,2026-08-29,Instagram,Family Pressure,Long,Text,Question,9,17603,196519,885,54,130,92,0.528,39,6.595,0.708,6.2347,0.05815136056354031,Non-Viral
C02376,2026-08-29,Instagram,Career Stress,Short,Text,Advice,28,14704,101602,684,44,41,47,0.517,11,5.55,1.146,4.2505,0.05436254080522307,Non-Viral
C02803,2026-08-29,YouTube,Friendship,Short,Visual,Advice,42,176566,195162,7952,785,525,776,0.586,196,5.685,1.478,4.6897,0.06192340314669868,Non-Viral
C02379,2026-08-29,Instagram,Social Anxiety,Long,Text,List,24,46450,82357,1891,183,311,244,0.513,56,5.66,0.785,5.6857,0.05647976318622175,Non-Viral
C04521,2026-08-29,YouTube,Self-Doubt,Short,Visual,Story,46,149331,141687,7169,866,1834,966,0.495,570,7.256,0.527,8.2485,0.057837183839926073,Non-Viral
C03149,2026-08-29,Instagram,Dating,Short,Text,Advice,36,89160,153867,4745,289,195,249,0.315,92,6.144,1.277,4.3618,0.03380820995962315,Non-Viral
C04718,2026-08-29,YouTube,Self-Doubt,Long,Text,Confession,41,106800,245083,4629,638,295,782,0.343,278,5.94,2.651,5.3563,0.038635674157303374,Non-Viral
C03726,2026-08-29,Instagram,Burnout,Long,Text,Story,52,51969,183179,1397,119,196,205,0.473,24,3.689,1.046,3.6079,0.05052403740691566,Non-Viral
C01747,2026-08-29,YouTube,College Life,Short,Visual,Confession,11,52003,165570,3552,365,518,247,0.522,112,9.003,0.477,8.4062,0.05916017537449763,Non-Viral
C02653,2026-08-29,Instagram,Social Anxiety,Short,Visual,Advice,41,171576,59113,23546,2619,1517,2874,0.595,1215,17.809,1.895,15.1539,0.07079353755770038,Viral
C01422,2026-08-30,YouTube,Friendship,Short,Text,Advice,50,174973,158538,12569,341,520,704,0.577,705,8.078,1.354,5.5803,0.06053672338017866,Non-Viral
C01626,2026-08-30,Instagram,Social Anxiety,Short,Text,Question,34,75968,97773,3062,163,554,550,0.535,159,5.698,0.993,5.9729,0.05927545808761584,Non-Viral
C01559,2026-08-30,Instagram,Family Pressure,Long,Visual,Confession,21,87715,165912,2535,188,308,271,0.506,67,3.764,0.88,3.4378,0.05342847859545118,Non-Viral
C01620,2026-08-30,Instagram,College Life,Short,Text,Question,24,124643,220236,9394,845,1203,664,0.488,202,9.713,0.552,8.7462,0.05575827282719447,Non-Viral
C00356,2026-08-30,YouTube,College Life,Long,Visual,Advice,37,63595,235272,4057,245,273,389,0.54,168,7.806,1.425,6.2788,0.05834468118562781,Non-Viral
C00511,2026-08-30,Instagram,Social Anxiety,Short,Visual,Story,39,168319,44831,18661,2199,1728,767,0.661,811,13.875,0.444,11.4942,0.07404651821838296,Viral
C04622,2026-08-30,Instagram,Career Stress,Short,Text,Confession,34,155561,25211,4242,565,600,885,0.623,138,4.045,1.475,4.2032,0.06628718187720573,Non-Viral
C00145,2026-08-30,Instagram,Self-Doubt,Short,Visual,Confession,15,117929,125321,7775,863,1098,1227,0.483,599,9.296,1.117,9.2683,0.056708873135530705,Non-Viral
C02617,2026-08-30,Instagram,Career Stress,Short,Text,Story,29,18036,189744,1218,155,89,203,0.528,59,9.232,2.281,8.3971,0.05968622754491019,Non-Viral
C03279,2026-08-30,YouTube,College Life,Short,Visual,Story,16,150872,75820,9028,1450,1692,1755,0.568,271,9.23,1.037,10.1245,0.06677799459144175,Viral
C02046,2026-08-30,Instagram,College Life,Long,Text,Question,27,133946,77187,6635,530,533,556,0.443,305,6.162,1.043,5.0942,0.04792944768787422,Non-Viral
C04296,2026-08-30,Instagram,Self-Doubt,Long,Visual,Question,45,22842,191968,942,86,174,150,0.586,69,5.919,0.862,6.2254,0.06456270028894143,Non-Viral
C03175,2026-08-30,Instagram,Self-Doubt,Short,Visual,Confession,40,116470,149671,13177,549,1848,570,0.608,391,13.861,0.308,12.1027,0.07011527431956727,Viral
C03724,2026-08-30,Instagram,Friendship,Long,Text,Advice,34,50218,84332,3840,182,439,134,0.546,163,9.15,0.305,7.5232,0.05987798797244017,Non-Viral
C01056,2026-08-30,YouTube,Burnout,Long,Text,Question,44,80415,136059,6012,370,1000,659,0.438,131,9.999,0.659,9.7979,0.05254463719455326,Non-Viral
C01998,2026-08-30,Instagram,Self-Doubt,Short,Text,Advice,30,106790,185325,3720,233,870,561,0.542,121,5.042,0.645,5.5637,0.05976934169866093,Non-Viral
C02768,2026-08-30,YouTube,Social Anxiety,Short,Text,Question,20,121525,143231,13054,1398,788,1667,0.536,197,13.912,2.115,11.7852,0.0623586916272372,Non-Viral
C02260,2026-08-30,YouTube,Family Pressure,Long,Text,Question,54,38856,30377,1055,130,99,156,0.486,29,3.706,1.576,3.4268,0.05145284126003706,Non-Viral
C03238,2026-08-30,YouTube,Self-Doubt,Short,Text,Confession,39,74213,185131,3354,307,182,490,0.526,208,5.839,2.692,4.9365,0.05630487650411654,Non-Viral
C02956,2026-08-30,Instagram,College Life,Short,Visual,Question,21,160797,179317,10899,960,505,1563,0.573,367,8.661,3.095,7.1708,0.06252491091251702,Non-Viral
C04216,2026-08-30,YouTube,Self-Doubt,Short,Text,Question,40,27602,143372,2348,245,382,116,0.515,77,11.198,0.304,10.5771,0.060320013042533156,Non-Viral
C01117,2026-08-30,Instagram,College Life,Short,Visual,Confession,46,113032,146296,5286,447,1232,752,0.643,142,6.827,0.61,7.5319,0.07179389553400808,Viral
C03158,2026-08-30,YouTube,Social Anxiety,Short,Text,Confession,34,168415,209268,6769,271,1013,421,0.556,170,5.032,0.416,4.5554,0.05929800789715881,Non-Viral
C00401,2026-08-31,Instagram,College Life,Long,Visual,List,46,173450,183916,3707,526,523,554,0.484,308,3.061,1.059,3.0669,0.051169962525223406,Non-Viral
C04882,2026-08-31,Instagram,College Life,Long,Visual,Question,56,93191,237772,4124,709,585,1005,0.389,376,6.892,1.718,7.394,0.04610133918511445,Non-Viral
C02520,2026-08-31,Instagram,Dating,Short,Text,Story,39,31940,165157,1300,153,136,83,0.543,28,5.235,0.61,4.5507,0.05771421415153413,Non-Viral
C01169,2026-08-31,Instagram,Family Pressure,Long,Visual,List,32,103104,162997,3127,557,468,506,0.54,240,4.518,1.081,4.67,0.05832524441340783,Non-Viral
C03122,2026-08-31,Instagram,Family Pressure,Short,Visual,Story,25,80769,188926,5452,573,979,984,0.679,409,9.89,1.005,10.5121,0.0780734576384504,Viral
C02173,2026-08-31,Instagram,Friendship,Short,Visual,Advice,37,74555,219425,4972,816,1066,800,0.641,395,10.266,0.75,11.4117,0.07539501710146872,Viral
C02218,2026-08-31,Instagram,Career Stress,Short,Text,List,44,157084,138480,9683,757,1312,485,0.451,362,7.79,0.37,6.9281,0.050507616307198695,Non-Viral
C04503,2026-08-31,Instagram,College Life,Short,Text,Story,53,146931,186546,12130,591,1426,817,0.502,727,10.184,0.573,8.7548,0.056838830471445785,Non-Viral
C00691,2026-08-31,Instagram,Social Anxiety,Long,Visual,Confession,26,163618,187425,11124,472,1052,1659,0.544,226,8.744,1.577,7.7889,0.06076788128445526,Non-Viral
C04422,2026-08-31,YouTube,Family Pressure,Short,Text,Story,42,75886,225788,3374,238,348,566,0.585,205,5.964,1.626,5.561,0.06327163113090688,Non-Viral
C01336,2026-08-31,Instagram,College Life,Short,Visual,Advice,18,142118,76726,7895,797,1022,303,0.525,463,7.048,0.296,6.2026,0.057216855007810416,Non-Viral
C03649,2026-08-31,YouTube,College Life,Short,Visual,Advice,36,134391,227234,12362,663,1856,1449,0.622,452,12.151,0.781,11.6388,0.07238929839051722,Viral
C03207,2026-08-31,YouTube,Career Stress,Short,Text,Story,43,120020,9097,9852,1138,1985,383,0.465,529,11.13,0.193,11.1265,0.05632211298116981,Non-Viral
C02262,2026-08-31,Instagram,Self-Doubt,Short,Visual,Advice,28,113963,30180,3760,227,383,401,0.651,153,4.186,1.047,3.6604,0.06796671990031852,Viral
C01346,2026-08-31,Instagram,Self-Doubt,Short,Visual,Advice,63,146941,127037,11401,1221,1809,622,0.561,320,10.244,0.344,9.6658,0.06415629470331631,Non-Viral
C03621,2026-08-31,Instagram,Family Pressure,Short,Visual,Story,46,31864,25687,2278,307,272,281,0.413,193,9.848,1.033,9.3444,0.04923214913381874,Non-Viral
C00820,2026-08-31,Instagram,Career Stress,Short,Text,Story,8,147549,117724,5917,641,236,195,0.596,187,4.737,0.826,3.4009,0.061367887278124554,Non-Viral
C00810,2026-08-31,Instagram,College Life,Long,Visual,Story,16,163702,169252,10633,940,1379,433,0.501,611,8.176,0.314,7.1652,0.05554556572308219,Non-Viral
C03712,2026-08-31,YouTube,Career Stress,Short,Visual,Advice,53,91653,118215,3121,372,292,186,0.681,59,4.333,0.637,3.6731,0.07075130437628883,Viral
C00161,2026-08-31,YouTube,Dating,Short,Visual,Story,40,7165,201378,833,32,115,49,0.394,31,14.361,0.426,12.6657,0.049344173063503145,Non-Viral
